subject,label,label_id,scenario,repetition,original_samples,duration_seconds,path,fold_test_subject,validation_subject,true_label,predicted_label,probability_ADL,probability_Near_Fall,probability_Fall
sub1,ADL,0,AS,1,1921,15.0,D:\00-FLagship Project\SFU-IMU Dataset\IMU Dataset\sub1\ADLs\AXR_AS_trial1.xlsx,sub1,sub2,ADL,ADL,0.9995932,0.0004068643,4.1334733e-08
sub1,ADL,0,AS,2,2561,20.0,D:\00-FLagship Project\SFU-IMU Dataset\IMU Dataset\sub1\ADLs\AXR_AS_trial2.xlsx,sub1,sub2,ADL,ADL,0.99955684,0.00044305323,1.427453e-07
sub1,ADL,0,AS,3,2561,20.0,D:\00-FLagship Project\SFU-IMU Dataset\IMU Dataset\sub1\ADLs\AXR_AS_trial3.xlsx,sub1,sub2,ADL,ADL,0.999869,0.00013098383,3.5867235e-08
sub1,ADL,0,DS,1,2561,20.0,D:\00-FLagship Project\SFU-IMU Dataset\IMU Dataset\sub1\ADLs\AXR_DS_trial1.xlsx,sub1,sub2,ADL,ADL,0.9999976,4.831772e-07,1.963914e-06
sub1,ADL,0,DS,2,2562,20.00781,D:\00-FLagship Project\SFU-IMU Dataset\IMU Dataset\sub1\ADLs\AXR_DS_trial2.xlsx,sub1,sub2,ADL,ADL,0.99999964,3.7499552e-07,1.6148464e-08
sub1,ADL,0,DS,3,2561,20.0,D:\00-FLagship Project\SFU-IMU Dataset\IMU Dataset\sub1\ADLs\AXR_DS_trial3.xlsx,sub1,sub2,ADL,ADL,1.0,1.9529852e-08,2.75561e-09
sub1,ADL,0,DSL,1,1921,15.0,D:\00-FLagship Project\SFU-IMU Dataset\IMU Dataset\sub1\ADLs\JXL_DSL_trial1.xlsx,sub1,sub2,ADL,ADL,0.99983525,1.2591261e-16,0.00016471265
sub1,ADL,0,DSL,2,1921,15.0,D:\00-FLagship Project\SFU-IMU Dataset\IMU Dataset\sub1\ADLs\JXL_DSL_trial2.xlsx,sub1,sub2,ADL,ADL,0.9999478,2.1607084e-16,5.2166426e-05
sub1,ADL,0,DSL,3,1921,15.0,D:\00-FLagship Project\SFU-IMU Dataset\IMU Dataset\sub1\ADLs\JXL_DSL_trial3.xlsx,sub1,sub2,ADL,ADL,0.9999995,1.1533809e-12,4.4025933e-07
sub1,ADL,0,DSS,1,1921,15.0,D:\00-FLagship Project\SFU-IMU Dataset\IMU Dataset\sub1\ADLs\JXL_DSS_trial1.xlsx,sub1,sub2,ADL,ADL,0.99659735,0.0033951972,7.479542e-06
sub1,ADL,0,DSS,2,1921,15.0,D:\00-FLagship Project\SFU-IMU Dataset\IMU Dataset\sub1\ADLs\JXL_DSS_trial2.xlsx,sub1,sub2,ADL,ADL,0.9968004,0.0031969494,2.618459e-06
sub1,ADL,0,DSS,3,1921,15.0,D:\00-FLagship Project\SFU-IMU Dataset\IMU Dataset\sub1\ADLs\JXL_DSS_trial3.xlsx,sub1,sub2,ADL,ADL,0.9837325,0.016240636,2.6829703e-05
sub1,ADL,0,NW,1,1921,15.0,D:\00-FLagship Project\SFU-IMU Dataset\IMU Dataset\sub1\ADLs\JXL_NW_trial1.xlsx,sub1,sub2,ADL,ADL,0.97853124,0.02140408,6.464427e-05
sub1,ADL,0,NW,2,1921,15.0,D:\00-FLagship Project\SFU-IMU Dataset\IMU Dataset\sub1\ADLs\JXL_NW_trial2.xlsx,sub1,sub2,ADL,ADL,0.9868075,0.013137922,5.463562e-05
sub1,ADL,0,NW,3,1921,15.0,D:\00-FLagship Project\SFU-IMU Dataset\IMU Dataset\sub1\ADLs\JXL_NW_trial3.xlsx,sub1,sub2,ADL,ADL,0.98911333,0.010813886,7.27643e-05
sub1,ADL,0,POG,1,1921,15.0,D:\00-FLagship Project\SFU-IMU Dataset\IMU Dataset\sub1\ADLs\JXL_POG_trial1.xlsx,sub1,sub2,ADL,ADL,0.9906549,0.009337852,7.3554966e-06
sub1,ADL,0,POG,2,1921,15.0,D:\00-FLagship Project\SFU-IMU Dataset\IMU Dataset\sub1\ADLs\JXL_POG_trial2.xlsx,sub1,sub2,ADL,ADL,0.9979114,0.002084159,4.363617e-06
sub1,ADL,0,POG,3,1921,15.0,D:\00-FLagship Project\SFU-IMU Dataset\IMU Dataset\sub1\ADLs\JXL_POG_trial3.xlsx,sub1,sub2,ADL,ADL,0.9975439,0.002452742,3.3396245e-06
sub1,ADL,0,RSS,1,1921,15.0,D:\00-FLagship Project\SFU-IMU Dataset\IMU Dataset\sub1\ADLs\JXL_RSS_trial1.xlsx,sub1,sub2,ADL,ADL,0.9911417,0.008723169,0.00013513077
sub1,ADL,0,RSS,2,1921,15.0,D:\00-FLagship Project\SFU-IMU Dataset\IMU Dataset\sub1\ADLs\JXL_RSS_trial2.xlsx,sub1,sub2,ADL,ADL,0.9834763,0.01628169,0.00024209286
sub1,ADL,0,RSS,3,1921,15.0,D:\00-FLagship Project\SFU-IMU Dataset\IMU Dataset\sub1\ADLs\JXL_RSS_trial3.xlsx,sub1,sub2,ADL,ADL,0.98593265,0.013961218,0.00010614749
sub1,ADL,0,SQ,1,1921,15.0,D:\00-FLagship Project\SFU-IMU Dataset\IMU Dataset\sub1\ADLs\JXL_SQ_trial1.xlsx,sub1,sub2,ADL,ADL,0.98541623,0.014106735,0.00047707904
sub1,ADL,0,SQ,2,1921,15.0,D:\00-FLagship Project\SFU-IMU Dataset\IMU Dataset\sub1\ADLs\JXL_SQ_trial2.xlsx,sub1,sub2,ADL,ADL,0.9855708,0.013929415,0.0004997543
sub1,ADL,0,SQ,3,1921,15.0,D:\00-FLagship Project\SFU-IMU Dataset\IMU Dataset\sub1\ADLs\JXL_SQ_trial3.xlsx,sub1,sub2,ADL,ADL,0.98007697,0.019440303,0.0004827216
sub1,Fall,2,ITCS,1,1921,15.0,D:\00-FLagship Project\SFU-IMU Dataset\IMU Dataset\sub1\Falls\AXR_ITCS_trial1.xlsx,sub1,sub2,Fall,Fall,7.586916e-19,0.0023785539,0.9976215
sub1,Fall,2,ITCS,3,1921,15.0,D:\00-FLagship Project\SFU-IMU Dataset\IMU Dataset\sub1\Falls\AXR_ITCS_trial3.xlsx,sub1,sub2,Fall,Fall,3.175048e-12,0.0003489078,0.9996511
sub1,Fall,2,ITCS,4,1921,15.0,D:\00-FLagship Project\SFU-IMU Dataset\IMU Dataset\sub1\Falls\AXR_ITCS_trial4.xlsx,sub1,sub2,Fall,Fall,5.4051516e-20,1.02100586e-07,0.9999999
sub1,Fall,2,slip,1,1921,15.0,D:\00-FLagship Project\SFU-IMU Dataset\IMU Dataset\sub1\Falls\AXR_slip_trial1.xlsx,sub1,sub2,Fall,Fall,2.1315512e-20,0.027536105,0.9724639
sub1,Fall,2,slip,2,1921,15.0,D:\00-FLagship Project\SFU-IMU Dataset\IMU Dataset\sub1\Falls\AXR_slip_trial2.xlsx,sub1,sub2,Fall,Fall,1.5231924e-12,3.156e-11,1.0
sub1,Fall,2,slip,6,1922,15.00781,D:\00-FLagship Project\SFU-IMU Dataset\IMU Dataset\sub1\Falls\AXR_slip_trial6.xlsx,sub1,sub2,Fall,Fall,6.801702e-07,8.708374e-26,0.9999993
sub1,Fall,2,HB,2,1921,15.0,D:\00-FLagship Project\SFU-IMU Dataset\IMU Dataset\sub1\Falls\JXL_HB_trial2.xlsx,sub1,sub2,Fall,Fall,6.654681e-16,5.926073e-15,1.0
sub1,Fall,2,HB,3,1921,15.0,D:\00-FLagship Project\SFU-IMU Dataset\IMU Dataset\sub1\Falls\JXL_HB_trial3.xlsx,sub1,sub2,Fall,Fall,1.2977339e-16,7.7677855e-09,1.0
sub1,Fall,2,HB,4,1921,15.0,D:\00-FLagship Project\SFU-IMU Dataset\IMU Dataset\sub1\Falls\JXL_HB_trial4.xlsx,sub1,sub2,Fall,Fall,9.0719895e-17,2.4685825e-16,1.0
sub1,Fall,2,ITDS,1,1921,15.0,D:\00-FLagship Project\SFU-IMU Dataset\IMU Dataset\sub1\Falls\JXL_ITDS_trial1.xlsx,sub1,sub2,Fall,Fall,4.708438e-08,3.8179674e-22,1.0
sub1,Fall,2,ITDS,2,1921,15.0,D:\00-FLagship Project\SFU-IMU Dataset\IMU Dataset\sub1\Falls\JXL_ITDS_trial2.xlsx,sub1,sub2,Fall,Fall,6.1516985e-08,6.323588e-17,0.9999999
sub1,Fall,2,ITDS,3,1921,15.0,D:\00-FLagship Project\SFU-IMU Dataset\IMU Dataset\sub1\Falls\JXL_ITDS_trial3.xlsx,sub1,sub2,Fall,Fall,4.6067507e-12,7.801335e-11,1.0
sub1,Fall,2,ITRS,1,1921,15.0,D:\00-FLagship Project\SFU-IMU Dataset\IMU Dataset\sub1\Falls\JXL_ITRS_trial1.xlsx,sub1,sub2,Fall,Fall,5.0274184e-22,4.0255824e-08,1.0
sub1,Fall,2,ITRS,2,1922,15.00781,D:\00-FLagship Project\SFU-IMU Dataset\IMU Dataset\sub1\Falls\JXL_ITRS_trial2.xlsx,sub1,sub2,Fall,Fall,4.2195343e-21,0.021748032,0.97825193
sub1,Fall,2,ITRS,4,1921,15.0,D:\00-FLagship Project\SFU-IMU Dataset\IMU Dataset\sub1\Falls\JXL_ITRS_trial4.xlsx,sub1,sub2,Fall,Fall,3.107453e-23,6.549049e-07,0.9999994
sub1,Fall,2,LCC,1,1921,15.0,D:\00-FLagship Project\SFU-IMU Dataset\IMU Dataset\sub1\Falls\JXL_LCC_trial1.xlsx,sub1,sub2,Fall,Fall,4.3209814e-14,5.97509e-12,1.0
sub1,Fall,2,LCC,2,1921,15.0,D:\00-FLagship Project\SFU-IMU Dataset\IMU Dataset\sub1\Falls\JXL_LCC_trial2.xlsx,sub1,sub2,Fall,Fall,1.3630357e-05,1.3910469e-08,0.9999864
sub1,Fall,2,LCC,3,1921,15.0,D:\00-FLagship Project\SFU-IMU Dataset\IMU Dataset\sub1\Falls\JXL_LCC_trial3.xlsx,sub1,sub2,Fall,ADL,0.5807142,5.6081996e-07,0.41928524
sub1,Fall,2,trip,1,1921,15.0,D:\00-FLagship Project\SFU-IMU Dataset\IMU Dataset\sub1\Falls\JXL_trip_trial1.xlsx,sub1,sub2,Fall,Fall,4.7973768e-23,1.02670764e-20,1.0
sub1,Fall,2,trip,2,1921,15.0,D:\00-FLagship Project\SFU-IMU Dataset\IMU Dataset\sub1\Falls\JXL_trip_trial2.xlsx,sub1,sub2,Fall,Fall,1.4703493e-19,9.803806e-14,1.0
sub1,Fall,2,trip,4,1921,15.0,D:\00-FLagship Project\SFU-IMU Dataset\IMU Dataset\sub1\Falls\JXL_trip_trial4.xlsx,sub1,sub2,Fall,Fall,2.716378e-28,1.5562633e-11,1.0
sub1,Near_Fall,1,ITCS,2,1921,15.0,D:\00-FLagship Project\SFU-IMU Dataset\IMU Dataset\sub1\Near_Falls\AXR_ITCS_trial2.xlsx,sub1,sub2,Near_Fall,Near_Fall,0.044388358,0.9482479,0.0073637473
sub1,Near_Fall,1,ITCS,5,1921,15.0,D:\00-FLagship Project\SFU-IMU Dataset\IMU Dataset\sub1\Near_Falls\AXR_ITCS_trial5.xlsx,sub1,sub2,Near_Fall,ADL,0.9885179,0.011473911,8.238618e-06
sub1,Near_Fall,1,ITCS,6,1921,15.0,D:\00-FLagship Project\SFU-IMU Dataset\IMU Dataset\sub1\Near_Falls\AXR_ITCS_trial6.xlsx,sub1,sub2,Near_Fall,ADL,0.93782675,0.061971813,0.00020144931
sub1,Near_Fall,1,slip,3,1921,15.0,D:\00-FLagship Project\SFU-IMU Dataset\IMU Dataset\sub1\Near_Falls\AXR_slip_trial3.xlsx,sub1,sub2,Near_Fall,Near_Fall,0.00058478175,0.9731392,0.026275964
sub1,Near_Fall,1,slip,4,1921,15.0,D:\00-FLagship Project\SFU-IMU Dataset\IMU Dataset\sub1\Near_Falls\AXR_slip_trial4.xlsx,sub1,sub2,Near_Fall,Near_Fall,2.2233336e-07,0.6940868,0.30591294
sub1,Near_Fall,1,slip,5,1921,15.0,D:\00-FLagship Project\SFU-IMU Dataset\IMU Dataset\sub1\Near_Falls\AXR_slip_trial5.xlsx,sub1,sub2,Near_Fall,Near_Fall,0.15254022,0.83462137,0.012838398
sub1,Near_Fall,1,HB,1,1921,15.0,D:\00-FLagship Project\SFU-IMU Dataset\IMU Dataset\sub1\Near_Falls\JXL_HB_trial1.xlsx,sub1,sub2,Near_Fall,ADL,0.9702489,0.02963219,0.000118845055
sub1,Near_Fall,1,HB,5,1921,15.0,D:\00-FLagship Project\SFU-IMU Dataset\IMU Dataset\sub1\Near_Falls\JXL_HB_trial5.xlsx,sub1,sub2,Near_Fall,Near_Fall,3.2717313e-13,0.9894041,0.010595898
sub1,Near_Fall,1,HB,6,1921,15.0,D:\00-FLagship Project\SFU-IMU Dataset\IMU Dataset\sub1\Near_Falls\JXL_HB_trial6.xlsx,sub1,sub2,Near_Fall,ADL,0.8367193,0.16230775,0.000972903
sub1,Near_Fall,1,ITRS,3,1921,15.0,D:\00-FLagship Project\SFU-IMU Dataset\IMU Dataset\sub1\Near_Falls\JXL_ITRS_trial3.xlsx,sub1,sub2,Near_Fall,ADL,0.6084424,0.39154446,1.3065716e-05
sub1,Near_Fall,1,ITRS,5,1921,15.0,D:\00-FLagship Project\SFU-IMU Dataset\IMU Dataset\sub1\Near_Falls\JXL_ITRS_trial5.xlsx,sub1,sub2,Near_Fall,Near_Fall,1.1575449e-05,0.9999882,1.8873517e-07
sub1,Near_Fall,1,ITRS,6,1921,15.0,D:\00-FLagship Project\SFU-IMU Dataset\IMU Dataset\sub1\Near_Falls\JXL_ITRS_trial6.xlsx,sub1,sub2,Near_Fall,Near_Fall,5.7145886e-08,0.99999964,2.4946496e-07
sub1,Near_Fall,1,trip,3,1921,15.0,D:\00-FLagship Project\SFU-IMU Dataset\IMU Dataset\sub1\Near_Falls\JXL_trip_trial3.xlsx,sub1,sub2,Near_Fall,Fall,8.4815316e-10,0.046896957,0.95310307
sub1,Near_Fall,1,trip,5,1921,15.0,D:\00-FLagship Project\SFU-IMU Dataset\IMU Dataset\sub1\Near_Falls\JXL_trip_trial5.xlsx,sub1,sub2,Near_Fall,Near_Fall,0.10017811,0.89609337,0.0037284966
sub1,Near_Fall,1,trip,6,1921,15.0,D:\00-FLagship Project\SFU-IMU Dataset\IMU Dataset\sub1\Near_Falls\JXL_trip_trial6.xlsx,sub1,sub2,Near_Fall,ADL,0.9531244,0.04677078,0.00010481458
sub2,ADL,0,AS,1,2561,20.0,D:\00-FLagship Project\SFU-IMU Dataset\IMU Dataset\sub2\ADLs\TXI_AS_trial1.xlsx,sub2,sub3,ADL,ADL,0.58274907,0.34687522,0.070375726
sub2,ADL,0,AS,2,2561,20.0,D:\00-FLagship Project\SFU-IMU Dataset\IMU Dataset\sub2\ADLs\TXI_AS_trial2.xlsx,sub2,sub3,ADL,ADL,0.54381233,0.38828906,0.06789863
sub2,ADL,0,AS,3,2561,20.0,D:\00-FLagship Project\SFU-IMU Dataset\IMU Dataset\sub2\ADLs\TXI_AS_trial3.xlsx,sub2,sub3,ADL,ADL,0.5159033,0.4245473,0.059549395
sub2,ADL,0,DS,1,2561,20.0,D:\00-FLagship Project\SFU-IMU Dataset\IMU Dataset\sub2\ADLs\TXI_DS_trial1.xlsx,sub2,sub3,ADL,Near_Fall,0.44766676,0.50027674,0.052056525
sub2,ADL,0,DS,2,2561,20.0,D:\00-FLagship Project\SFU-IMU Dataset\IMU Dataset\sub2\ADLs\TXI_DS_trial2.xlsx,sub2,sub3,ADL,Near_Fall,0.37946162,0.5594108,0.06112754
sub2,ADL,0,DS,3,2561,20.0,D:\00-FLagship Project\SFU-IMU Dataset\IMU Dataset\sub2\ADLs\TXI_DS_trial3.xlsx,sub2,sub3,ADL,ADL,0.5788808,0.3832482,0.037870985
sub2,ADL,0,DSL,1,1921,15.0,D:\00-FLagship Project\SFU-IMU Dataset\IMU Dataset\sub2\ADLs\TXI_DSL_trial1.xlsx,sub2,sub3,ADL,ADL,0.62103117,0.0003465591,0.3786222
sub2,ADL,0,DSL,2,1922,15.00781,D:\00-FLagship Project\SFU-IMU Dataset\IMU Dataset\sub2\ADLs\TXI_DSL_trial2.xlsx,sub2,sub3,ADL,Fall,0.4728833,0.00022049522,0.5268963
sub2,ADL,0,DSL,3,1921,15.0,D:\00-FLagship Project\SFU-IMU Dataset\IMU Dataset\sub2\ADLs\TXI_DSL_trial3.xlsx,sub2,sub3,ADL,ADL,0.5567732,0.00082970713,0.44239706
sub2,ADL,0,DSS,1,1921,15.0,D:\00-FLagship Project\SFU-IMU Dataset\IMU Dataset\sub2\ADLs\TXI_DSS_trial1.xlsx,sub2,sub3,ADL,ADL,0.7862065,0.18350297,0.030290585
sub2,ADL,0,DSS,2,1921,15.0,D:\00-FLagship Project\SFU-IMU Dataset\IMU Dataset\sub2\ADLs\TXI_DSS_trial2.xlsx,sub2,sub3,ADL,ADL,0.75917214,0.20825389,0.032573942
sub2,ADL,0,DSS,3,1921,15.0,D:\00-FLagship Project\SFU-IMU Dataset\IMU Dataset\sub2\ADLs\TXI_DSS_trial3.xlsx,sub2,sub3,ADL,ADL,0.76151407,0.20058352,0.03790247
sub2,ADL,0,NW,1,1921,15.0,D:\00-FLagship Project\SFU-IMU Dataset\IMU Dataset\sub2\ADLs\TXI_NW_trial1.xlsx,sub2,sub3,ADL,ADL,0.79764366,0.15949143,0.04286491
sub2,ADL,0,NW,2,1921,15.0,D:\00-FLagship Project\SFU-IMU Dataset\IMU Dataset\sub2\ADLs\TXI_NW_trial2.xlsx,sub2,sub3,ADL,ADL,0.7249716,0.22829191,0.046736445
sub2,ADL,0,NW,3,1921,15.0,D:\00-FLagship Project\SFU-IMU Dataset\IMU Dataset\sub2\ADLs\TXI_NW_trial3.xlsx,sub2,sub3,ADL,ADL,0.7390323,0.21253066,0.04843702
sub2,ADL,0,POG,1,1921,15.0,D:\00-FLagship Project\SFU-IMU Dataset\IMU Dataset\sub2\ADLs\TXI_POG_trial1.xlsx,sub2,sub3,ADL,ADL,0.6199257,0.33229783,0.047776505
sub2,ADL,0,POG,2,1921,15.0,D:\00-FLagship Project\SFU-IMU Dataset\IMU Dataset\sub2\ADLs\TXI_POG_trial2.xlsx,sub2,sub3,ADL,ADL,0.6621993,0.29464695,0.043153737
sub2,ADL,0,POG,3,1921,15.0,D:\00-FLagship Project\SFU-IMU Dataset\IMU Dataset\sub2\ADLs\TXI_POG_trial3.xlsx,sub2,sub3,ADL,ADL,0.74982077,0.21240008,0.037779145
sub2,ADL,0,RSS,1,1921,15.0,D:\00-FLagship Project\SFU-IMU Dataset\IMU Dataset\sub2\ADLs\TXI_RSS_trial1.xlsx,sub2,sub3,ADL,ADL,0.77620274,0.18794401,0.03585321
sub2,ADL,0,RSS,2,1921,15.0,D:\00-FLagship Project\SFU-IMU Dataset\IMU Dataset\sub2\ADLs\TXI_RSS_trial2.xlsx,sub2,sub3,ADL,ADL,0.7651802,0.20236044,0.032459382
sub2,ADL,0,RSS,3,1921,15.0,D:\00-FLagship Project\SFU-IMU Dataset\IMU Dataset\sub2\ADLs\TXI_RSS_trial3.xlsx,sub2,sub3,ADL,ADL,0.78785634,0.18220007,0.029943617
sub2,ADL,0,SQ,1,1922,15.00781,D:\00-FLagship Project\SFU-IMU Dataset\IMU Dataset\sub2\ADLs\TXI_SQ_trial1.xlsx,sub2,sub3,ADL,ADL,0.8156631,0.13852425,0.045812666
sub2,ADL,0,SQ,2,1921,15.0,D:\00-FLagship Project\SFU-IMU Dataset\IMU Dataset\sub2\ADLs\TXI_SQ_trial2.xlsx,sub2,sub3,ADL,ADL,0.8150156,0.13764574,0.047338597
sub2,ADL,0,SQ,3,1921,15.0,D:\00-FLagship Project\SFU-IMU Dataset\IMU Dataset\sub2\ADLs\TXI_SQ_trial3.xlsx,sub2,sub3,ADL,ADL,0.8310806,0.12940934,0.039510015
sub2,Fall,2,CS,1,1921,15.0,D:\00-FLagship Project\SFU-IMU Dataset\IMU Dataset\sub2\Falls\TXI_CS_trial1.xlsx,sub2,sub3,Fall,ADL,0.72289854,0.14295892,0.1341425
sub2,Fall,2,CS,4,1921,15.0,D:\00-FLagship Project\SFU-IMU Dataset\IMU Dataset\sub2\Falls\TXI_CS_trial4.xlsx,sub2,sub3,Fall,ADL,0.7413098,0.0076416098,0.25104856
sub2,Fall,2,CS,5,1921,15.0,D:\00-FLagship Project\SFU-IMU Dataset\IMU Dataset\sub2\Falls\TXI_CS_trial5.xlsx,sub2,sub3,Fall,ADL,0.6308954,0.00571736,0.36338735
sub2,Fall,2,HB,1,1921,15.0,D:\00-FLagship Project\SFU-IMU Dataset\IMU Dataset\sub2\Falls\TXI_HB_trial1.xlsx,sub2,sub3,Fall,Fall,0.101940215,0.0028535957,0.89520615
sub2,Fall,2,HB,2,1921,15.0,D:\00-FLagship Project\SFU-IMU Dataset\IMU Dataset\sub2\Falls\TXI_HB_trial2.xlsx,sub2,sub3,Fall,Fall,0.08536352,5.901814e-05,0.9145775
sub2,Fall,2,HB,4,1921,15.0,D:\00-FLagship Project\SFU-IMU Dataset\IMU Dataset\sub2\Falls\TXI_HB_trial4.xlsx,sub2,sub3,Fall,Fall,0.0051635457,0.014781754,0.98005474
sub2,Fall,2,ITDS,1,1922,15.00781,D:\00-FLagship Project\SFU-IMU Dataset\IMU Dataset\sub2\Falls\TXI_ITDS_trial1.xlsx,sub2,sub3,Fall,ADL,0.66633046,8.109321e-05,0.33358848
sub2,Fall,2,ITDS,2,1921,15.0,D:\00-FLagship Project\SFU-IMU Dataset\IMU Dataset\sub2\Falls\TXI_ITDS_trial2.xlsx,sub2,sub3,Fall,ADL,0.5085535,6.750996e-05,0.491379
sub2,Fall,2,ITDS,3,1921,15.0,D:\00-FLagship Project\SFU-IMU Dataset\IMU Dataset\sub2\Falls\TXI_ITDS_trial3.xlsx,sub2,sub3,Fall,ADL,0.5253179,0.004859494,0.46982265
sub2,Fall,2,ITRS,2,1921,15.0,D:\00-FLagship Project\SFU-IMU Dataset\IMU Dataset\sub2\Falls\TXI_ITRS_trial2.xlsx,sub2,sub3,Fall,Fall,0.3988269,0.0014363158,0.5997368
sub2,Fall,2,ITRS,3,1921,15.0,D:\00-FLagship Project\SFU-IMU Dataset\IMU Dataset\sub2\Falls\TXI_ITRS_trial3.xlsx,sub2,sub3,Fall,Fall,0.063012555,0.45766136,0.479326
sub2,Fall,2,ITRS,5,1921,15.0,D:\00-FLagship Project\SFU-IMU Dataset\IMU Dataset\sub2\Falls\TXI_ITRS_trial5.xlsx,sub2,sub3,Fall,Fall,0.41875523,0.029548874,0.551696
sub2,Fall,2,LCC,1,1921,15.0,D:\00-FLagship Project\SFU-IMU Dataset\IMU Dataset\sub2\Falls\TXI_LCC_trial1.xlsx,sub2,sub3,Fall,Fall,0.025457585,0.001826267,0.97271603
sub2,Fall,2,LCC,2,1921,15.0,D:\00-FLagship Project\SFU-IMU Dataset\IMU Dataset\sub2\Falls\TXI_LCC_trial2.xlsx,sub2,sub3,Fall,Fall,0.44614083,8.986047e-06,0.5538502
sub2,Fall,2,LCC,3,1921,15.0,D:\00-FLagship Project\SFU-IMU Dataset\IMU Dataset\sub2\Falls\TXI_LCC_trial3.xlsx,sub2,sub3,Fall,Near_Fall,0.12655713,0.5610444,0.31239846
sub2,Fall,2,slip,1,1921,15.0,D:\00-FLagship Project\SFU-IMU Dataset\IMU Dataset\sub2\Falls\TXI_slip_trial1.xlsx,sub2,sub3,Fall,ADL,0.76595545,0.0020501942,0.23199433
sub2,Fall,2,slip,2,1921,15.0,D:\00-FLagship Project\SFU-IMU Dataset\IMU Dataset\sub2\Falls\TXI_slip_trial2.xlsx,sub2,sub3,Fall,ADL,0.84285325,0.010821819,0.14632493
sub2,Fall,2,slip,5,1921,15.0,D:\00-FLagship Project\SFU-IMU Dataset\IMU Dataset\sub2\Falls\TXI_slip_trial5.xlsx,sub2,sub3,Fall,Fall,0.26998448,0.0027696327,0.7272459
sub2,Fall,2,trip,2,1921,15.0,D:\00-FLagship Project\SFU-IMU Dataset\IMU Dataset\sub2\Falls\TXI_trip_trial2.xlsx,sub2,sub3,Fall,Fall,0.009484403,0.025129972,0.9653856
sub2,Fall,2,trip,4,1921,15.0,D:\00-FLagship Project\SFU-IMU Dataset\IMU Dataset\sub2\Falls\TXI_trip_trial4.xlsx,sub2,sub3,Fall,Fall,0.023957672,0.09762815,0.8784142
sub2,Fall,2,trip,5,1921,15.0,D:\00-FLagship Project\SFU-IMU Dataset\IMU Dataset\sub2\Falls\TXI_trip_trial5.xlsx,sub2,sub3,Fall,Fall,0.023236325,0.053629547,0.9231341
sub2,Near_Fall,1,CS,2,1921,15.0,D:\00-FLagship Project\SFU-IMU Dataset\IMU Dataset\sub2\Near_Falls\TXI_CS_trial2.xlsx,sub2,sub3,Near_Fall,ADL,0.6101773,0.34594378,0.043878973
sub2,Near_Fall,1,CS,3,1921,15.0,D:\00-FLagship Project\SFU-IMU Dataset\IMU Dataset\sub2\Near_Falls\TXI_CS_trial3.xlsx,sub2,sub3,Near_Fall,ADL,0.7597906,0.20099963,0.039209817
sub2,Near_Fall,1,CS,6,1921,15.0,D:\00-FLagship Project\SFU-IMU Dataset\IMU Dataset\sub2\Near_Falls\TXI_CS_trial6.xlsx,sub2,sub3,Near_Fall,Near_Fall,0.12709028,0.827282,0.045627695
sub2,Near_Fall,1,HB,3,1921,15.0,D:\00-FLagship Project\SFU-IMU Dataset\IMU Dataset\sub2\Near_Falls\TXI_HB_trial3.xlsx,sub2,sub3,Near_Fall,ADL,0.66208273,0.30353993,0.034377374
sub2,Near_Fall,1,HB,5,1922,15.00781,D:\00-FLagship Project\SFU-IMU Dataset\IMU Dataset\sub2\Near_Falls\TXI_HB_trial5.xlsx,sub2,sub3,Near_Fall,Near_Fall,0.16737871,0.7786374,0.05398393
sub2,Near_Fall,1,HB,6,1921,15.0,D:\00-FLagship Project\SFU-IMU Dataset\IMU Dataset\sub2\Near_Falls\TXI_HB_trial6.xlsx,sub2,sub3,Near_Fall,ADL,0.4930367,0.4570066,0.049956754
sub2,Near_Fall,1,ITRS,1,1921,15.0,D:\00-FLagship Project\SFU-IMU Dataset\IMU Dataset\sub2\Near_Falls\TXI_ITRS_trial1.xlsx,sub2,sub3,Near_Fall,Near_Fall,0.45612296,0.5132923,0.030584691
sub2,Near_Fall,1,ITRS,4,1921,15.0,D:\00-FLagship Project\SFU-IMU Dataset\IMU Dataset\sub2\Near_Falls\TXI_ITRS_trial4.xlsx,sub2,sub3,Near_Fall,ADL,0.53867346,0.42283303,0.038493533
sub2,Near_Fall,1,ITRS,6,1921,15.0,D:\00-FLagship Project\SFU-IMU Dataset\IMU Dataset\sub2\Near_Falls\TXI_ITRS_trial6.xlsx,sub2,sub3,Near_Fall,ADL,0.5858383,0.3728708,0.041290957
sub2,Near_Fall,1,slip,3,1921,15.0,D:\00-FLagship Project\SFU-IMU Dataset\IMU Dataset\sub2\Near_Falls\TXI_slip_trial3.xlsx,sub2,sub3,Near_Fall,Near_Fall,0.2061303,0.7783559,0.015513796
sub2,Near_Fall,1,slip,4,1921,15.0,D:\00-FLagship Project\SFU-IMU Dataset\IMU Dataset\sub2\Near_Falls\TXI_slip_trial4.xlsx,sub2,sub3,Near_Fall,Near_Fall,0.46815544,0.50820166,0.023642918
sub2,Near_Fall,1,slip,7,1921,15.0,D:\00-FLagship Project\SFU-IMU Dataset\IMU Dataset\sub2\Near_Falls\TXI_slip_trial7.xlsx,sub2,sub3,Near_Fall,Near_Fall,0.19390227,0.79157645,0.014521246
sub2,Near_Fall,1,trip,1,1921,15.0,D:\00-FLagship Project\SFU-IMU Dataset\IMU Dataset\sub2\Near_Falls\TXI_trip_trial1.xlsx,sub2,sub3,Near_Fall,Near_Fall,0.26176563,0.707675,0.030559411
sub2,Near_Fall,1,trip,3,1921,15.0,D:\00-FLagship Project\SFU-IMU Dataset\IMU Dataset\sub2\Near_Falls\TXI_trip_trial3.xlsx,sub2,sub3,Near_Fall,Near_Fall,0.20075132,0.7616128,0.037635922
sub2,Near_Fall,1,trip,6,1921,15.0,D:\00-FLagship Project\SFU-IMU Dataset\IMU Dataset\sub2\Near_Falls\TXI_trip_trial6.xlsx,sub2,sub3,Near_Fall,Near_Fall,0.036944374,0.9433427,0.019712938
sub3,ADL,0,AS,1,2561,20.0,D:\00-FLagship Project\SFU-IMU Dataset\IMU Dataset\sub3\ADLs\CXR_AS_trial1.xlsx,sub3,sub4,ADL,ADL,0.72447914,0.263031,0.0124898525
sub3,ADL,0,AS,2,2561,20.0,D:\00-FLagship Project\SFU-IMU Dataset\IMU Dataset\sub3\ADLs\CXR_AS_trial2.xlsx,sub3,sub4,ADL,ADL,0.7522654,0.23572235,0.012012227
sub3,ADL,0,AS,3,2562,20.00781,D:\00-FLagship Project\SFU-IMU Dataset\IMU Dataset\sub3\ADLs\CXR_AS_trial3.xlsx,sub3,sub4,ADL,ADL,0.7656321,0.22163478,0.012733115
sub3,ADL,0,DS,1,2561,20.0,D:\00-FLagship Project\SFU-IMU Dataset\IMU Dataset\sub3\ADLs\CXR_DS_trial1.xlsx,sub3,sub4,ADL,ADL,0.6511773,0.3356096,0.013212997
sub3,ADL,0,DS,2,2561,20.0,D:\00-FLagship Project\SFU-IMU Dataset\IMU Dataset\sub3\ADLs\CXR_DS_trial2.xlsx,sub3,sub4,ADL,ADL,0.73347646,0.25637716,0.010146367
sub3,ADL,0,DS,3,2561,20.0,D:\00-FLagship Project\SFU-IMU Dataset\IMU Dataset\sub3\ADLs\CXR_DS_trial3.xlsx,sub3,sub4,ADL,ADL,0.7292471,0.25939357,0.0113594085
sub3,ADL,0,DSL,1,1921,15.0,D:\00-FLagship Project\SFU-IMU Dataset\IMU Dataset\sub3\ADLs\CXR_DSL_trial1.xlsx,sub3,sub4,ADL,ADL,0.65827394,4.3245004e-06,0.34172174
sub3,ADL,0,DSL,2,1921,15.0,D:\00-FLagship Project\SFU-IMU Dataset\IMU Dataset\sub3\ADLs\CXR_DSL_trial2.xlsx,sub3,sub4,ADL,ADL,0.7407915,0.02332046,0.2358881
sub3,ADL,0,DSL,3,1921,15.0,D:\00-FLagship Project\SFU-IMU Dataset\IMU Dataset\sub3\ADLs\CXR_DSL_trial3.xlsx,sub3,sub4,ADL,ADL,0.7889755,3.282653e-05,0.21099173
sub3,ADL,0,DSS,1,1921,15.0,D:\00-FLagship Project\SFU-IMU Dataset\IMU Dataset\sub3\ADLs\CXR_DSS_trial1.xlsx,sub3,sub4,ADL,ADL,0.69198227,0.2908588,0.017158996
sub3,ADL,0,DSS,2,1921,15.0,D:\00-FLagship Project\SFU-IMU Dataset\IMU Dataset\sub3\ADLs\CXR_DSS_trial2.xlsx,sub3,sub4,ADL,ADL,0.73626065,0.24725729,0.016481943
sub3,ADL,0,DSS,3,1921,15.0,D:\00-FLagship Project\SFU-IMU Dataset\IMU Dataset\sub3\ADLs\CXR_DSS_trial3.xlsx,sub3,sub4,ADL,ADL,0.69796497,0.28858173,0.013453292
sub3,ADL,0,NW,1,1921,15.0,D:\00-FLagship Project\SFU-IMU Dataset\IMU Dataset\sub3\ADLs\CXR_NW_trial1.xlsx,sub3,sub4,ADL,ADL,0.75509393,0.23060855,0.014297482
sub3,ADL,0,NW,2,1921,15.0,D:\00-FLagship Project\SFU-IMU Dataset\IMU Dataset\sub3\ADLs\CXR_NW_trial2.xlsx,sub3,sub4,ADL,ADL,0.8088404,0.18148348,0.009676163
sub3,ADL,0,NW,3,1921,15.0,D:\00-FLagship Project\SFU-IMU Dataset\IMU Dataset\sub3\ADLs\CXR_NW_trial3.xlsx,sub3,sub4,ADL,ADL,0.805402,0.18241331,0.012184733
sub3,ADL,0,POG,1,1921,15.0,D:\00-FLagship Project\SFU-IMU Dataset\IMU Dataset\sub3\ADLs\CXR_POG_trial1.xlsx,sub3,sub4,ADL,ADL,0.810039,0.18568316,0.0042778933
sub3,ADL,0,POG,2,1921,15.0,D:\00-FLagship Project\SFU-IMU Dataset\IMU Dataset\sub3\ADLs\CXR_POG_trial2.xlsx,sub3,sub4,ADL,ADL,0.794277,0.19857411,0.007148888
sub3,ADL,0,POG,3,1921,15.0,D:\00-FLagship Project\SFU-IMU Dataset\IMU Dataset\sub3\ADLs\CXR_POG_trial3.xlsx,sub3,sub4,ADL,ADL,0.7767824,0.21788225,0.0053354483
sub3,ADL,0,RSS,1,1921,15.0,D:\00-FLagship Project\SFU-IMU Dataset\IMU Dataset\sub3\ADLs\CXR_RSS_trial1.xlsx,sub3,sub4,ADL,ADL,0.81868434,0.16617233,0.015143418
sub3,ADL,0,RSS,2,1921,15.0,D:\00-FLagship Project\SFU-IMU Dataset\IMU Dataset\sub3\ADLs\CXR_RSS_trial2.xlsx,sub3,sub4,ADL,ADL,0.82067704,0.16211374,0.017209185
sub3,ADL,0,RSS,3,1921,15.0,D:\00-FLagship Project\SFU-IMU Dataset\IMU Dataset\sub3\ADLs\CXR_RSS_trial3.xlsx,sub3,sub4,ADL,ADL,0.80803007,0.1729646,0.019005358
sub3,ADL,0,SQ,1,1921,15.0,D:\00-FLagship Project\SFU-IMU Dataset\IMU Dataset\sub3\ADLs\CXR_SQ_trial1.xlsx,sub3,sub4,ADL,ADL,0.82745415,0.15955655,0.012989196
sub3,ADL,0,SQ,2,1921,15.0,D:\00-FLagship Project\SFU-IMU Dataset\IMU Dataset\sub3\ADLs\CXR_SQ_trial2.xlsx,sub3,sub4,ADL,ADL,0.8136451,0.16500627,0.021348603
sub3,ADL,0,SQ,3,1921,15.0,D:\00-FLagship Project\SFU-IMU Dataset\IMU Dataset\sub3\ADLs\CXR_SQ_trial3.xlsx,sub3,sub4,ADL,ADL,0.81915146,0.16027343,0.020575147
sub3,Fall,2,CS,1,1921,15.0,D:\00-FLagship Project\SFU-IMU Dataset\IMU Dataset\sub3\Falls\CXR_CS_trial1.xlsx,sub3,sub4,Fall,Fall,0.22870128,0.15533566,0.615963
sub3,Fall,2,CS,2,1921,15.0,D:\00-FLagship Project\SFU-IMU Dataset\IMU Dataset\sub3\Falls\CXR_CS_trial2.xlsx,sub3,sub4,Fall,Fall,0.2504705,0.0007159692,0.7488135
sub3,Fall,2,CS,4,1921,15.0,D:\00-FLagship Project\SFU-IMU Dataset\IMU Dataset\sub3\Falls\CXR_CS_trial4.xlsx,sub3,sub4,Fall,Fall,0.034244597,0.00039601585,0.9653594
sub3,Fall,2,HB,2,1921,15.0,D:\00-FLagship Project\SFU-IMU Dataset\IMU Dataset\sub3\Falls\CXR_HB_trial2.xlsx,sub3,sub4,Fall,Fall,0.45890185,3.442609e-05,0.54106367
sub3,Fall,2,HB,3,1921,15.0,D:\00-FLagship Project\SFU-IMU Dataset\IMU Dataset\sub3\Falls\CXR_HB_trial3.xlsx,sub3,sub4,Fall,Fall,0.3279006,8.433411e-05,0.6720151
sub3,Fall,2,HB,4,1921,15.0,D:\00-FLagship Project\SFU-IMU Dataset\IMU Dataset\sub3\Falls\CXR_HB_trial4.xlsx,sub3,sub4,Fall,Fall,0.37504318,2.5381178e-06,0.6249543
sub3,Fall,2,ITDS,1,1921,15.0,D:\00-FLagship Project\SFU-IMU Dataset\IMU Dataset\sub3\Falls\CXR_ITDS_trial1.xlsx,sub3,sub4,Fall,Fall,0.30786008,1.4001622e-06,0.6921385
sub3,Fall,2,ITDS,2,1921,15.0,D:\00-FLagship Project\SFU-IMU Dataset\IMU Dataset\sub3\Falls\CXR_ITDS_trial2.xlsx,sub3,sub4,Fall,ADL,0.7038176,2.6491366e-06,0.29617965
sub3,Fall,2,ITDS,3,1922,15.00781,D:\00-FLagship Project\SFU-IMU Dataset\IMU Dataset\sub3\Falls\CXR_ITDS_trial3.xlsx,sub3,sub4,Fall,ADL,0.65818304,6.287222e-05,0.34175408
sub3,Fall,2,ITRS,1,1921,15.0,D:\00-FLagship Project\SFU-IMU Dataset\IMU Dataset\sub3\Falls\CXR_ITRS_trial1.xlsx,sub3,sub4,Fall,Fall,0.36334544,7.842545e-05,0.6365762
sub3,Fall,2,ITRS,3,1921,15.0,D:\00-FLagship Project\SFU-IMU Dataset\IMU Dataset\sub3\Falls\CXR_ITRS_trial3.xlsx,sub3,sub4,Fall,ADL,0.66563106,0.0006584643,0.33371052
sub3,Fall,2,ITRS,4,1921,15.0,D:\00-FLagship Project\SFU-IMU Dataset\IMU Dataset\sub3\Falls\CXR_ITRS_trial4.xlsx,sub3,sub4,Fall,ADL,0.56073904,7.016273e-05,0.43919075
sub3,Fall,2,LCC,1,1921,15.0,D:\00-FLagship Project\SFU-IMU Dataset\IMU Dataset\sub3\Falls\CXR_LCC_trial1.xlsx,sub3,sub4,Fall,ADL,0.6893246,0.00016645622,0.3105089
sub3,Fall,2,LCC,2,1921,15.0,D:\00-FLagship Project\SFU-IMU Dataset\IMU Dataset\sub3\Falls\CXR_LCC_trial2.xlsx,sub3,sub4,Fall,Fall,0.38679492,2.6848644e-05,0.61317825
sub3,Fall,2,LCC,3,1921,15.0,D:\00-FLagship Project\SFU-IMU Dataset\IMU Dataset\sub3\Falls\CXR_LCC_trial3.xlsx,sub3,sub4,Fall,ADL,0.62383556,1.652134e-05,0.37614796
sub3,Fall,2,slip,1,1921,15.0,D:\00-FLagship Project\SFU-IMU Dataset\IMU Dataset\sub3\Falls\CXR_slip_trial1.xlsx,sub3,sub4,Fall,ADL,0.5232702,0.38912344,0.08760637
sub3,Fall,2,slip,2,1921,15.0,D:\00-FLagship Project\SFU-IMU Dataset\IMU Dataset\sub3\Falls\CXR_slip_trial2.xlsx,sub3,sub4,Fall,ADL,0.50564665,0.43551975,0.058833558
sub3,Fall,2,slip,5,1921,15.0,D:\00-FLagship Project\SFU-IMU Dataset\IMU Dataset\sub3\Falls\CXR_slip_trial5.xlsx,sub3,sub4,Fall,ADL,0.75921327,0.21440965,0.026377086
sub3,Fall,2,trip,1,1921,15.0,D:\00-FLagship Project\SFU-IMU Dataset\IMU Dataset\sub3\Falls\CXR_trip_trial1.xlsx,sub3,sub4,Fall,Near_Fall,0.18041651,0.7604655,0.059118047
sub3,Fall,2,trip,2,1921,15.0,D:\00-FLagship Project\SFU-IMU Dataset\IMU Dataset\sub3\Falls\CXR_trip_trial2.xlsx,sub3,sub4,Fall,Fall,0.0061252755,0.18909933,0.8047754
sub3,Fall,2,trip,5,1921,15.0,D:\00-FLagship Project\SFU-IMU Dataset\IMU Dataset\sub3\Falls\CXR_trip_trial5.xlsx,sub3,sub4,Fall,Near_Fall,0.3016425,0.66253483,0.035822608
sub3,Near_Fall,1,CS,3,1921,15.0,D:\00-FLagship Project\SFU-IMU Dataset\IMU Dataset\sub3\Near_Falls\CXR_CS_trial3.xlsx,sub3,sub4,Near_Fall,ADL,0.5153496,0.45521075,0.029439604
sub3,Near_Fall,1,CS,5,1921,15.0,D:\00-FLagship Project\SFU-IMU Dataset\IMU Dataset\sub3\Near_Falls\CXR_CS_trial5.xlsx,sub3,sub4,Near_Fall,Near_Fall,0.40922403,0.58209145,0.008684542
sub3,Near_Fall,1,CS,6,1921,15.0,D:\00-FLagship Project\SFU-IMU Dataset\IMU Dataset\sub3\Near_Falls\CXR_CS_trial6.xlsx,sub3,sub4,Near_Fall,ADL,0.6795151,0.2980818,0.022403104
sub3,Near_Fall,1,HB,1,1921,15.0,D:\00-FLagship Project\SFU-IMU Dataset\IMU Dataset\sub3\Near_Falls\CXR_HB_trial1.xlsx,sub3,sub4,Near_Fall,ADL,0.6842866,0.29475763,0.02095574
sub3,Near_Fall,1,HB,5,1921,15.0,D:\00-FLagship Project\SFU-IMU Dataset\IMU Dataset\sub3\Near_Falls\CXR_HB_trial5.xlsx,sub3,sub4,Near_Fall,ADL,0.64549947,0.33483404,0.01966646
sub3,Near_Fall,1,HB,6,1921,15.0,D:\00-FLagship Project\SFU-IMU Dataset\IMU Dataset\sub3\Near_Falls\CXR_HB_trial6.xlsx,sub3,sub4,Near_Fall,ADL,0.67749447,0.30601588,0.016489647
sub3,Near_Fall,1,ITRS,2,1921,15.0,D:\00-FLagship Project\SFU-IMU Dataset\IMU Dataset\sub3\Near_Falls\CXR_ITRS_trial2.xlsx,sub3,sub4,Near_Fall,Near_Fall,0.3718066,0.59389967,0.034293804
sub3,Near_Fall,1,ITRS,5,1921,15.0,D:\00-FLagship Project\SFU-IMU Dataset\IMU Dataset\sub3\Near_Falls\CXR_ITRS_trial5.xlsx,sub3,sub4,Near_Fall,ADL,0.7528275,0.2361595,0.01101307
sub3,Near_Fall,1,ITRS,6,1921,15.0,D:\00-FLagship Project\SFU-IMU Dataset\IMU Dataset\sub3\Near_Falls\CXR_ITRS_trial6.xlsx,sub3,sub4,Near_Fall,ADL,0.52587664,0.4254621,0.048661277
sub3,Near_Fall,1,slip,3,1921,15.0,D:\00-FLagship Project\SFU-IMU Dataset\IMU Dataset\sub3\Near_Falls\CXR_slip_trial3.xlsx,sub3,sub4,Near_Fall,ADL,0.6591085,0.32236302,0.018528404
sub3,Near_Fall,1,slip,4,1921,15.0,D:\00-FLagship Project\SFU-IMU Dataset\IMU Dataset\sub3\Near_Falls\CXR_slip_trial4.xlsx,sub3,sub4,Near_Fall,ADL,0.59689635,0.38270247,0.02040123
sub3,Near_Fall,1,slip,6,1922,15.007819999999999,D:\00-FLagship Project\SFU-IMU Dataset\IMU Dataset\sub3\Near_Falls\CXR_slip_trial6.xlsx,sub3,sub4,Near_Fall,ADL,0.58240384,0.40260035,0.014995876
sub3,Near_Fall,1,trip,3,1921,15.0,D:\00-FLagship Project\SFU-IMU Dataset\IMU Dataset\sub3\Near_Falls\CXR_trip_trial3.xlsx,sub3,sub4,Near_Fall,ADL,0.6753984,0.3028437,0.021757998
sub3,Near_Fall,1,trip,4,1921,15.0,D:\00-FLagship Project\SFU-IMU Dataset\IMU Dataset\sub3\Near_Falls\CXR_trip_trial4.xlsx,sub3,sub4,Near_Fall,ADL,0.7073852,0.27676997,0.015844887
sub3,Near_Fall,1,trip,6,1921,15.0,D:\00-FLagship Project\SFU-IMU Dataset\IMU Dataset\sub3\Near_Falls\CXR_trip_trial6.xlsx,sub3,sub4,Near_Fall,ADL,0.724293,0.2574181,0.018288847
sub4,ADL,0,AS,1,2561,20.0,D:\00-FLagship Project\SFU-IMU Dataset\IMU Dataset\sub4\ADLs\AXJ_AS_trial1.xlsx,sub4,sub5,ADL,ADL,0.996278,0.0036775135,4.4554436e-05
sub4,ADL,0,AS,2,2561,20.0,D:\00-FLagship Project\SFU-IMU Dataset\IMU Dataset\sub4\ADLs\AXJ_AS_trial2.xlsx,sub4,sub5,ADL,ADL,0.9833941,0.016300619,0.00030526987
sub4,ADL,0,AS,3,2561,20.0,D:\00-FLagship Project\SFU-IMU Dataset\IMU Dataset\sub4\ADLs\AXJ_AS_trial3.xlsx,sub4,sub5,ADL,ADL,0.99143,0.008362885,0.00020718836
sub4,ADL,0,DS,1,2561,20.0,D:\00-FLagship Project\SFU-IMU Dataset\IMU Dataset\sub4\ADLs\AXJ_DS_trial1.xlsx,sub4,sub5,ADL,ADL,0.97826004,0.021674352,6.5623164e-05
sub4,ADL,0,DS,2,2561,20.0,D:\00-FLagship Project\SFU-IMU Dataset\IMU Dataset\sub4\ADLs\AXJ_DS_trial2.xlsx,sub4,sub5,ADL,ADL,0.97964305,0.020332795,2.4202673e-05
sub4,ADL,0,DS,3,2561,20.0,D:\00-FLagship Project\SFU-IMU Dataset\IMU Dataset\sub4\ADLs\AXJ_DS_trial3.xlsx,sub4,sub5,ADL,ADL,0.9852599,0.014663775,7.639543e-05
sub4,ADL,0,DSL,1,1921,15.0,D:\00-FLagship Project\SFU-IMU Dataset\IMU Dataset\sub4\ADLs\AXJ_DSL_trial1.xlsx,sub4,sub5,ADL,ADL,0.967878,7.109757e-16,0.032122016
sub4,ADL,0,DSL,2,1921,15.0,D:\00-FLagship Project\SFU-IMU Dataset\IMU Dataset\sub4\ADLs\AXJ_DSL_trial2.xlsx,sub4,sub5,ADL,ADL,0.9994584,6.352298e-10,0.00054161856
sub4,ADL,0,DSL,3,1921,15.0,D:\00-FLagship Project\SFU-IMU Dataset\IMU Dataset\sub4\ADLs\AXJ_DSL_trial3.xlsx,sub4,sub5,ADL,Fall,0.21108153,4.9903407e-16,0.7889185
sub4,ADL,0,DSS,1,1921,15.0,D:\00-FLagship Project\SFU-IMU Dataset\IMU Dataset\sub4\ADLs\AXJ_DSS_trial1.xlsx,sub4,sub5,ADL,ADL,0.98550826,0.014385733,0.000106013
sub4,ADL,0,DSS,2,1921,15.0,D:\00-FLagship Project\SFU-IMU Dataset\IMU Dataset\sub4\ADLs\AXJ_DSS_trial2.xlsx,sub4,sub5,ADL,ADL,0.98106927,0.018894086,3.674395e-05
sub4,ADL,0,DSS,4,1921,15.0,D:\00-FLagship Project\SFU-IMU Dataset\IMU Dataset\sub4\ADLs\AXJ_DSS_trial4.xlsx,sub4,sub5,ADL,Near_Fall,6.597623e-06,0.99995756,3.58043e-05
sub4,ADL,0,NW,1,1921,15.0,D:\00-FLagship Project\SFU-IMU Dataset\IMU Dataset\sub4\ADLs\AXJ_NW_trial1.xlsx,sub4,sub5,ADL,ADL,0.9901327,0.009649666,0.00021767976
sub4,ADL,0,NW,2,1921,15.0,D:\00-FLagship Project\SFU-IMU Dataset\IMU Dataset\sub4\ADLs\AXJ_NW_trial2.xlsx,sub4,sub5,ADL,ADL,0.9458055,0.053074066,0.0011205333
sub4,ADL,0,NW,3,1921,15.0,D:\00-FLagship Project\SFU-IMU Dataset\IMU Dataset\sub4\ADLs\AXJ_NW_trial3.xlsx,sub4,sub5,ADL,Near_Fall,0.004407443,0.995168,0.00042464316
sub4,ADL,0,POG,1,1921,15.0,D:\00-FLagship Project\SFU-IMU Dataset\IMU Dataset\sub4\ADLs\AXJ_POG_trial1.xlsx,sub4,sub5,ADL,ADL,0.96550083,0.03173793,0.0027613144
sub4,ADL,0,POG,2,1921,15.0,D:\00-FLagship Project\SFU-IMU Dataset\IMU Dataset\sub4\ADLs\AXJ_POG_trial2.xlsx,sub4,sub5,ADL,ADL,0.98114073,0.017645346,0.0012138844
sub4,ADL,0,POG,3,1921,15.0,D:\00-FLagship Project\SFU-IMU Dataset\IMU Dataset\sub4\ADLs\AXJ_POG_trial3.xlsx,sub4,sub5,ADL,ADL,0.9832339,0.01584401,0.00092201744
sub4,ADL,0,RSS,1,1921,15.0,D:\00-FLagship Project\SFU-IMU Dataset\IMU Dataset\sub4\ADLs\AXJ_RSS_trial1.xlsx,sub4,sub5,ADL,ADL,0.9211696,0.078299336,0.0005310864
sub4,ADL,0,RSS,2,1921,15.0,D:\00-FLagship Project\SFU-IMU Dataset\IMU Dataset\sub4\ADLs\AXJ_RSS_trial2.xlsx,sub4,sub5,ADL,ADL,0.9187092,0.08020987,0.0010809461
sub4,ADL,0,RSS,3,1921,15.0,D:\00-FLagship Project\SFU-IMU Dataset\IMU Dataset\sub4\ADLs\AXJ_RSS_trial3.xlsx,sub4,sub5,ADL,ADL,0.97048676,0.027397491,0.0021158063
sub4,ADL,0,SQ,1,1921,15.0,D:\00-FLagship Project\SFU-IMU Dataset\IMU Dataset\sub4\ADLs\AXJ_SQ_trial1.xlsx,sub4,sub5,ADL,ADL,0.9919607,0.007880345,0.00015896706
sub4,ADL,0,SQ,2,1921,15.0,D:\00-FLagship Project\SFU-IMU Dataset\IMU Dataset\sub4\ADLs\AXJ_SQ_trial2.xlsx,sub4,sub5,ADL,ADL,0.97119427,0.025536083,0.0032695911
sub4,ADL,0,SQ,3,1921,15.0,D:\00-FLagship Project\SFU-IMU Dataset\IMU Dataset\sub4\ADLs\AXJ_SQ_trial3.xlsx,sub4,sub5,ADL,ADL,0.9391531,0.0523052,0.008541806
sub4,Fall,2,CS,1,1921,15.0,D:\00-FLagship Project\SFU-IMU Dataset\IMU Dataset\sub4\Falls\AXJ_CS_trial1.xlsx,sub4,sub5,Fall,Fall,0.008382562,9.170384e-09,0.9916175
sub4,Fall,2,CS,2,1921,15.0,D:\00-FLagship Project\SFU-IMU Dataset\IMU Dataset\sub4\Falls\AXJ_CS_trial2.xlsx,sub4,sub5,Fall,Fall,0.00017160422,4.951824e-06,0.9998234
sub4,Fall,2,CS,4,1911,15.0,D:\00-FLagship Project\SFU-IMU Dataset\IMU Dataset\sub4\Falls\AXJ_CS_trial4.xlsx,sub4,sub5,Fall,Fall,0.00016463212,0.00033348516,0.9995018
sub4,Fall,2,HB,2,1922,15.00781,D:\00-FLagship Project\SFU-IMU Dataset\IMU Dataset\sub4\Falls\AXJ_HB_trial2.xlsx,sub4,sub5,Fall,Fall,0.098868124,3.529109e-10,0.90113187
sub4,Fall,2,HB,3,1921,15.0,D:\00-FLagship Project\SFU-IMU Dataset\IMU Dataset\sub4\Falls\AXJ_HB_trial3.xlsx,sub4,sub5,Fall,ADL,0.57879394,1.4598311e-14,0.4212061
sub4,Fall,2,HB,4,1921,15.0,D:\00-FLagship Project\SFU-IMU Dataset\IMU Dataset\sub4\Falls\AXJ_HB_trial4.xlsx,sub4,sub5,Fall,Fall,0.0060237246,1.5629507e-08,0.99397624
sub4,Fall,2,ITDS,1,1921,15.0,D:\00-FLagship Project\SFU-IMU Dataset\IMU Dataset\sub4\Falls\AXJ_ITDS_trial1.xlsx,sub4,sub5,Fall,Fall,0.08601049,1.587415e-17,0.91398954
sub4,Fall,2,ITDS,2,1921,15.0,D:\00-FLagship Project\SFU-IMU Dataset\IMU Dataset\sub4\Falls\AXJ_ITDS_trial2.xlsx,sub4,sub5,Fall,Fall,0.47519857,1.2465447e-18,0.5248014
sub4,Fall,2,ITDS,3,1922,15.00781,D:\00-FLagship Project\SFU-IMU Dataset\IMU Dataset\sub4\Falls\AXJ_ITDS_trial3.xlsx,sub4,sub5,Fall,Fall,0.123506874,9.186595e-14,0.8764931
sub4,Fall,2,ITRS,1,1921,15.0,D:\00-FLagship Project\SFU-IMU Dataset\IMU Dataset\sub4\Falls\AXJ_ITRS_trial1.xlsx,sub4,sub5,Fall,Fall,0.0004044354,9.800292e-10,0.9995956
sub4,Fall,2,ITRS,2,1921,15.0,D:\00-FLagship Project\SFU-IMU Dataset\IMU Dataset\sub4\Falls\AXJ_ITRS_trial2.xlsx,sub4,sub5,Fall,Fall,0.0008251151,5.359138e-06,0.9991696
sub4,Fall,2,ITRS,5,1921,15.0,D:\00-FLagship Project\SFU-IMU Dataset\IMU Dataset\sub4\Falls\AXJ_ITRS_trial5.xlsx,sub4,sub5,Fall,Fall,0.3602659,1.549081e-09,0.6397341
sub4,Fall,2,LCC,1,1921,15.0,D:\00-FLagship Project\SFU-IMU Dataset\IMU Dataset\sub4\Falls\AXJ_LCC_trial1.xlsx,sub4,sub5,Fall,ADL,0.50902385,7.336806e-08,0.49097607
sub4,Fall,2,LCC,2,1921,15.0,D:\00-FLagship Project\SFU-IMU Dataset\IMU Dataset\sub4\Falls\AXJ_LCC_trial2.xlsx,sub4,sub5,Fall,Fall,1.565095e-05,1.4895115e-16,0.9999844
sub4,Fall,2,LCC,3,1921,15.0,D:\00-FLagship Project\SFU-IMU Dataset\IMU Dataset\sub4\Falls\AXJ_LCC_trial3.xlsx,sub4,sub5,Fall,Fall,0.0017235916,1.2009651e-12,0.9982765
sub4,Fall,2,slip,1,1921,15.0,D:\00-FLagship Project\SFU-IMU Dataset\IMU Dataset\sub4\Falls\AXJ_slip_trial1.xlsx,sub4,sub5,Fall,Fall,2.255749e-06,5.5386414e-07,0.99999714
sub4,Fall,2,slip,4,1921,15.0,D:\00-FLagship Project\SFU-IMU Dataset\IMU Dataset\sub4\Falls\AXJ_slip_trial4.xlsx,sub4,sub5,Fall,ADL,0.9841563,7.506478e-10,0.015843697
sub4,Fall,2,slip,5,1921,15.0,D:\00-FLagship Project\SFU-IMU Dataset\IMU Dataset\sub4\Falls\AXJ_slip_trial5.xlsx,sub4,sub5,Fall,Fall,0.00016544998,8.480555e-06,0.99982613
sub4,Fall,2,trip,1,1921,15.0,D:\00-FLagship Project\SFU-IMU Dataset\IMU Dataset\sub4\Falls\AXJ_trip_trial1.xlsx,sub4,sub5,Fall,Fall,2.744914e-09,9.926696e-10,1.0
sub4,Fall,2,trip,3,1921,15.0,D:\00-FLagship Project\SFU-IMU Dataset\IMU Dataset\sub4\Falls\AXJ_trip_trial3.xlsx,sub4,sub5,Fall,Fall,0.0010861292,7.177233e-07,0.99891317
sub4,Fall,2,trip,4,1921,15.0,D:\00-FLagship Project\SFU-IMU Dataset\IMU Dataset\sub4\Falls\AXJ_trip_trial4.xlsx,sub4,sub5,Fall,Fall,1.2510998e-07,2.2088792e-13,0.9999999
sub4,Near_Fall,1,CS,3,1922,15.00781,D:\00-FLagship Project\SFU-IMU Dataset\IMU Dataset\sub4\Near_Falls\AXJ_CS_trial3.xlsx,sub4,sub5,Near_Fall,Near_Fall,0.49448475,0.49956146,0.0059538777
sub4,Near_Fall,1,CS,5,1922,15.00781,D:\00-FLagship Project\SFU-IMU Dataset\IMU Dataset\sub4\Near_Falls\AXJ_CS_trial5.xlsx,sub4,sub5,Near_Fall,Near_Fall,1.7357207e-06,0.96877104,0.03122719
sub4,Near_Fall,1,CS,6,1921,15.0,D:\00-FLagship Project\SFU-IMU Dataset\IMU Dataset\sub4\Near_Falls\AXJ_CS_trial6.xlsx,sub4,sub5,Near_Fall,Near_Fall,3.613638e-06,0.98952055,0.010475784
sub4,Near_Fall,1,HB,1,1921,15.0,D:\00-FLagship Project\SFU-IMU Dataset\IMU Dataset\sub4\Near_Falls\AXJ_HB_trial1.xlsx,sub4,sub5,Near_Fall,Near_Fall,0.13888182,0.85760427,0.0035139408
sub4,Near_Fall,1,HB,5,1921,15.0,D:\00-FLagship Project\SFU-IMU Dataset\IMU Dataset\sub4\Near_Falls\AXJ_HB_trial5.xlsx,sub4,sub5,Near_Fall,Near_Fall,0.266185,0.7336916,0.00012349282
sub4,Near_Fall,1,HB,6,1921,15.0,D:\00-FLagship Project\SFU-IMU Dataset\IMU Dataset\sub4\Near_Falls\AXJ_HB_trial6.xlsx,sub4,sub5,Near_Fall,ADL,0.8924951,0.10725219,0.00025268662
sub4,Near_Fall,1,ITRS,3,1921,15.0,D:\00-FLagship Project\SFU-IMU Dataset\IMU Dataset\sub4\Near_Falls\AXJ_ITRS_trial3.xlsx,sub4,sub5,Near_Fall,Near_Fall,0.010356626,0.97924757,0.010395772
sub4,Near_Fall,1,ITRS,4,1921,15.0,D:\00-FLagship Project\SFU-IMU Dataset\IMU Dataset\sub4\Near_Falls\AXJ_ITRS_trial4.xlsx,sub4,sub5,Near_Fall,ADL,0.78582823,0.2100569,0.004114851
sub4,Near_Fall,1,ITRS,6,1921,15.0,D:\00-FLagship Project\SFU-IMU Dataset\IMU Dataset\sub4\Near_Falls\AXJ_ITRS_trial6.xlsx,sub4,sub5,Near_Fall,Near_Fall,0.00027816594,0.9981719,0.0015499116
sub4,Near_Fall,1,slip,2,1921,15.0,D:\00-FLagship Project\SFU-IMU Dataset\IMU Dataset\sub4\Near_Falls\AXJ_slip_trial2.xlsx,sub4,sub5,Near_Fall,Near_Fall,0.0199717,0.97322184,0.006806479
sub4,Near_Fall,1,slip,3,1921,15.0,D:\00-FLagship Project\SFU-IMU Dataset\IMU Dataset\sub4\Near_Falls\AXJ_slip_trial3.xlsx,sub4,sub5,Near_Fall,ADL,0.98733145,0.01265863,9.901815e-06
sub4,Near_Fall,1,slip,6,1921,15.0,D:\00-FLagship Project\SFU-IMU Dataset\IMU Dataset\sub4\Near_Falls\AXJ_slip_trial6.xlsx,sub4,sub5,Near_Fall,Near_Fall,0.00025317937,0.98792064,0.011826173
sub4,Near_Fall,1,trip,2,1921,15.0,D:\00-FLagship Project\SFU-IMU Dataset\IMU Dataset\sub4\Near_Falls\AXJ_trip_trial2.xlsx,sub4,sub5,Near_Fall,Near_Fall,8.997998e-05,0.9986355,0.0012745516
sub4,Near_Fall,1,trip,5,1921,15.0,D:\00-FLagship Project\SFU-IMU Dataset\IMU Dataset\sub4\Near_Falls\AXJ_trip_trial5.xlsx,sub4,sub5,Near_Fall,Near_Fall,0.0013470757,0.9973368,0.0013161225
sub4,Near_Fall,1,trip,6,1921,15.0,D:\00-FLagship Project\SFU-IMU Dataset\IMU Dataset\sub4\Near_Falls\AXJ_trip_trial6.xlsx,sub4,sub5,Near_Fall,ADL,0.92779905,0.072090834,0.00011011771
sub5,ADL,0,AS,1,2561,20.0,D:\00-FLagship Project\SFU-IMU Dataset\IMU Dataset\sub5\ADLs\AXJ_AS_trial1.xlsx,sub5,sub6,ADL,ADL,0.9986331,0.0013667338,1.5455532e-07
sub5,ADL,0,AS,2,2561,20.0,D:\00-FLagship Project\SFU-IMU Dataset\IMU Dataset\sub5\ADLs\AXJ_AS_trial2.xlsx,sub5,sub6,ADL,ADL,0.99992096,7.902147e-05,4.9765116e-09
sub5,ADL,0,AS,3,2561,20.0,D:\00-FLagship Project\SFU-IMU Dataset\IMU Dataset\sub5\ADLs\AXJ_AS_trial3.xlsx,sub5,sub6,ADL,ADL,0.99984634,0.00015365907,7.086456e-09
sub5,ADL,0,DS,1,2561,20.0,D:\00-FLagship Project\SFU-IMU Dataset\IMU Dataset\sub5\ADLs\AXJ_DS_trial1.xlsx,sub5,sub6,ADL,ADL,0.99805033,0.001945816,3.753893e-06
sub5,ADL,0,DS,2,2561,20.0,D:\00-FLagship Project\SFU-IMU Dataset\IMU Dataset\sub5\ADLs\AXJ_DS_trial2.xlsx,sub5,sub6,ADL,ADL,0.9999871,1.2633396e-05,2.4818684e-07
sub5,ADL,0,DS,3,2561,20.0,D:\00-FLagship Project\SFU-IMU Dataset\IMU Dataset\sub5\ADLs\AXJ_DS_trial3.xlsx,sub5,sub6,ADL,ADL,0.9991825,0.0008122145,5.2129467e-06
sub5,ADL,0,DSL,1,1921,15.0,D:\00-FLagship Project\SFU-IMU Dataset\IMU Dataset\sub5\ADLs\AXJ_DSL_trial1.xlsx,sub5,sub6,ADL,ADL,0.9990608,1.750207e-21,0.00093923585
sub5,ADL,0,DSL,2,1921,15.0,D:\00-FLagship Project\SFU-IMU Dataset\IMU Dataset\sub5\ADLs\AXJ_DSL_trial2.xlsx,sub5,sub6,ADL,ADL,0.98250854,1.2684205e-19,0.017491385
sub5,ADL,0,DSL,3,1921,15.0,D:\00-FLagship Project\SFU-IMU Dataset\IMU Dataset\sub5\ADLs\AXJ_DSL_trial3.xlsx,sub5,sub6,ADL,ADL,0.9997154,4.377343e-15,0.0002845632
sub5,ADL,0,DSS,1,1921,15.0,D:\00-FLagship Project\SFU-IMU Dataset\IMU Dataset\sub5\ADLs\AXJ_DSS_trial1.xlsx,sub5,sub6,ADL,ADL,0.995139,0.004795716,6.5258566e-05
sub5,ADL,0,DSS,2,1921,15.0,D:\00-FLagship Project\SFU-IMU Dataset\IMU Dataset\sub5\ADLs\AXJ_DSS_trial2.xlsx,sub5,sub6,ADL,ADL,0.99622947,0.0035624106,0.00020802722
sub5,ADL,0,DSS,3,1921,15.0,D:\00-FLagship Project\SFU-IMU Dataset\IMU Dataset\sub5\ADLs\AXJ_DSS_trial3.xlsx,sub5,sub6,ADL,ADL,0.99819225,0.0017908192,1.6912709e-05
sub5,ADL,0,NW,1,1921,15.0,D:\00-FLagship Project\SFU-IMU Dataset\IMU Dataset\sub5\ADLs\AXJ_NW_trial1.xlsx,sub5,sub6,ADL,ADL,0.9496672,0.050271727,6.0979866e-05
sub5,ADL,0,NW,2,1921,15.0,D:\00-FLagship Project\SFU-IMU Dataset\IMU Dataset\sub5\ADLs\AXJ_NW_trial2.xlsx,sub5,sub6,ADL,ADL,0.97763664,0.022294376,6.901773e-05
sub5,ADL,0,NW,3,1921,15.0,D:\00-FLagship Project\SFU-IMU Dataset\IMU Dataset\sub5\ADLs\AXJ_NW_trial3.xlsx,sub5,sub6,ADL,ADL,0.9576968,0.04229519,7.94573e-06
sub5,ADL,0,POG,1,1921,15.0,D:\00-FLagship Project\SFU-IMU Dataset\IMU Dataset\sub5\ADLs\AXJ_POG_trial1.xlsx,sub5,sub6,ADL,ADL,0.9728539,0.027020779,0.00012522009
sub5,ADL,0,POG,2,1922,15.00781,D:\00-FLagship Project\SFU-IMU Dataset\IMU Dataset\sub5\ADLs\AXJ_POG_trial2.xlsx,sub5,sub6,ADL,ADL,0.99409276,0.0057547977,0.00015241627
sub5,ADL,0,POG,3,1921,15.0,D:\00-FLagship Project\SFU-IMU Dataset\IMU Dataset\sub5\ADLs\AXJ_POG_trial3.xlsx,sub5,sub6,ADL,ADL,0.99534285,0.004591894,6.5242806e-05
sub5,ADL,0,RSS,1,1921,15.0,D:\00-FLagship Project\SFU-IMU Dataset\IMU Dataset\sub5\ADLs\AXJ_RSS_trial1.xlsx,sub5,sub6,ADL,ADL,0.9962555,0.0034955316,0.00024894383
sub5,ADL,0,RSS,2,1921,15.0,D:\00-FLagship Project\SFU-IMU Dataset\IMU Dataset\sub5\ADLs\AXJ_RSS_trial2.xlsx,sub5,sub6,ADL,ADL,0.9940456,0.005935163,1.9196403e-05
sub5,ADL,0,RSS,3,1921,15.0,D:\00-FLagship Project\SFU-IMU Dataset\IMU Dataset\sub5\ADLs\AXJ_RSS_trial3.xlsx,sub5,sub6,ADL,ADL,0.99387324,0.006070945,5.5791705e-05
sub5,ADL,0,SQ,1,1921,15.0,D:\00-FLagship Project\SFU-IMU Dataset\IMU Dataset\sub5\ADLs\AXJ_SQ_trial1.xlsx,sub5,sub6,ADL,ADL,0.9747142,0.0183239,0.006961837
sub5,ADL,0,SQ,2,1921,15.0,D:\00-FLagship Project\SFU-IMU Dataset\IMU Dataset\sub5\ADLs\AXJ_SQ_trial2.xlsx,sub5,sub6,ADL,ADL,0.9724195,0.020701284,0.006879197
sub5,ADL,0,SQ,3,1921,15.0,D:\00-FLagship Project\SFU-IMU Dataset\IMU Dataset\sub5\ADLs\AXJ_SQ_trial3.xlsx,sub5,sub6,ADL,Near_Fall,0.33215505,0.6649377,0.0029072445
sub5,Fall,2,HB,2,1921,15.0,D:\00-FLagship Project\SFU-IMU Dataset\IMU Dataset\sub5\Falls\AXJ_HB_trial2.xlsx,sub5,sub6,Fall,Fall,2.0214375e-13,2.3246524e-23,1.0
sub5,Fall,2,HB,3,1921,15.0,D:\00-FLagship Project\SFU-IMU Dataset\IMU Dataset\sub5\Falls\AXJ_HB_trial3.xlsx,sub5,sub6,Fall,Fall,3.6079375e-19,9.119473e-21,1.0
sub5,Fall,2,HB,6,1921,15.0,D:\00-FLagship Project\SFU-IMU Dataset\IMU Dataset\sub5\Falls\AXJ_HB_trial6.xlsx,sub5,sub6,Fall,Fall,1.7227863e-20,5.8713915e-16,1.0
sub5,Fall,2,ITDS,1,1921,15.0,D:\00-FLagship Project\SFU-IMU Dataset\IMU Dataset\sub5\Falls\AXJ_ITDS_trial1.xlsx,sub5,sub6,Fall,Fall,1.2046872e-12,1.6346042e-17,1.0
sub5,Fall,2,ITDS,2,1921,15.0,D:\00-FLagship Project\SFU-IMU Dataset\IMU Dataset\sub5\Falls\AXJ_ITDS_trial2.xlsx,sub5,sub6,Fall,Fall,2.8584357e-14,6.8922364e-18,1.0
sub5,Fall,2,ITDS,3,1921,15.0,D:\00-FLagship Project\SFU-IMU Dataset\IMU Dataset\sub5\Falls\AXJ_ITDS_trial3.xlsx,sub5,sub6,Fall,Fall,6.44658e-08,2.5251751e-17,0.9999999
sub5,Fall,2,ITRS,1,1921,15.0,D:\00-FLagship Project\SFU-IMU Dataset\IMU Dataset\sub5\Falls\AXJ_ITRS_trial1.xlsx,sub5,sub6,Fall,Fall,2.0873978e-11,3.0037019e-12,1.0
sub5,Fall,2,ITRS,2,1921,15.0,D:\00-FLagship Project\SFU-IMU Dataset\IMU Dataset\sub5\Falls\AXJ_ITRS_trial2.xlsx,sub5,sub6,Fall,Fall,8.5164055e-15,1.1813475e-07,0.9999999
sub5,Fall,2,ITRS,4,1921,15.0,D:\00-FLagship Project\SFU-IMU Dataset\IMU Dataset\sub5\Falls\AXJ_ITRS_trial4.xlsx,sub5,sub6,Fall,Fall,1.6051943e-09,8.823629e-11,1.0
sub5,Fall,2,LCC,1,1921,15.0,D:\00-FLagship Project\SFU-IMU Dataset\IMU Dataset\sub5\Falls\AXJ_LCC_trial1.xlsx,sub5,sub6,Fall,Fall,1.1661477e-07,3.7751666e-17,0.9999999
sub5,Fall,2,LCC,2,1921,15.0,D:\00-FLagship Project\SFU-IMU Dataset\IMU Dataset\sub5\Falls\AXJ_LCC_trial2.xlsx,sub5,sub6,Fall,Fall,4.065894e-15,8.874074e-19,1.0
sub5,Fall,2,LCC,3,1922,15.00781,D:\00-FLagship Project\SFU-IMU Dataset\IMU Dataset\sub5\Falls\AXJ_LCC_trial3.xlsx,sub5,sub6,Fall,Fall,1.3443779e-18,1.5175685e-17,1.0
sub5,Fall,2,trip,1,1921,15.0,D:\00-FLagship Project\SFU-IMU Dataset\IMU Dataset\sub5\Falls\AXJ_trip_trial1.xlsx,sub5,sub6,Fall,Fall,1.5993172e-17,6.628491e-10,1.0
sub5,Fall,2,trip,3,1921,15.0,D:\00-FLagship Project\SFU-IMU Dataset\IMU Dataset\sub5\Falls\AXJ_trip_trial3.xlsx,sub5,sub6,Fall,Fall,3.3310643e-17,1.9173033e-14,1.0
sub5,Fall,2,trip,4,1921,15.0,D:\00-FLagship Project\SFU-IMU Dataset\IMU Dataset\sub5\Falls\AXJ_trip_trial4.xlsx,sub5,sub6,Fall,Fall,4.289677e-22,6.3611326e-19,1.0
sub5,Fall,2,CS,1,1922,15.007819999999999,D:\00-FLagship Project\SFU-IMU Dataset\IMU Dataset\sub5\Falls\EXA_CS_trial1.xlsx,sub5,sub6,Fall,Fall,1.501238e-12,0.00801627,0.9919837
sub5,Fall,2,CS,2,1921,15.0,D:\00-FLagship Project\SFU-IMU Dataset\IMU Dataset\sub5\Falls\EXA_CS_trial2.xlsx,sub5,sub6,Fall,Fall,9.457421e-05,2.883502e-06,0.9999026
sub5,Fall,2,CS,4,1921,15.0,D:\00-FLagship Project\SFU-IMU Dataset\IMU Dataset\sub5\Falls\EXA_CS_trial4.xlsx,sub5,sub6,Fall,Fall,1.00214244e-07,3.8078127e-08,0.9999999
sub5,Fall,2,slip,1,1921,15.0,D:\00-FLagship Project\SFU-IMU Dataset\IMU Dataset\sub5\Falls\EXA_slip_trial1.xlsx,sub5,sub6,Fall,Fall,2.6126655e-19,3.739365e-16,1.0
sub5,Fall,2,slip,2,1921,15.0,D:\00-FLagship Project\SFU-IMU Dataset\IMU Dataset\sub5\Falls\EXA_slip_trial2.xlsx,sub5,sub6,Fall,Fall,1.9565293e-17,2.0907166e-15,1.0
sub5,Fall,2,slip,6,1921,15.0,D:\00-FLagship Project\SFU-IMU Dataset\IMU Dataset\sub5\Falls\EXA_slip_trial6.xlsx,sub5,sub6,Fall,Fall,8.563359e-13,1.5694732e-09,1.0
sub5,Near_Fall,1,HB,1,1921,15.0,D:\00-FLagship Project\SFU-IMU Dataset\IMU Dataset\sub5\Near_Falls\AXJ_HB_trial1.xlsx,sub5,sub6,Near_Fall,Near_Fall,7.895961e-07,0.9999621,3.7162856e-05
sub5,Near_Fall,1,HB,4,1921,15.0,D:\00-FLagship Project\SFU-IMU Dataset\IMU Dataset\sub5\Near_Falls\AXJ_HB_trial4.xlsx,sub5,sub6,Near_Fall,Near_Fall,1.937895e-09,0.99997437,2.5571606e-05
sub5,Near_Fall,1,HB,5,1921,15.0,D:\00-FLagship Project\SFU-IMU Dataset\IMU Dataset\sub5\Near_Falls\AXJ_HB_trial5.xlsx,sub5,sub6,Near_Fall,Near_Fall,1.2945461e-08,0.9999893,1.0667303e-05
sub5,Near_Fall,1,ITRS,3,1921,15.0,D:\00-FLagship Project\SFU-IMU Dataset\IMU Dataset\sub5\Near_Falls\AXJ_ITRS_trial3.xlsx,sub5,sub6,Near_Fall,Near_Fall,6.8495724e-06,0.9993981,0.0005950319
sub5,Near_Fall,1,ITRS,5,1921,15.0,D:\00-FLagship Project\SFU-IMU Dataset\IMU Dataset\sub5\Near_Falls\AXJ_ITRS_trial5.xlsx,sub5,sub6,Near_Fall,Near_Fall,0.0034311232,0.99616134,0.00040756457
sub5,Near_Fall,1,ITRS,6,1921,15.0,D:\00-FLagship Project\SFU-IMU Dataset\IMU Dataset\sub5\Near_Falls\AXJ_ITRS_trial6.xlsx,sub5,sub6,Near_Fall,Near_Fall,0.2569472,0.73639536,0.0066574095
sub5,Near_Fall,1,trip,2,1921,15.0,D:\00-FLagship Project\SFU-IMU Dataset\IMU Dataset\sub5\Near_Falls\AXJ_trip_trial2.xlsx,sub5,sub6,Near_Fall,Near_Fall,6.370774e-05,0.9989084,0.001027873
sub5,Near_Fall,1,trip,5,1921,15.0,D:\00-FLagship Project\SFU-IMU Dataset\IMU Dataset\sub5\Near_Falls\AXJ_trip_trial5.xlsx,sub5,sub6,Near_Fall,Near_Fall,3.0206178e-07,0.99985695,0.00014273908
sub5,Near_Fall,1,trip,6,1921,15.0,D:\00-FLagship Project\SFU-IMU Dataset\IMU Dataset\sub5\Near_Falls\AXJ_trip_trial6.xlsx,sub5,sub6,Near_Fall,Near_Fall,3.9354828e-07,0.999348,0.0006516042
sub5,Near_Fall,1,CS,3,1921,15.0,D:\00-FLagship Project\SFU-IMU Dataset\IMU Dataset\sub5\Near_Falls\EXA_CS_trial3.xlsx,sub5,sub6,Near_Fall,ADL,0.7215904,0.27840313,6.429305e-06
sub5,Near_Fall,1,CS,5,1921,15.0,D:\00-FLagship Project\SFU-IMU Dataset\IMU Dataset\sub5\Near_Falls\EXA_CS_trial5.xlsx,sub5,sub6,Near_Fall,Near_Fall,0.2688041,0.731194,1.9046296e-06
sub5,Near_Fall,1,CS,6,1921,15.0,D:\00-FLagship Project\SFU-IMU Dataset\IMU Dataset\sub5\Near_Falls\EXA_CS_trial6.xlsx,sub5,sub6,Near_Fall,Near_Fall,0.015200019,0.98479927,7.3764585e-07
sub5,Near_Fall,1,slip,3,1921,15.0,D:\00-FLagship Project\SFU-IMU Dataset\IMU Dataset\sub5\Near_Falls\EXA_slip_trial3.xlsx,sub5,sub6,Near_Fall,Near_Fall,4.977255e-13,1.0,2.8626987e-09
sub5,Near_Fall,1,slip,4,1921,15.0,D:\00-FLagship Project\SFU-IMU Dataset\IMU Dataset\sub5\Near_Falls\EXA_slip_trial4.xlsx,sub5,sub6,Near_Fall,Near_Fall,5.3198853e-15,1.0,2.5687273e-08
sub5,Near_Fall,1,slip,5,1921,15.0,D:\00-FLagship Project\SFU-IMU Dataset\IMU Dataset\sub5\Near_Falls\EXA_slip_trial5.xlsx,sub5,sub6,Near_Fall,Near_Fall,4.6391935e-05,0.9999323,2.1263182e-05
sub6,ADL,0,AS,1,2561,20.0,D:\00-FLagship Project\SFU-IMU Dataset\IMU Dataset\sub6\ADLs\AXM_AS_trial1.xlsx,sub6,sub7,ADL,ADL,0.99999285,7.121116e-06,1.8549738e-08
sub6,ADL,0,AS,2,2561,20.0,D:\00-FLagship Project\SFU-IMU Dataset\IMU Dataset\sub6\ADLs\AXM_AS_trial2.xlsx,sub6,sub7,ADL,ADL,0.9999926,7.373099e-06,2.285546e-08
sub6,ADL,0,AS,3,2561,20.0,D:\00-FLagship Project\SFU-IMU Dataset\IMU Dataset\sub6\ADLs\AXM_AS_trial3.xlsx,sub6,sub7,ADL,ADL,0.999997,2.9818398e-06,6.077272e-09
sub6,ADL,0,DS,1,2561,20.0,D:\00-FLagship Project\SFU-IMU Dataset\IMU Dataset\sub6\ADLs\AXM_DS_trial1.xlsx,sub6,sub7,ADL,ADL,0.99999404,6.012255e-06,3.9419184e-08
sub6,ADL,0,DS,2,2561,20.0,D:\00-FLagship Project\SFU-IMU Dataset\IMU Dataset\sub6\ADLs\AXM_DS_trial2.xlsx,sub6,sub7,ADL,ADL,0.9999802,1.9670431e-05,6.555568e-08
sub6,ADL,0,DS,3,2561,20.0,D:\00-FLagship Project\SFU-IMU Dataset\IMU Dataset\sub6\ADLs\AXM_DS_trial3.xlsx,sub6,sub7,ADL,ADL,0.9999852,1.4646055e-05,1.4173109e-07
sub6,ADL,0,DSL,1,1921,15.0,D:\00-FLagship Project\SFU-IMU Dataset\IMU Dataset\sub6\ADLs\AXM_DSL_trial1.xlsx,sub6,sub7,ADL,ADL,0.997825,3.231956e-33,0.0021750294
sub6,ADL,0,DSL,2,1921,15.0,D:\00-FLagship Project\SFU-IMU Dataset\IMU Dataset\sub6\ADLs\AXM_DSL_trial2.xlsx,sub6,sub7,ADL,ADL,0.99891746,2.0784208e-33,0.0010825533
sub6,ADL,0,DSL,3,1921,15.0,D:\00-FLagship Project\SFU-IMU Dataset\IMU Dataset\sub6\ADLs\AXM_DSL_trial3.xlsx,sub6,sub7,ADL,ADL,0.99579334,2.047879e-22,0.004206698
sub6,ADL,0,DSS,1,1921,15.0,D:\00-FLagship Project\SFU-IMU Dataset\IMU Dataset\sub6\ADLs\AXM_DSS_trial1.xlsx,sub6,sub7,ADL,ADL,0.9978612,0.002138153,5.3906547e-07
sub6,ADL,0,DSS,2,1921,15.0,D:\00-FLagship Project\SFU-IMU Dataset\IMU Dataset\sub6\ADLs\AXM_DSS_trial2.xlsx,sub6,sub7,ADL,ADL,0.998579,0.001420718,1.8598946e-07
sub6,ADL,0,DSS,3,1921,15.0,D:\00-FLagship Project\SFU-IMU Dataset\IMU Dataset\sub6\ADLs\AXM_DSS_trial3.xlsx,sub6,sub7,ADL,ADL,0.99865866,0.0013412372,1.5302501e-07
sub6,ADL,0,NW,1,1921,15.0,D:\00-FLagship Project\SFU-IMU Dataset\IMU Dataset\sub6\ADLs\AXM_NW_trial1.xlsx,sub6,sub7,ADL,ADL,0.9981237,0.0018733246,2.9968517e-06
sub6,ADL,0,NW,2,1921,15.0,D:\00-FLagship Project\SFU-IMU Dataset\IMU Dataset\sub6\ADLs\AXM_NW_trial2.xlsx,sub6,sub7,ADL,ADL,0.9980514,0.0019472094,1.4428958e-06
sub6,ADL,0,NW,3,1921,15.0,D:\00-FLagship Project\SFU-IMU Dataset\IMU Dataset\sub6\ADLs\AXM_NW_trial3.xlsx,sub6,sub7,ADL,ADL,0.9981481,0.0018499917,1.8502333e-06
sub6,ADL,0,POG,1,1921,15.0,D:\00-FLagship Project\SFU-IMU Dataset\IMU Dataset\sub6\ADLs\AXM_POG_trial1.xlsx,sub6,sub7,ADL,ADL,0.9936465,0.0063516875,1.784112e-06
sub6,ADL,0,POG,2,1921,15.0,D:\00-FLagship Project\SFU-IMU Dataset\IMU Dataset\sub6\ADLs\AXM_POG_trial2.xlsx,sub6,sub7,ADL,ADL,0.9939249,0.006073519,1.5150614e-06
sub6,ADL,0,POG,3,1921,15.0,D:\00-FLagship Project\SFU-IMU Dataset\IMU Dataset\sub6\ADLs\AXM_POG_trial3.xlsx,sub6,sub7,ADL,ADL,0.99471223,0.0052858857,1.9225195e-06
sub6,ADL,0,RSS,1,1921,15.0,D:\00-FLagship Project\SFU-IMU Dataset\IMU Dataset\sub6\ADLs\AXM_RSS_trial1.xlsx,sub6,sub7,ADL,ADL,0.99717665,0.0028224897,8.488145e-07
sub6,ADL,0,RSS,2,1921,15.0,D:\00-FLagship Project\SFU-IMU Dataset\IMU Dataset\sub6\ADLs\AXM_RSS_trial2.xlsx,sub6,sub7,ADL,ADL,0.9984457,0.001554073,2.5763487e-07
sub6,ADL,0,RSS,3,1921,15.0,D:\00-FLagship Project\SFU-IMU Dataset\IMU Dataset\sub6\ADLs\AXM_RSS_trial3.xlsx,sub6,sub7,ADL,ADL,0.99774915,0.002250414,4.7782896e-07
sub6,ADL,0,SQ,1,1921,15.0,D:\00-FLagship Project\SFU-IMU Dataset\IMU Dataset\sub6\ADLs\AXM_SQ_trial1.xlsx,sub6,sub7,ADL,ADL,0.99322903,0.006763686,7.2214816e-06
sub6,ADL,0,SQ,2,1921,15.0,D:\00-FLagship Project\SFU-IMU Dataset\IMU Dataset\sub6\ADLs\AXM_SQ_trial2.xlsx,sub6,sub7,ADL,ADL,0.99152136,0.00845879,1.9815661e-05
sub6,ADL,0,SQ,3,1921,15.0,D:\00-FLagship Project\SFU-IMU Dataset\IMU Dataset\sub6\ADLs\AXM_SQ_trial3.xlsx,sub6,sub7,ADL,ADL,0.99248284,0.007506933,1.0129834e-05
sub6,Fall,2,CS,1,1921,15.0,D:\00-FLagship Project\SFU-IMU Dataset\IMU Dataset\sub6\Falls\AXM_CS_trial1.xlsx,sub6,sub7,Fall,Fall,2.2243856e-22,1.1528486e-07,0.9999999
sub6,Fall,2,CS,2,1921,15.0,D:\00-FLagship Project\SFU-IMU Dataset\IMU Dataset\sub6\Falls\AXM_CS_trial2.xlsx,sub6,sub7,Fall,Fall,8.70174e-11,9.813873e-25,1.0
sub6,Fall,2,CS,4,1921,15.0,D:\00-FLagship Project\SFU-IMU Dataset\IMU Dataset\sub6\Falls\AXM_CS_trial4.xlsx,sub6,sub7,Fall,Fall,3.1929208e-08,3.6227506e-26,1.0
sub6,Fall,2,HB,1,1921,15.0,D:\00-FLagship Project\SFU-IMU Dataset\IMU Dataset\sub6\Falls\AXM_HB_trial1.xlsx,sub6,sub7,Fall,Fall,1.1694795e-08,2.0274883e-17,1.0
sub6,Fall,2,HB,4,1921,15.0,D:\00-FLagship Project\SFU-IMU Dataset\IMU Dataset\sub6\Falls\AXM_HB_trial4.xlsx,sub6,sub7,Fall,Fall,5.9054454e-08,1.2782644e-29,1.0
sub6,Fall,2,HB,5,1921,15.0,D:\00-FLagship Project\SFU-IMU Dataset\IMU Dataset\sub6\Falls\AXM_HB_trial5.xlsx,sub6,sub7,Fall,Fall,3.9179554e-08,7.548953e-21,1.0
sub6,Fall,2,ITDS,1,1921,15.0,D:\00-FLagship Project\SFU-IMU Dataset\IMU Dataset\sub6\Falls\AXM_ITDS_trial1.xlsx,sub6,sub7,Fall,Fall,0.28264076,8.560835e-18,0.71735924
sub6,Fall,2,ITDS,2,1921,15.0,D:\00-FLagship Project\SFU-IMU Dataset\IMU Dataset\sub6\Falls\AXM_ITDS_trial2.xlsx,sub6,sub7,Fall,Fall,0.17111813,6.106913e-34,0.8288819
sub6,Fall,2,ITDS,3,1921,15.0,D:\00-FLagship Project\SFU-IMU Dataset\IMU Dataset\sub6\Falls\AXM_ITDS_trial3.xlsx,sub6,sub7,Fall,Fall,0.173847,7.931258e-16,0.826153
sub6,Fall,2,ITRS,1,1921,15.0,D:\00-FLagship Project\SFU-IMU Dataset\IMU Dataset\sub6\Falls\AXM_ITRS_trial1.xlsx,sub6,sub7,Fall,Fall,1.814645e-08,2.0853998e-34,1.0
sub6,Fall,2,ITRS,3,1921,15.0,D:\00-FLagship Project\SFU-IMU Dataset\IMU Dataset\sub6\Falls\AXM_ITRS_trial3.xlsx,sub6,sub7,Fall,Fall,1.304101e-06,5.2690973e-25,0.9999987
sub6,Fall,2,ITRS,4,1921,15.0,D:\00-FLagship Project\SFU-IMU Dataset\IMU Dataset\sub6\Falls\AXM_ITRS_trial4.xlsx,sub6,sub7,Fall,Fall,1.3210623e-06,9.906644e-27,0.9999987
sub6,Fall,2,LCC,1,1920,15.0,D:\00-FLagship Project\SFU-IMU Dataset\IMU Dataset\sub6\Falls\AXM_LCC_trial1.xlsx,sub6,sub7,Fall,Fall,5.3918194e-12,0.0,1.0
sub6,Fall,2,LCC,2,1921,15.0,D:\00-FLagship Project\SFU-IMU Dataset\IMU Dataset\sub6\Falls\AXM_LCC_trial2.xlsx,sub6,sub7,Fall,Fall,6.3033956e-09,5.5200576e-25,1.0
sub6,Fall,2,LCC,3,1921,15.0,D:\00-FLagship Project\SFU-IMU Dataset\IMU Dataset\sub6\Falls\AXM_LCC_trial3.xlsx,sub6,sub7,Fall,Fall,5.4279217e-09,2.5289945e-31,1.0
sub6,Fall,2,slip,1,1921,15.0,D:\00-FLagship Project\SFU-IMU Dataset\IMU Dataset\sub6\Falls\AXM_slip_trial1.xlsx,sub6,sub7,Fall,Fall,6.794145e-05,9.167288e-08,0.99993193
sub6,Fall,2,slip,2,1921,15.0,D:\00-FLagship Project\SFU-IMU Dataset\IMU Dataset\sub6\Falls\AXM_slip_trial2.xlsx,sub6,sub7,Fall,Fall,2.4565834e-06,4.6025657e-20,0.9999975
sub6,Fall,2,slip,6,1921,15.0,D:\00-FLagship Project\SFU-IMU Dataset\IMU Dataset\sub6\Falls\AXM_slip_trial6.xlsx,sub6,sub7,Fall,Fall,0.08070835,1.347808e-19,0.9192917
sub6,Fall,2,trip,2,1921,15.0,D:\00-FLagship Project\SFU-IMU Dataset\IMU Dataset\sub6\Falls\AXM_trip_trial2.xlsx,sub6,sub7,Fall,Fall,6.387503e-15,1.3494961e-17,1.0
sub6,Fall,2,trip,3,1921,15.0,D:\00-FLagship Project\SFU-IMU Dataset\IMU Dataset\sub6\Falls\AXM_trip_trial3.xlsx,sub6,sub7,Fall,Fall,1.9353395e-14,4.1599418e-26,1.0
sub6,Fall,2,trip,4,1921,15.0,D:\00-FLagship Project\SFU-IMU Dataset\IMU Dataset\sub6\Falls\AXM_trip_trial4.xlsx,sub6,sub7,Fall,Fall,3.8273098e-13,3.3790128e-21,1.0
sub6,Near_Fall,1,CS,3,1921,15.0,D:\00-FLagship Project\SFU-IMU Dataset\IMU Dataset\sub6\Near_Falls\AXM_CS_trial3.xlsx,sub6,sub7,Near_Fall,Near_Fall,6.6442453e-07,0.9839715,0.01602782
sub6,Near_Fall,1,CS,5,1921,15.0,D:\00-FLagship Project\SFU-IMU Dataset\IMU Dataset\sub6\Near_Falls\AXM_CS_trial5.xlsx,sub6,sub7,Near_Fall,Near_Fall,6.498122e-08,0.98416996,0.015830036
sub6,Near_Fall,1,CS,6,1921,15.0,D:\00-FLagship Project\SFU-IMU Dataset\IMU Dataset\sub6\Near_Falls\AXM_CS_trial6.xlsx,sub6,sub7,Near_Fall,Near_Fall,1.2681191e-08,0.9856177,0.014382343
sub6,Near_Fall,1,HB,2,1921,15.0,D:\00-FLagship Project\SFU-IMU Dataset\IMU Dataset\sub6\Near_Falls\AXM_HB_trial2.xlsx,sub6,sub7,Near_Fall,Near_Fall,2.6152408e-08,0.9938007,0.0061993087
sub6,Near_Fall,1,HB,3,1921,15.0,D:\00-FLagship Project\SFU-IMU Dataset\IMU Dataset\sub6\Near_Falls\AXM_HB_trial3.xlsx,sub6,sub7,Near_Fall,Near_Fall,2.1040414e-09,0.98311216,0.016887862
sub6,Near_Fall,1,HB,6,1921,15.0,D:\00-FLagship Project\SFU-IMU Dataset\IMU Dataset\sub6\Near_Falls\AXM_HB_trial6.xlsx,sub6,sub7,Near_Fall,Near_Fall,2.0263428e-07,0.9969799,0.003019931
sub6,Near_Fall,1,ITRS,2,1921,15.0,D:\00-FLagship Project\SFU-IMU Dataset\IMU Dataset\sub6\Near_Falls\AXM_ITRS_trial2.xlsx,sub6,sub7,Near_Fall,Near_Fall,0.0017070104,0.9952362,0.0030567516
sub6,Near_Fall,1,ITRS,5,1921,15.0,D:\00-FLagship Project\SFU-IMU Dataset\IMU Dataset\sub6\Near_Falls\AXM_ITRS_trial5.xlsx,sub6,sub7,Near_Fall,Near_Fall,6.1938376e-06,0.9990355,0.0009583818
sub6,Near_Fall,1,ITRS,6,1921,15.0,D:\00-FLagship Project\SFU-IMU Dataset\IMU Dataset\sub6\Near_Falls\AXM_ITRS_trial6.xlsx,sub6,sub7,Near_Fall,Fall,9.496105e-16,0.009051913,0.990948
sub6,Near_Fall,1,slip,3,1921,15.0,D:\00-FLagship Project\SFU-IMU Dataset\IMU Dataset\sub6\Near_Falls\AXM_slip_trial3.xlsx,sub6,sub7,Near_Fall,Near_Fall,2.489966e-11,0.9999784,2.1610584e-05
sub6,Near_Fall,1,slip,4,1921,15.0,D:\00-FLagship Project\SFU-IMU Dataset\IMU Dataset\sub6\Near_Falls\AXM_slip_trial4.xlsx,sub6,sub7,Near_Fall,Near_Fall,3.1501527e-12,0.9859433,0.01405672
sub6,Near_Fall,1,slip,5,1921,15.0,D:\00-FLagship Project\SFU-IMU Dataset\IMU Dataset\sub6\Near_Falls\AXM_slip_trial5.xlsx,sub6,sub7,Near_Fall,Near_Fall,3.1983435e-12,0.9793605,0.020639474
sub6,Near_Fall,1,trip,1,1921,15.0,D:\00-FLagship Project\SFU-IMU Dataset\IMU Dataset\sub6\Near_Falls\AXM_trip_trial1.xlsx,sub6,sub7,Near_Fall,Near_Fall,2.4183603e-17,0.8219281,0.17807186
sub6,Near_Fall,1,trip,5,1921,15.0,D:\00-FLagship Project\SFU-IMU Dataset\IMU Dataset\sub6\Near_Falls\AXM_trip_trial5.xlsx,sub6,sub7,Near_Fall,Near_Fall,9.607137e-11,0.9789013,0.021098666
sub6,Near_Fall,1,trip,6,1921,15.0,D:\00-FLagship Project\SFU-IMU Dataset\IMU Dataset\sub6\Near_Falls\AXM_trip_trial6.xlsx,sub6,sub7,Near_Fall,Near_Fall,2.3852279e-12,0.99917233,0.000827661
sub7,ADL,0,AS,1,2561,20.0,D:\00-FLagship Project\SFU-IMU Dataset\IMU Dataset\sub7\ADLs\HXE_AS_trial1.xlsx,sub7,sub8,ADL,ADL,0.995182,0.0048151393,2.8260042e-06
sub7,ADL,0,AS,2,2561,20.0,D:\00-FLagship Project\SFU-IMU Dataset\IMU Dataset\sub7\ADLs\HXE_AS_trial2.xlsx,sub7,sub8,ADL,ADL,0.9981104,0.0018890072,6.365849e-07
sub7,ADL,0,AS,3,2561,20.0,D:\00-FLagship Project\SFU-IMU Dataset\IMU Dataset\sub7\ADLs\HXE_AS_trial3.xlsx,sub7,sub8,ADL,ADL,0.99666303,0.0033362033,6.857494e-07
sub7,ADL,0,DS,1,2561,20.0,D:\00-FLagship Project\SFU-IMU Dataset\IMU Dataset\sub7\ADLs\HXE_DS_trial1.xlsx,sub7,sub8,ADL,ADL,0.9999391,6.003987e-05,8.5720876e-07
sub7,ADL,0,DS,2,2561,20.0,D:\00-FLagship Project\SFU-IMU Dataset\IMU Dataset\sub7\ADLs\HXE_DS_trial2.xlsx,sub7,sub8,ADL,ADL,0.9999356,6.306658e-05,1.320824e-06
sub7,ADL,0,DS,3,2561,20.0,D:\00-FLagship Project\SFU-IMU Dataset\IMU Dataset\sub7\ADLs\HXE_DS_trial3.xlsx,sub7,sub8,ADL,ADL,0.9999149,8.453776e-05,6.041727e-07
sub7,ADL,0,DSL,1,1921,15.0,D:\00-FLagship Project\SFU-IMU Dataset\IMU Dataset\sub7\ADLs\HXE_DSL_trial1.xlsx,sub7,sub8,ADL,ADL,0.9999999,9.599041e-27,1.7869043e-07
sub7,ADL,0,DSL,2,1921,15.0,D:\00-FLagship Project\SFU-IMU Dataset\IMU Dataset\sub7\ADLs\HXE_DSL_trial2.xlsx,sub7,sub8,ADL,ADL,0.99999976,3.2077948e-24,2.1617558e-07
sub7,ADL,0,DSL,3,1921,15.0,D:\00-FLagship Project\SFU-IMU Dataset\IMU Dataset\sub7\ADLs\HXE_DSL_trial3.xlsx,sub7,sub8,ADL,ADL,1.0,2.6362548e-25,4.956104e-08
sub7,ADL,0,DSS,1,1921,15.0,D:\00-FLagship Project\SFU-IMU Dataset\IMU Dataset\sub7\ADLs\HXE_DSS_trial1.xlsx,sub7,sub8,ADL,ADL,0.99928194,0.00071768684,3.6753005e-07
sub7,ADL,0,DSS,2,1921,15.0,D:\00-FLagship Project\SFU-IMU Dataset\IMU Dataset\sub7\ADLs\HXE_DSS_trial2.xlsx,sub7,sub8,ADL,ADL,0.9995629,0.00043678615,1.8252622e-07
sub7,ADL,0,DSS,3,1921,15.0,D:\00-FLagship Project\SFU-IMU Dataset\IMU Dataset\sub7\ADLs\HXE_DSS_trial3.xlsx,sub7,sub8,ADL,ADL,0.999193,0.00080662384,3.5117816e-07
sub7,ADL,0,NW,1,1922,15.00781,D:\00-FLagship Project\SFU-IMU Dataset\IMU Dataset\sub7\ADLs\HXE_NW_trial1.xlsx,sub7,sub8,ADL,ADL,0.9932312,0.0067263143,4.2456937e-05
sub7,ADL,0,NW,2,1921,15.0,D:\00-FLagship Project\SFU-IMU Dataset\IMU Dataset\sub7\ADLs\HXE_NW_trial2.xlsx,sub7,sub8,ADL,ADL,0.9944324,0.0055395863,2.7946051e-05
sub7,ADL,0,NW,3,1921,15.0,D:\00-FLagship Project\SFU-IMU Dataset\IMU Dataset\sub7\ADLs\HXE_NW_trial3.xlsx,sub7,sub8,ADL,ADL,0.9967572,0.0032238292,1.902152e-05
sub7,ADL,0,POG,1,1921,15.0,D:\00-FLagship Project\SFU-IMU Dataset\IMU Dataset\sub7\ADLs\HXE_POG_trial1.xlsx,sub7,sub8,ADL,ADL,0.9989911,0.0010043582,4.5002607e-06
sub7,ADL,0,POG,2,1921,15.0,D:\00-FLagship Project\SFU-IMU Dataset\IMU Dataset\sub7\ADLs\HXE_POG_trial2.xlsx,sub7,sub8,ADL,ADL,0.99723214,0.0027600052,7.860326e-06
sub7,ADL,0,POG,3,1921,15.0,D:\00-FLagship Project\SFU-IMU Dataset\IMU Dataset\sub7\ADLs\HXE_POG_trial3.xlsx,sub7,sub8,ADL,ADL,0.99939346,0.00060433097,2.1011638e-06
sub7,ADL,0,RSS,1,1921,15.0,D:\00-FLagship Project\SFU-IMU Dataset\IMU Dataset\sub7\ADLs\HXE_RSS_trial1.xlsx,sub7,sub8,ADL,ADL,0.99958557,0.000413384,1.0964161e-06
sub7,ADL,0,RSS,2,1921,15.0,D:\00-FLagship Project\SFU-IMU Dataset\IMU Dataset\sub7\ADLs\HXE_RSS_trial2.xlsx,sub7,sub8,ADL,ADL,0.99967194,0.0003265178,1.5462664e-06
sub7,ADL,0,RSS,3,1921,15.0,D:\00-FLagship Project\SFU-IMU Dataset\IMU Dataset\sub7\ADLs\HXE_RSS_trial3.xlsx,sub7,sub8,ADL,ADL,0.9996106,0.00038521737,4.1481685e-06
sub7,ADL,0,SQ,1,1921,15.0,D:\00-FLagship Project\SFU-IMU Dataset\IMU Dataset\sub7\ADLs\HXE_SQ_trial1.xlsx,sub7,sub8,ADL,ADL,0.9970709,0.0027658006,0.00016329778
sub7,ADL,0,SQ,2,1921,15.0,D:\00-FLagship Project\SFU-IMU Dataset\IMU Dataset\sub7\ADLs\HXE_SQ_trial2.xlsx,sub7,sub8,ADL,ADL,0.99825794,0.0016787505,6.328989e-05
sub7,ADL,0,SQ,3,1921,15.0,D:\00-FLagship Project\SFU-IMU Dataset\IMU Dataset\sub7\ADLs\HXE_SQ_trial3.xlsx,sub7,sub8,ADL,ADL,0.99504447,0.00474085,0.00021473822
sub7,Fall,2,CS,3,1921,15.0,D:\00-FLagship Project\SFU-IMU Dataset\IMU Dataset\sub7\Falls\HXE_CS_trial3.xlsx,sub7,sub8,Fall,Fall,2.8530393e-13,2.368286e-13,1.0
sub7,Fall,2,CS,4,1911,15.0,D:\00-FLagship Project\SFU-IMU Dataset\IMU Dataset\sub7\Falls\HXE_CS_trial4.xlsx,sub7,sub8,Fall,Fall,5.255701e-12,1.0921413e-05,0.99998903
sub7,Fall,2,CS,5,1921,15.0,D:\00-FLagship Project\SFU-IMU Dataset\IMU Dataset\sub7\Falls\HXE_CS_trial5.xlsx,sub7,sub8,Fall,Fall,1.0422153e-09,1.769934e-07,0.9999999
sub7,Fall,2,HB,1,1921,15.0,D:\00-FLagship Project\SFU-IMU Dataset\IMU Dataset\sub7\Falls\HXE_HB_trial1.xlsx,sub7,sub8,Fall,Fall,1.5209031e-05,1.3036359e-20,0.99998474
sub7,Fall,2,HB,3,1922,15.007819999999999,D:\00-FLagship Project\SFU-IMU Dataset\IMU Dataset\sub7\Falls\HXE_HB_trial3.xlsx,sub7,sub8,Fall,Fall,0.00015008135,1.9299133e-19,0.9998499
sub7,Fall,2,HB,4,1921,15.0,D:\00-FLagship Project\SFU-IMU Dataset\IMU Dataset\sub7\Falls\HXE_HB_trial4.xlsx,sub7,sub8,Fall,Fall,1.7169367e-06,1.4657203e-20,0.99999833
sub7,Fall,2,ITDS,1,1921,15.0,D:\00-FLagship Project\SFU-IMU Dataset\IMU Dataset\sub7\Falls\HXE_ITDS_trial1.xlsx,sub7,sub8,Fall,Fall,0.07107064,8.004753e-17,0.9289293
sub7,Fall,2,ITDS,2,1921,15.0,D:\00-FLagship Project\SFU-IMU Dataset\IMU Dataset\sub7\Falls\HXE_ITDS_trial2.xlsx,sub7,sub8,Fall,Fall,0.0002166157,4.2129386e-16,0.99978346
sub7,Fall,2,ITDS,3,1921,15.0,D:\00-FLagship Project\SFU-IMU Dataset\IMU Dataset\sub7\Falls\HXE_ITDS_trial3.xlsx,sub7,sub8,Fall,Fall,0.07564879,7.501624e-18,0.92435116
sub7,Fall,2,ITRS,1,1921,15.0,D:\00-FLagship Project\SFU-IMU Dataset\IMU Dataset\sub7\Falls\HXE_ITRS_trial1.xlsx,sub7,sub8,Fall,Fall,4.288713e-10,2.6996445e-19,1.0
sub7,Fall,2,ITRS,2,1921,15.0,D:\00-FLagship Project\SFU-IMU Dataset\IMU Dataset\sub7\Falls\HXE_ITRS_trial2.xlsx,sub7,sub8,Fall,Fall,2.2047448e-06,2.764189e-17,0.99999785
sub7,Fall,2,ITRS,4,1921,15.0,D:\00-FLagship Project\SFU-IMU Dataset\IMU Dataset\sub7\Falls\HXE_ITRS_trial4.xlsx,sub7,sub8,Fall,Fall,0.0023952264,8.566976e-18,0.9976047
sub7,Fall,2,LCC,1,1921,15.0,D:\00-FLagship Project\SFU-IMU Dataset\IMU Dataset\sub7\Falls\HXE_LCC_trial1.xlsx,sub7,sub8,Fall,Fall,2.4416782e-05,1.077106e-16,0.99997556
sub7,Fall,2,LCC,2,1921,15.0,D:\00-FLagship Project\SFU-IMU Dataset\IMU Dataset\sub7\Falls\HXE_LCC_trial2.xlsx,sub7,sub8,Fall,Fall,5.8994377e-05,8.348063e-17,0.999941
sub7,Fall,2,LCC,3,1921,15.0,D:\00-FLagship Project\SFU-IMU Dataset\IMU Dataset\sub7\Falls\HXE_LCC_trial3.xlsx,sub7,sub8,Fall,Fall,1.7497057e-07,3.990383e-17,0.9999999
sub7,Fall,2,slip,1,1921,15.0,D:\00-FLagship Project\SFU-IMU Dataset\IMU Dataset\sub7\Falls\HXE_slip_trial1.xlsx,sub7,sub8,Fall,Fall,1.5375916e-16,1.7803917e-12,1.0
sub7,Fall,2,slip,2,1921,15.0,D:\00-FLagship Project\SFU-IMU Dataset\IMU Dataset\sub7\Falls\HXE_slip_trial2.xlsx,sub7,sub8,Fall,Fall,0.06842196,1.2489079e-14,0.93157804
sub7,Fall,2,slip,3,1921,15.0,D:\00-FLagship Project\SFU-IMU Dataset\IMU Dataset\sub7\Falls\HXE_slip_trial3.xlsx,sub7,sub8,Fall,Fall,1.2326734e-10,1.0452823e-11,1.0
sub7,Fall,2,trip,1,1921,15.0,D:\00-FLagship Project\SFU-IMU Dataset\IMU Dataset\sub7\Falls\HXE_trip_trial1.xlsx,sub7,sub8,Fall,Fall,8.568121e-15,5.207006e-12,1.0
sub7,Fall,2,trip,3,1921,15.0,D:\00-FLagship Project\SFU-IMU Dataset\IMU Dataset\sub7\Falls\HXE_trip_trial3.xlsx,sub7,sub8,Fall,Near_Fall,3.750318e-09,0.9997093,0.00029060434
sub7,Fall,2,trip,4,1921,15.0,D:\00-FLagship Project\SFU-IMU Dataset\IMU Dataset\sub7\Falls\HXE_trip_trial4.xlsx,sub7,sub8,Fall,Fall,5.182042e-09,0.18818246,0.8118175
sub7,Near_Fall,1,CS,1,1922,15.00781,D:\00-FLagship Project\SFU-IMU Dataset\IMU Dataset\sub7\Near_Falls\HXE_CS_trial1.xlsx,sub7,sub8,Near_Fall,Near_Fall,8.8000496e-11,0.9263461,0.07365383
sub7,Near_Fall,1,CS,2,1921,15.0,D:\00-FLagship Project\SFU-IMU Dataset\IMU Dataset\sub7\Near_Falls\HXE_CS_trial2.xlsx,sub7,sub8,Near_Fall,ADL,0.6758028,0.32386312,0.00033405327
sub7,Near_Fall,1,CS,6,1921,15.0,D:\00-FLagship Project\SFU-IMU Dataset\IMU Dataset\sub7\Near_Falls\HXE_CS_trial6.xlsx,sub7,sub8,Near_Fall,Near_Fall,0.38415283,0.61556756,0.00027955536
sub7,Near_Fall,1,HB,2,1921,15.0,D:\00-FLagship Project\SFU-IMU Dataset\IMU Dataset\sub7\Near_Falls\HXE_HB_trial2.xlsx,sub7,sub8,Near_Fall,Near_Fall,0.008358767,0.9896046,0.0020366234
sub7,Near_Fall,1,HB,5,1921,15.0,D:\00-FLagship Project\SFU-IMU Dataset\IMU Dataset\sub7\Near_Falls\HXE_HB_trial5.xlsx,sub7,sub8,Near_Fall,Near_Fall,0.004788459,0.9905184,0.0046931687
sub7,Near_Fall,1,HB,6,1921,15.0,D:\00-FLagship Project\SFU-IMU Dataset\IMU Dataset\sub7\Near_Falls\HXE_HB_trial6.xlsx,sub7,sub8,Near_Fall,Near_Fall,6.959232e-07,0.96354085,0.03645841
sub7,Near_Fall,1,ITRS,3,1921,15.0,D:\00-FLagship Project\SFU-IMU Dataset\IMU Dataset\sub7\Near_Falls\HXE_ITRS_trial3.xlsx,sub7,sub8,Near_Fall,ADL,0.52833503,0.4716376,2.7310816e-05
sub7,Near_Fall,1,ITRS,6,1921,15.0,D:\00-FLagship Project\SFU-IMU Dataset\IMU Dataset\sub7\Near_Falls\HXE_ITRS_trial6.xlsx,sub7,sub8,Near_Fall,Near_Fall,0.0012350066,0.99808705,0.00067799556
sub7,Near_Fall,1,ITRS,7,1921,15.0,D:\00-FLagship Project\SFU-IMU Dataset\IMU Dataset\sub7\Near_Falls\HXE_ITRS_trial7.xlsx,sub7,sub8,Near_Fall,Near_Fall,0.26098228,0.7388626,0.00015521844
sub7,Near_Fall,1,slip,4,1921,15.0,D:\00-FLagship Project\SFU-IMU Dataset\IMU Dataset\sub7\Near_Falls\HXE_slip_trial4.xlsx,sub7,sub8,Near_Fall,Near_Fall,5.144856e-07,0.9418751,0.058124386
sub7,Near_Fall,1,slip,5,1922,15.00781,D:\00-FLagship Project\SFU-IMU Dataset\IMU Dataset\sub7\Near_Falls\HXE_slip_trial5.xlsx,sub7,sub8,Near_Fall,Near_Fall,1.873748e-11,0.99429554,0.0057044686
sub7,Near_Fall,1,slip,6,1921,15.0,D:\00-FLagship Project\SFU-IMU Dataset\IMU Dataset\sub7\Near_Falls\HXE_slip_trial6.xlsx,sub7,sub8,Near_Fall,Near_Fall,1.4665393e-07,0.9949575,0.005042416
sub7,Near_Fall,1,trip,2,1921,15.0,D:\00-FLagship Project\SFU-IMU Dataset\IMU Dataset\sub7\Near_Falls\HXE_trip_trial2.xlsx,sub7,sub8,Near_Fall,Near_Fall,1.4745205e-09,0.99617094,0.0038290261
sub7,Near_Fall,1,trip,5,1921,15.0,D:\00-FLagship Project\SFU-IMU Dataset\IMU Dataset\sub7\Near_Falls\HXE_trip_trial5.xlsx,sub7,sub8,Near_Fall,Near_Fall,2.9417038e-07,0.99770015,0.0022995668
sub7,Near_Fall,1,trip,6,1921,15.0,D:\00-FLagship Project\SFU-IMU Dataset\IMU Dataset\sub7\Near_Falls\HXE_trip_trial6.xlsx,sub7,sub8,Near_Fall,Near_Fall,4.474284e-08,0.9918453,0.008154601
sub8,ADL,0,AS,1,2561,20.0,D:\00-FLagship Project\SFU-IMU Dataset\IMU Dataset\sub8\ADLs\RXV_AS_trial1.xlsx,sub8,sub9,ADL,ADL,0.98717475,0.012788013,3.7290327e-05
sub8,ADL,0,AS,2,2561,20.0,D:\00-FLagship Project\SFU-IMU Dataset\IMU Dataset\sub8\ADLs\RXV_AS_trial2.xlsx,sub8,sub9,ADL,ADL,0.9715191,0.028437229,4.371286e-05
sub8,ADL,0,AS,3,2562,20.00782,D:\00-FLagship Project\SFU-IMU Dataset\IMU Dataset\sub8\ADLs\RXV_AS_trial3.xlsx,sub8,sub9,ADL,ADL,0.9819103,0.018044468,4.5168537e-05
sub8,ADL,0,DS,1,2561,20.0,D:\00-FLagship Project\SFU-IMU Dataset\IMU Dataset\sub8\ADLs\RXV_DS_trial1.xlsx,sub8,sub9,ADL,ADL,0.99049544,0.009499392,5.1473753e-06
sub8,ADL,0,DS,2,2561,20.0,D:\00-FLagship Project\SFU-IMU Dataset\IMU Dataset\sub8\ADLs\RXV_DS_trial2.xlsx,sub8,sub9,ADL,ADL,0.99536335,0.0046365033,1.3454842e-07
sub8,ADL,0,DS,3,2561,20.0,D:\00-FLagship Project\SFU-IMU Dataset\IMU Dataset\sub8\ADLs\RXV_DS_trial3.xlsx,sub8,sub9,ADL,ADL,0.98987436,0.010122677,2.9530943e-06
sub8,ADL,0,DSL,1,1921,15.0,D:\00-FLagship Project\SFU-IMU Dataset\IMU Dataset\sub8\ADLs\RXV_DSL_trial1.xlsx,sub8,sub9,ADL,Fall,0.19668007,1.5185351e-07,0.80331975
sub8,ADL,0,DSL,2,1921,15.0,D:\00-FLagship Project\SFU-IMU Dataset\IMU Dataset\sub8\ADLs\RXV_DSL_trial2.xlsx,sub8,sub9,ADL,Fall,0.06133084,3.0768634e-14,0.9386691
sub8,ADL,0,DSL,3,1921,15.0,D:\00-FLagship Project\SFU-IMU Dataset\IMU Dataset\sub8\ADLs\RXV_DSL_trial3.xlsx,sub8,sub9,ADL,ADL,0.93855065,4.675797e-07,0.06144892
sub8,ADL,0,DSS,1,1921,15.0,D:\00-FLagship Project\SFU-IMU Dataset\IMU Dataset\sub8\ADLs\RXV_DSS_trial1.xlsx,sub8,sub9,ADL,ADL,0.981686,0.01824424,6.973527e-05
sub8,ADL,0,DSS,2,1921,15.0,D:\00-FLagship Project\SFU-IMU Dataset\IMU Dataset\sub8\ADLs\RXV_DSS_trial2.xlsx,sub8,sub9,ADL,ADL,0.9779222,0.021997118,8.0721264e-05
sub8,ADL,0,DSS,3,1921,15.0,D:\00-FLagship Project\SFU-IMU Dataset\IMU Dataset\sub8\ADLs\RXV_DSS_trial3.xlsx,sub8,sub9,ADL,ADL,0.981685,0.018220643,9.439331e-05
sub8,ADL,0,NW,1,1921,15.0,D:\00-FLagship Project\SFU-IMU Dataset\IMU Dataset\sub8\ADLs\RXV_NW_trial1.xlsx,sub8,sub9,ADL,ADL,0.98485434,0.015108747,3.7039685e-05
sub8,ADL,0,NW,2,1921,15.0,D:\00-FLagship Project\SFU-IMU Dataset\IMU Dataset\sub8\ADLs\RXV_NW_trial2.xlsx,sub8,sub9,ADL,ADL,0.98652864,0.013428986,4.236658e-05
sub8,ADL,0,NW,3,1921,15.0,D:\00-FLagship Project\SFU-IMU Dataset\IMU Dataset\sub8\ADLs\RXV_NW_trial3.xlsx,sub8,sub9,ADL,ADL,0.986692,0.013260718,4.7233312e-05
sub8,ADL,0,POG,1,1921,15.0,D:\00-FLagship Project\SFU-IMU Dataset\IMU Dataset\sub8\ADLs\RXV_POG_trial1.xlsx,sub8,sub9,ADL,ADL,0.97885346,0.021121358,2.5249894e-05
sub8,ADL,0,POG,2,1922,15.00781,D:\00-FLagship Project\SFU-IMU Dataset\IMU Dataset\sub8\ADLs\RXV_POG_trial2.xlsx,sub8,sub9,ADL,ADL,0.9835629,0.016425498,1.1588942e-05
sub8,ADL,0,POG,3,1922,15.00781,D:\00-FLagship Project\SFU-IMU Dataset\IMU Dataset\sub8\ADLs\RXV_POG_trial3.xlsx,sub8,sub9,ADL,ADL,0.9914512,0.008543648,5.184988e-06
sub8,ADL,0,RSS,1,1921,15.0,D:\00-FLagship Project\SFU-IMU Dataset\IMU Dataset\sub8\ADLs\RXV_RSS_trial1.xlsx,sub8,sub9,ADL,ADL,0.98134834,0.018544206,0.00010742823
sub8,ADL,0,RSS,2,1921,15.0,D:\00-FLagship Project\SFU-IMU Dataset\IMU Dataset\sub8\ADLs\RXV_RSS_trial2.xlsx,sub8,sub9,ADL,ADL,0.98054296,0.019341841,0.00011510606
sub8,ADL,0,RSS,3,1921,15.0,D:\00-FLagship Project\SFU-IMU Dataset\IMU Dataset\sub8\ADLs\RXV_RSS_trial3.xlsx,sub8,sub9,ADL,ADL,0.97976637,0.020117031,0.00011652091
sub8,ADL,0,SQ,1,1921,15.0,D:\00-FLagship Project\SFU-IMU Dataset\IMU Dataset\sub8\ADLs\RXV_SQ_trial1.xlsx,sub8,sub9,ADL,ADL,0.98273116,0.017157441,0.00011142388
sub8,ADL,0,SQ,2,1921,15.0,D:\00-FLagship Project\SFU-IMU Dataset\IMU Dataset\sub8\ADLs\RXV_SQ_trial2.xlsx,sub8,sub9,ADL,ADL,0.9841381,0.01576562,9.626799e-05
sub8,ADL,0,SQ,3,1921,15.0,D:\00-FLagship Project\SFU-IMU Dataset\IMU Dataset\sub8\ADLs\RXV_SQ_trial3.xlsx,sub8,sub9,ADL,ADL,0.98472255,0.015187831,8.965547e-05
sub8,Fall,2,CS,1,1921,15.0,D:\00-FLagship Project\SFU-IMU Dataset\IMU Dataset\sub8\Falls\RXV_CS_trial1.xlsx,sub8,sub9,Fall,Fall,0.00040587306,1.9130653e-07,0.9995939
sub8,Fall,2,CS,4,1921,15.0,D:\00-FLagship Project\SFU-IMU Dataset\IMU Dataset\sub8\Falls\RXV_CS_trial4.xlsx,sub8,sub9,Fall,ADL,0.863166,9.2320945e-05,0.1367417
sub8,Fall,2,CS,6,1921,15.0,D:\00-FLagship Project\SFU-IMU Dataset\IMU Dataset\sub8\Falls\RXV_CS_trial6.xlsx,sub8,sub9,Fall,Fall,1.4303553e-09,1.2477613e-09,1.0
sub8,Fall,2,HB,2,1921,15.0,D:\00-FLagship Project\SFU-IMU Dataset\IMU Dataset\sub8\Falls\RXV_HB_trial2.xlsx,sub8,sub9,Fall,Fall,5.7617976e-11,1.9007577e-10,1.0
sub8,Fall,2,HB,3,1921,15.0,D:\00-FLagship Project\SFU-IMU Dataset\IMU Dataset\sub8\Falls\RXV_HB_trial3.xlsx,sub8,sub9,Fall,Fall,2.5814248e-15,7.312111e-16,1.0
sub8,Fall,2,HB,5,1921,15.0,D:\00-FLagship Project\SFU-IMU Dataset\IMU Dataset\sub8\Falls\RXV_HB_trial5.xlsx,sub8,sub9,Fall,Fall,1.3512316e-10,6.8495604e-12,1.0
sub8,Fall,2,ITDS,1,1921,15.0,D:\00-FLagship Project\SFU-IMU Dataset\IMU Dataset\sub8\Falls\RXV_ITDS_trial1.xlsx,sub8,sub9,Fall,Fall,0.00014061292,1.1623754e-11,0.99985933
sub8,Fall,2,ITDS,2,1921,15.0,D:\00-FLagship Project\SFU-IMU Dataset\IMU Dataset\sub8\Falls\RXV_ITDS_trial2.xlsx,sub8,sub9,Fall,Fall,0.0003713982,3.9082214e-13,0.99962854
sub8,Fall,2,ITDS,3,1921,15.0,D:\00-FLagship Project\SFU-IMU Dataset\IMU Dataset\sub8\Falls\RXV_ITDS_trial3.xlsx,sub8,sub9,Fall,Fall,0.000399357,4.985566e-09,0.9996007
sub8,Fall,2,ITRS,1,1921,15.0,D:\00-FLagship Project\SFU-IMU Dataset\IMU Dataset\sub8\Falls\RXV_ITRS_trial1.xlsx,sub8,sub9,Fall,Fall,1.709891e-09,1.0393925e-09,1.0
sub8,Fall,2,ITRS,3,1922,15.007819999999999,D:\00-FLagship Project\SFU-IMU Dataset\IMU Dataset\sub8\Falls\RXV_ITRS_trial3.xlsx,sub8,sub9,Fall,Fall,1.5196317e-05,1.8587548e-09,0.99998486
sub8,Fall,2,ITRS,4,1921,15.0,D:\00-FLagship Project\SFU-IMU Dataset\IMU Dataset\sub8\Falls\RXV_ITRS_trial4.xlsx,sub8,sub9,Fall,Fall,1.3266554e-08,7.17231e-08,0.9999999
sub8,Fall,2,LCC,1,1921,15.0,D:\00-FLagship Project\SFU-IMU Dataset\IMU Dataset\sub8\Falls\RXV_LCC_trial1.xlsx,sub8,sub9,Fall,Fall,2.5512363e-06,4.7442644e-10,0.9999975
sub8,Fall,2,LCC,2,1921,15.0,D:\00-FLagship Project\SFU-IMU Dataset\IMU Dataset\sub8\Falls\RXV_LCC_trial2.xlsx,sub8,sub9,Fall,Fall,9.1125415e-12,1.8284431e-10,1.0
sub8,Fall,2,LCC,3,1921,15.0,D:\00-FLagship Project\SFU-IMU Dataset\IMU Dataset\sub8\Falls\RXV_LCC_trial3.xlsx,sub8,sub9,Fall,Fall,4.8426003e-11,1.124636e-13,1.0
sub8,Fall,2,slip,1,1921,15.0,D:\00-FLagship Project\SFU-IMU Dataset\IMU Dataset\sub8\Falls\RXV_slip_trial1.xlsx,sub8,sub9,Fall,Near_Fall,3.0373545e-08,0.98089623,0.019103719
sub8,Fall,2,slip,2,1921,15.0,D:\00-FLagship Project\SFU-IMU Dataset\IMU Dataset\sub8\Falls\RXV_slip_trial2.xlsx,sub8,sub9,Fall,Fall,1.2324156e-09,1.021779e-08,1.0
sub8,Fall,2,slip,6,1922,15.00781,D:\00-FLagship Project\SFU-IMU Dataset\IMU Dataset\sub8\Falls\RXV_slip_trial6.xlsx,sub8,sub9,Fall,Fall,9.420038e-07,4.311602e-09,0.99999905
sub8,Fall,2,trip,1,1921,15.0,D:\00-FLagship Project\SFU-IMU Dataset\IMU Dataset\sub8\Falls\RXV_trip_trial1.xlsx,sub8,sub9,Fall,Near_Fall,4.2297394e-08,0.9996549,0.00034502364
sub8,Fall,2,trip,3,1921,15.0,D:\00-FLagship Project\SFU-IMU Dataset\IMU Dataset\sub8\Falls\RXV_trip_trial3.xlsx,sub8,sub9,Fall,Near_Fall,7.249051e-07,0.99846566,0.0015336679
sub8,Fall,2,trip,6,1921,15.0,D:\00-FLagship Project\SFU-IMU Dataset\IMU Dataset\sub8\Falls\RXV_trip_trial6.xlsx,sub8,sub9,Fall,Fall,0.027488083,0.09267524,0.87983674
sub8,Near_Fall,1,CS,2,1921,15.0,D:\00-FLagship Project\SFU-IMU Dataset\IMU Dataset\sub8\Near_Falls\RXV_CS_trial2.xlsx,sub8,sub9,Near_Fall,ADL,0.88571,0.11422339,6.663855e-05
sub8,Near_Fall,1,CS,3,1921,15.0,D:\00-FLagship Project\SFU-IMU Dataset\IMU Dataset\sub8\Near_Falls\RXV_CS_trial3.xlsx,sub8,sub9,Near_Fall,Near_Fall,0.022419492,0.9772115,0.0003690906
sub8,Near_Fall,1,CS,5,1921,15.0,D:\00-FLagship Project\SFU-IMU Dataset\IMU Dataset\sub8\Near_Falls\RXV_CS_trial5.xlsx,sub8,sub9,Near_Fall,Near_Fall,0.005977615,0.9897259,0.0042964267
sub8,Near_Fall,1,HB,1,1921,15.0,D:\00-FLagship Project\SFU-IMU Dataset\IMU Dataset\sub8\Near_Falls\RXV_HB_trial1.xlsx,sub8,sub9,Near_Fall,Near_Fall,0.00021859522,0.95419174,0.04558965
sub8,Near_Fall,1,HB,4,1921,15.0,D:\00-FLagship Project\SFU-IMU Dataset\IMU Dataset\sub8\Near_Falls\RXV_HB_trial4.xlsx,sub8,sub9,Near_Fall,Near_Fall,0.40635234,0.5914237,0.0022239746
sub8,Near_Fall,1,HB,6,1921,15.0,D:\00-FLagship Project\SFU-IMU Dataset\IMU Dataset\sub8\Near_Falls\RXV_HB_trial6.xlsx,sub8,sub9,Near_Fall,ADL,0.56134856,0.43557864,0.0030728106
sub8,Near_Fall,1,ITRS,2,1921,15.0,D:\00-FLagship Project\SFU-IMU Dataset\IMU Dataset\sub8\Near_Falls\RXV_ITRS_trial2.xlsx,sub8,sub9,Near_Fall,Near_Fall,0.0036438995,0.991715,0.0046410626
sub8,Near_Fall,1,ITRS,5,1921,15.0,D:\00-FLagship Project\SFU-IMU Dataset\IMU Dataset\sub8\Near_Falls\RXV_ITRS_trial5.xlsx,sub8,sub9,Near_Fall,Near_Fall,0.00017522188,0.99828905,0.0015357434
sub8,Near_Fall,1,ITRS,6,1921,15.0,D:\00-FLagship Project\SFU-IMU Dataset\IMU Dataset\sub8\Near_Falls\RXV_ITRS_trial6.xlsx,sub8,sub9,Near_Fall,Near_Fall,0.058405995,0.9408387,0.00075533247
sub8,Near_Fall,1,slip,3,1921,15.0,D:\00-FLagship Project\SFU-IMU Dataset\IMU Dataset\sub8\Near_Falls\RXV_slip_trial3.xlsx,sub8,sub9,Near_Fall,Near_Fall,4.67735e-09,0.9999945,5.450807e-06
sub8,Near_Fall,1,slip,4,1921,15.0,D:\00-FLagship Project\SFU-IMU Dataset\IMU Dataset\sub8\Near_Falls\RXV_slip_trial4.xlsx,sub8,sub9,Near_Fall,Near_Fall,0.014521977,0.98528844,0.00018962212
sub8,Near_Fall,1,slip,5,1921,15.0,D:\00-FLagship Project\SFU-IMU Dataset\IMU Dataset\sub8\Near_Falls\RXV_slip_trial5.xlsx,sub8,sub9,Near_Fall,Near_Fall,0.00057590136,0.99870825,0.00071583636
sub8,Near_Fall,1,trip,2,1921,15.0,D:\00-FLagship Project\SFU-IMU Dataset\IMU Dataset\sub8\Near_Falls\RXV_trip_trial2.xlsx,sub8,sub9,Near_Fall,Near_Fall,0.022982718,0.9766812,0.0003361072
sub8,Near_Fall,1,trip,4,1921,15.0,D:\00-FLagship Project\SFU-IMU Dataset\IMU Dataset\sub8\Near_Falls\RXV_trip_trial4.xlsx,sub8,sub9,Near_Fall,Near_Fall,0.13438712,0.86548054,0.00013227733
sub8,Near_Fall,1,trip,5,1921,15.0,D:\00-FLagship Project\SFU-IMU Dataset\IMU Dataset\sub8\Near_Falls\RXV_trip_trial5.xlsx,sub8,sub9,Near_Fall,Near_Fall,0.034182698,0.9648982,0.00091910944
sub9,ADL,0,AS,1,2561,20.0,D:\00-FLagship Project\SFU-IMU Dataset\IMU Dataset\sub9\ADLs\SXT_AS_trial1.xlsx,sub9,sub10,ADL,ADL,0.99999857,1.4804325e-06,8.83516e-09
sub9,ADL,0,AS,2,2561,20.0,D:\00-FLagship Project\SFU-IMU Dataset\IMU Dataset\sub9\ADLs\SXT_AS_trial2.xlsx,sub9,sub10,ADL,ADL,0.9999864,1.3589628e-05,4.1349338e-08
sub9,ADL,0,AS,3,2561,20.0,D:\00-FLagship Project\SFU-IMU Dataset\IMU Dataset\sub9\ADLs\SXT_AS_trial3.xlsx,sub9,sub10,ADL,ADL,0.99994504,5.4852164e-05,1.4530495e-07
sub9,ADL,0,DS,1,2562,20.00781,D:\00-FLagship Project\SFU-IMU Dataset\IMU Dataset\sub9\ADLs\SXT_DS_trial1.xlsx,sub9,sub10,ADL,ADL,0.99999535,3.1071413e-06,1.5616627e-06
sub9,ADL,0,DS,2,2561,20.0,D:\00-FLagship Project\SFU-IMU Dataset\IMU Dataset\sub9\ADLs\SXT_DS_trial2.xlsx,sub9,sub10,ADL,ADL,0.9987066,0.0011284587,0.00016498707
sub9,ADL,0,DS,3,2561,20.0,D:\00-FLagship Project\SFU-IMU Dataset\IMU Dataset\sub9\ADLs\SXT_DS_trial3.xlsx,sub9,sub10,ADL,ADL,0.9964562,0.002345163,0.0011985074
sub9,ADL,0,DSL,1,1921,15.0,D:\00-FLagship Project\SFU-IMU Dataset\IMU Dataset\sub9\ADLs\SXT_DSL_trial1.xlsx,sub9,sub10,ADL,Fall,0.08440443,1.3801464e-30,0.9155956
sub9,ADL,0,DSL,2,1921,15.0,D:\00-FLagship Project\SFU-IMU Dataset\IMU Dataset\sub9\ADLs\SXT_DSL_trial2.xlsx,sub9,sub10,ADL,ADL,0.99999964,1.0143546e-28,3.5094752e-07
sub9,ADL,0,DSL,3,1921,15.0,D:\00-FLagship Project\SFU-IMU Dataset\IMU Dataset\sub9\ADLs\SXT_DSL_trial3.xlsx,sub9,sub10,ADL,ADL,0.99999726,6.20124e-32,2.687156e-06
sub9,ADL,0,DSS,1,1921,15.0,D:\00-FLagship Project\SFU-IMU Dataset\IMU Dataset\sub9\ADLs\SXT_DSS_trial1.xlsx,sub9,sub10,ADL,ADL,0.9946979,0.0053018336,2.7747404e-07
sub9,ADL,0,DSS,2,1921,15.0,D:\00-FLagship Project\SFU-IMU Dataset\IMU Dataset\sub9\ADLs\SXT_DSS_trial2.xlsx,sub9,sub10,ADL,ADL,0.9982749,0.0017186648,6.369596e-06
sub9,ADL,0,DSS,3,1921,15.0,D:\00-FLagship Project\SFU-IMU Dataset\IMU Dataset\sub9\ADLs\SXT_DSS_trial3.xlsx,sub9,sub10,ADL,ADL,0.9979285,0.0020655757,5.94776e-06
sub9,ADL,0,NW,1,1921,15.0,D:\00-FLagship Project\SFU-IMU Dataset\IMU Dataset\sub9\ADLs\SXT_NW_trial1.xlsx,sub9,sub10,ADL,ADL,0.99245,0.007548005,1.958103e-06
sub9,ADL,0,NW,2,1921,15.0,D:\00-FLagship Project\SFU-IMU Dataset\IMU Dataset\sub9\ADLs\SXT_NW_trial2.xlsx,sub9,sub10,ADL,ADL,0.9892708,0.010724017,5.165569e-06
sub9,ADL,0,NW,3,1921,15.0,D:\00-FLagship Project\SFU-IMU Dataset\IMU Dataset\sub9\ADLs\SXT_NW_trial3.xlsx,sub9,sub10,ADL,ADL,0.99789846,0.0021007785,6.7371883e-07
sub9,ADL,0,POG,1,1921,15.0,D:\00-FLagship Project\SFU-IMU Dataset\IMU Dataset\sub9\ADLs\SXT_POG_trial1.xlsx,sub9,sub10,ADL,ADL,0.9912521,0.008747476,4.0440835e-07
sub9,ADL,0,POG,2,1921,15.0,D:\00-FLagship Project\SFU-IMU Dataset\IMU Dataset\sub9\ADLs\SXT_POG_trial2.xlsx,sub9,sub10,ADL,ADL,0.9868418,0.013157939,2.4460425e-07
sub9,ADL,0,POG,3,1921,15.0,D:\00-FLagship Project\SFU-IMU Dataset\IMU Dataset\sub9\ADLs\SXT_POG_trial3.xlsx,sub9,sub10,ADL,ADL,0.9839256,0.016074194,2.4551474e-07
sub9,ADL,0,RSS,1,1921,15.0,D:\00-FLagship Project\SFU-IMU Dataset\IMU Dataset\sub9\ADLs\SXT_RSS_trial1.xlsx,sub9,sub10,ADL,ADL,0.99754024,0.002456528,3.211833e-06
sub9,ADL,0,RSS,2,1921,15.0,D:\00-FLagship Project\SFU-IMU Dataset\IMU Dataset\sub9\ADLs\SXT_RSS_trial2.xlsx,sub9,sub10,ADL,ADL,0.9977035,0.0022933525,3.2088988e-06
sub9,ADL,0,RSS,3,1921,15.0,D:\00-FLagship Project\SFU-IMU Dataset\IMU Dataset\sub9\ADLs\SXT_RSS_trial3.xlsx,sub9,sub10,ADL,ADL,0.9964796,0.0035185297,1.895082e-06
sub9,ADL,0,SQ,1,1921,15.0,D:\00-FLagship Project\SFU-IMU Dataset\IMU Dataset\sub9\ADLs\SXT_SQ_trial1.xlsx,sub9,sub10,ADL,ADL,0.99594754,0.0040433793,9.193697e-06
sub9,ADL,0,SQ,2,1921,15.0,D:\00-FLagship Project\SFU-IMU Dataset\IMU Dataset\sub9\ADLs\SXT_SQ_trial2.xlsx,sub9,sub10,ADL,ADL,0.99771,0.0022737891,1.6226018e-05
sub9,ADL,0,SQ,3,1921,15.0,D:\00-FLagship Project\SFU-IMU Dataset\IMU Dataset\sub9\ADLs\SXT_SQ_trial3.xlsx,sub9,sub10,ADL,ADL,0.99666816,0.0033186644,1.3223256e-05
sub9,Fall,2,CS,1,1921,15.0,D:\00-FLagship Project\SFU-IMU Dataset\IMU Dataset\sub9\Falls\SXT_CS_trial1.xlsx,sub9,sub10,Fall,Fall,6.7499993e-22,3.4098356e-18,1.0
sub9,Fall,2,CS,2,1921,15.0,D:\00-FLagship Project\SFU-IMU Dataset\IMU Dataset\sub9\Falls\SXT_CS_trial2.xlsx,sub9,sub10,Fall,Fall,5.1466926e-17,1.8029022e-22,1.0
sub9,Fall,2,CS,4,1921,15.0,D:\00-FLagship Project\SFU-IMU Dataset\IMU Dataset\sub9\Falls\SXT_CS_trial4.xlsx,sub9,sub10,Fall,Fall,8.691047e-21,1.3283959e-26,1.0
sub9,Fall,2,HB,2,1922,15.007819999999999,D:\00-FLagship Project\SFU-IMU Dataset\IMU Dataset\sub9\Falls\SXT_HB_trial2.xlsx,sub9,sub10,Fall,Fall,5.3187466e-31,5.2461138e-27,1.0
sub9,Fall,2,HB,3,1921,15.0,D:\00-FLagship Project\SFU-IMU Dataset\IMU Dataset\sub9\Falls\SXT_HB_trial3.xlsx,sub9,sub10,Fall,Fall,6.9773396e-25,2.4904345e-29,1.0
sub9,Fall,2,HB,6,1921,15.0,D:\00-FLagship Project\SFU-IMU Dataset\IMU Dataset\sub9\Falls\SXT_HB_trial6.xlsx,sub9,sub10,Fall,Fall,6.1340656e-23,1.0669164e-32,1.0
sub9,Fall,2,ITDS,1,1921,15.0,D:\00-FLagship Project\SFU-IMU Dataset\IMU Dataset\sub9\Falls\SXT_ITDS_trial1.xlsx,sub9,sub10,Fall,Fall,1.7507961e-14,4.853676e-35,1.0
sub9,Fall,2,ITDS,2,1921,15.0,D:\00-FLagship Project\SFU-IMU Dataset\IMU Dataset\sub9\Falls\SXT_ITDS_trial2.xlsx,sub9,sub10,Fall,Fall,9.0514255e-24,7.339535e-29,1.0
sub9,Fall,2,ITDS,3,1921,15.0,D:\00-FLagship Project\SFU-IMU Dataset\IMU Dataset\sub9\Falls\SXT_ITDS_trial3.xlsx,sub9,sub10,Fall,Fall,9.406093e-19,4.0974575e-29,1.0
sub9,Fall,2,ITRS,1,1921,15.0,D:\00-FLagship Project\SFU-IMU Dataset\IMU Dataset\sub9\Falls\SXT_ITRS_trial1.xlsx,sub9,sub10,Fall,Fall,2.7842733e-15,8.624027e-31,1.0
sub9,Fall,2,ITRS,2,1921,15.0,D:\00-FLagship Project\SFU-IMU Dataset\IMU Dataset\sub9\Falls\SXT_ITRS_trial2.xlsx,sub9,sub10,Fall,Fall,4.2099724e-19,3.4558016e-24,1.0
sub9,Fall,2,ITRS,4,1921,15.0,D:\00-FLagship Project\SFU-IMU Dataset\IMU Dataset\sub9\Falls\SXT_ITRS_trial4.xlsx,sub9,sub10,Fall,Fall,6.7565586e-10,1.0700906e-19,1.0
sub9,Fall,2,LCC,1,1921,15.0,D:\00-FLagship Project\SFU-IMU Dataset\IMU Dataset\sub9\Falls\SXT_LCC_trial1.xlsx,sub9,sub10,Fall,Fall,1.3535752e-12,1.2419363e-29,1.0
sub9,Fall,2,LCC,2,1921,15.0,D:\00-FLagship Project\SFU-IMU Dataset\IMU Dataset\sub9\Falls\SXT_LCC_trial2.xlsx,sub9,sub10,Fall,Fall,1.008927e-09,2.6592614e-34,1.0
sub9,Fall,2,LCC,3,1922,15.00781,D:\00-FLagship Project\SFU-IMU Dataset\IMU Dataset\sub9\Falls\SXT_LCC_trial3.xlsx,sub9,sub10,Fall,Fall,8.176743e-18,0.0,1.0
sub9,Fall,2,slip,1,1921,15.0,D:\00-FLagship Project\SFU-IMU Dataset\IMU Dataset\sub9\Falls\SXT_slip_trial1.xlsx,sub9,sub10,Fall,Fall,2.3553133e-16,3.0034182e-14,1.0
sub9,Fall,2,slip,2,1921,15.0,D:\00-FLagship Project\SFU-IMU Dataset\IMU Dataset\sub9\Falls\SXT_slip_trial2.xlsx,sub9,sub10,Fall,Fall,2.3363891e-14,2.0093183e-31,1.0
sub9,Fall,2,slip,4,1921,15.0,D:\00-FLagship Project\SFU-IMU Dataset\IMU Dataset\sub9\Falls\SXT_slip_trial4.xlsx,sub9,sub10,Fall,Fall,4.9018784e-12,2.7923637e-33,1.0
sub9,Fall,2,trip,1,1921,15.0,D:\00-FLagship Project\SFU-IMU Dataset\IMU Dataset\sub9\Falls\SXT_trip_trial1.xlsx,sub9,sub10,Fall,Fall,1.2219516e-26,2.2049497e-19,1.0
sub9,Fall,2,trip,2,1921,15.0,D:\00-FLagship Project\SFU-IMU Dataset\IMU Dataset\sub9\Falls\SXT_trip_trial2.xlsx,sub9,sub10,Fall,Fall,3.1187905e-27,8.1018383e-22,1.0
sub9,Fall,2,trip,4,1921,15.0,D:\00-FLagship Project\SFU-IMU Dataset\IMU Dataset\sub9\Falls\SXT_trip_trial4.xlsx,sub9,sub10,Fall,Fall,1.0472668e-13,1.0386866e-21,1.0
sub9,Near_Fall,1,CS,3,1921,15.0,D:\00-FLagship Project\SFU-IMU Dataset\IMU Dataset\sub9\Near_Falls\SXT_CS_trial3.xlsx,sub9,sub10,Near_Fall,Fall,7.846142e-12,0.07717403,0.922826
sub9,Near_Fall,1,CS,5,1921,15.0,D:\00-FLagship Project\SFU-IMU Dataset\IMU Dataset\sub9\Near_Falls\SXT_CS_trial5.xlsx,sub9,sub10,Near_Fall,Near_Fall,3.1623816e-18,0.8374728,0.16252726
sub9,Near_Fall,1,CS,6,1921,15.0,D:\00-FLagship Project\SFU-IMU Dataset\IMU Dataset\sub9\Near_Falls\SXT_CS_trial6.xlsx,sub9,sub10,Near_Fall,Near_Fall,1.2640132e-14,0.74833006,0.25166988
sub9,Near_Fall,1,HB,1,1921,15.0,D:\00-FLagship Project\SFU-IMU Dataset\IMU Dataset\sub9\Near_Falls\SXT_HB_trial1.xlsx,sub9,sub10,Near_Fall,Near_Fall,1.5643781e-13,0.95241237,0.047587644
sub9,Near_Fall,1,HB,4,1921,15.0,D:\00-FLagship Project\SFU-IMU Dataset\IMU Dataset\sub9\Near_Falls\SXT_HB_trial4.xlsx,sub9,sub10,Near_Fall,Near_Fall,3.011207e-20,0.9078977,0.09210225
sub9,Near_Fall,1,HB,5,1921,15.0,D:\00-FLagship Project\SFU-IMU Dataset\IMU Dataset\sub9\Near_Falls\SXT_HB_trial5.xlsx,sub9,sub10,Near_Fall,Near_Fall,7.055814e-11,0.9947194,0.0052805427
sub9,Near_Fall,1,ITRS,3,1921,15.0,D:\00-FLagship Project\SFU-IMU Dataset\IMU Dataset\sub9\Near_Falls\SXT_ITRS_trial3.xlsx,sub9,sub10,Near_Fall,Near_Fall,1.0054379e-06,0.9527534,0.047245532
sub9,Near_Fall,1,ITRS,5,1921,15.0,D:\00-FLagship Project\SFU-IMU Dataset\IMU Dataset\sub9\Near_Falls\SXT_ITRS_trial5.xlsx,sub9,sub10,Near_Fall,Near_Fall,8.869405e-08,0.99248874,0.0075112283
sub9,Near_Fall,1,ITRS,6,1922,15.007819999999999,D:\00-FLagship Project\SFU-IMU Dataset\IMU Dataset\sub9\Near_Falls\SXT_ITRS_trial6.xlsx,sub9,sub10,Near_Fall,Near_Fall,1.3733052e-10,0.7821568,0.21784316
sub9,Near_Fall,1,slip,3,1921,15.0,D:\00-FLagship Project\SFU-IMU Dataset\IMU Dataset\sub9\Near_Falls\SXT_slip_trial3.xlsx,sub9,sub10,Near_Fall,Near_Fall,4.0191462e-25,0.9970739,0.0029260642
sub9,Near_Fall,1,slip,5,1921,15.0,D:\00-FLagship Project\SFU-IMU Dataset\IMU Dataset\sub9\Near_Falls\SXT_slip_trial5.xlsx,sub9,sub10,Near_Fall,Fall,4.0757123e-11,0.07613783,0.9238621
sub9,Near_Fall,1,slip,6,1921,15.0,D:\00-FLagship Project\SFU-IMU Dataset\IMU Dataset\sub9\Near_Falls\SXT_slip_trial6.xlsx,sub9,sub10,Near_Fall,Fall,6.679443e-10,0.015246932,0.9847531
sub9,Near_Fall,1,trip,3,1921,15.0,D:\00-FLagship Project\SFU-IMU Dataset\IMU Dataset\sub9\Near_Falls\SXT_trip_trial3.xlsx,sub9,sub10,Near_Fall,Near_Fall,2.4859563e-08,0.99379927,0.0062007396
sub9,Near_Fall,1,trip,5,1921,15.0,D:\00-FLagship Project\SFU-IMU Dataset\IMU Dataset\sub9\Near_Falls\SXT_trip_trial5.xlsx,sub9,sub10,Near_Fall,Fall,1.4086597e-09,0.039607726,0.9603923
sub9,Near_Fall,1,trip,6,1921,15.0,D:\00-FLagship Project\SFU-IMU Dataset\IMU Dataset\sub9\Near_Falls\SXT_trip_trial6.xlsx,sub9,sub10,Near_Fall,Near_Fall,4.124733e-05,0.98747164,0.012487126
sub10,ADL,0,AS,1,2561,20.0,D:\00-FLagship Project\SFU-IMU Dataset\IMU Dataset\sub10\ADLs\VXM_AS_trial1.xlsx,sub10,sub1,ADL,ADL,0.99941754,0.0005824049,1.5201591e-07
sub10,ADL,0,AS,2,2561,20.0,D:\00-FLagship Project\SFU-IMU Dataset\IMU Dataset\sub10\ADLs\VXM_AS_trial2.xlsx,sub10,sub1,ADL,ADL,0.9988967,0.0011028895,3.0853408e-07
sub10,ADL,0,AS,3,2561,20.0,D:\00-FLagship Project\SFU-IMU Dataset\IMU Dataset\sub10\ADLs\VXM_AS_trial3.xlsx,sub10,sub1,ADL,ADL,0.99898726,0.0010124623,2.7502026e-07
sub10,ADL,0,DS,1,2561,20.0,D:\00-FLagship Project\SFU-IMU Dataset\IMU Dataset\sub10\ADLs\VXM_DS_trial1.xlsx,sub10,sub1,ADL,ADL,0.99881184,0.0011873208,8.163631e-07
sub10,ADL,0,DS,2,2561,20.0,D:\00-FLagship Project\SFU-IMU Dataset\IMU Dataset\sub10\ADLs\VXM_DS_trial2.xlsx,sub10,sub1,ADL,ADL,0.999826,0.00017295025,1.0907127e-06
sub10,ADL,0,DS,3,2561,20.0,D:\00-FLagship Project\SFU-IMU Dataset\IMU Dataset\sub10\ADLs\VXM_DS_trial3.xlsx,sub10,sub1,ADL,ADL,0.94288313,0.057027504,8.9352136e-05
sub10,ADL,0,DSL,1,1921,15.0,D:\00-FLagship Project\SFU-IMU Dataset\IMU Dataset\sub10\ADLs\VXM_DSL_trial1.xlsx,sub10,sub1,ADL,ADL,0.9999026,3.1239304e-14,9.733466e-05
sub10,ADL,0,DSL,2,1921,15.0,D:\00-FLagship Project\SFU-IMU Dataset\IMU Dataset\sub10\ADLs\VXM_DSL_trial2.xlsx,sub10,sub1,ADL,ADL,1.0,1.7221709e-10,5.9530567e-08
sub10,ADL,0,DSL,3,1921,15.0,D:\00-FLagship Project\SFU-IMU Dataset\IMU Dataset\sub10\ADLs\VXM_DSL_trial3.xlsx,sub10,sub1,ADL,ADL,0.9897322,2.639995e-12,0.010267794
sub10,ADL,0,DSS,1,1921,15.0,D:\00-FLagship Project\SFU-IMU Dataset\IMU Dataset\sub10\ADLs\VXM_DSS_trial1.xlsx,sub10,sub1,ADL,ADL,0.9898519,0.010147094,9.832245e-07
sub10,ADL,0,DSS,2,1921,15.0,D:\00-FLagship Project\SFU-IMU Dataset\IMU Dataset\sub10\ADLs\VXM_DSS_trial2.xlsx,sub10,sub1,ADL,ADL,0.994769,0.005230299,6.737538e-07
sub10,ADL,0,DSS,3,1921,15.0,D:\00-FLagship Project\SFU-IMU Dataset\IMU Dataset\sub10\ADLs\VXM_DSS_trial3.xlsx,sub10,sub1,ADL,ADL,0.98633575,0.013659845,4.342046e-06
sub10,ADL,0,NW,1,1921,15.0,D:\00-FLagship Project\SFU-IMU Dataset\IMU Dataset\sub10\ADLs\VXM_NW_trial1.xlsx,sub10,sub1,ADL,ADL,0.9956508,0.004345824,3.3016493e-06
sub10,ADL,0,NW,2,1921,15.0,D:\00-FLagship Project\SFU-IMU Dataset\IMU Dataset\sub10\ADLs\VXM_NW_trial2.xlsx,sub10,sub1,ADL,ADL,0.99509454,0.0049007176,4.747049e-06
sub10,ADL,0,NW,3,1921,15.0,D:\00-FLagship Project\SFU-IMU Dataset\IMU Dataset\sub10\ADLs\VXM_NW_trial3.xlsx,sub10,sub1,ADL,ADL,0.99377304,0.006221939,5.077068e-06
sub10,ADL,0,POG,1,1921,15.0,D:\00-FLagship Project\SFU-IMU Dataset\IMU Dataset\sub10\ADLs\VXM_POG_trial1.xlsx,sub10,sub1,ADL,ADL,0.99109334,0.008904103,2.6537525e-06
sub10,ADL,0,POG,2,1921,15.0,D:\00-FLagship Project\SFU-IMU Dataset\IMU Dataset\sub10\ADLs\VXM_POG_trial2.xlsx,sub10,sub1,ADL,ADL,0.99681133,0.0031884955,1.5929766e-07
sub10,ADL,0,POG,3,1921,15.0,D:\00-FLagship Project\SFU-IMU Dataset\IMU Dataset\sub10\ADLs\VXM_POG_trial3.xlsx,sub10,sub1,ADL,ADL,0.9969091,0.0030909288,3.692609e-08
sub10,ADL,0,RSS,1,1921,15.0,D:\00-FLagship Project\SFU-IMU Dataset\IMU Dataset\sub10\ADLs\VXM_RSS_trial1.xlsx,sub10,sub1,ADL,ADL,0.9957937,0.0042052832,1.0480628e-06
sub10,ADL,0,RSS,2,1921,15.0,D:\00-FLagship Project\SFU-IMU Dataset\IMU Dataset\sub10\ADLs\VXM_RSS_trial2.xlsx,sub10,sub1,ADL,ADL,0.99505484,0.0049435855,1.5810141e-06
sub10,ADL,0,RSS,3,1921,15.0,D:\00-FLagship Project\SFU-IMU Dataset\IMU Dataset\sub10\ADLs\VXM_RSS_trial3.xlsx,sub10,sub1,ADL,ADL,0.99488115,0.005117607,1.3121738e-06
sub10,ADL,0,SQ,1,1921,15.0,D:\00-FLagship Project\SFU-IMU Dataset\IMU Dataset\sub10\ADLs\VXM_SQ_trial1.xlsx,sub10,sub1,ADL,ADL,0.9950982,0.0048982734,3.5772678e-06
sub10,ADL,0,SQ,2,1921,15.0,D:\00-FLagship Project\SFU-IMU Dataset\IMU Dataset\sub10\ADLs\VXM_SQ_trial2.xlsx,sub10,sub1,ADL,ADL,0.9959045,0.004093618,1.8853201e-06
sub10,ADL,0,SQ,3,1921,15.0,D:\00-FLagship Project\SFU-IMU Dataset\IMU Dataset\sub10\ADLs\VXM_SQ_trial3.xlsx,sub10,sub1,ADL,ADL,0.9958961,0.004102042,1.9402146e-06
sub10,Fall,2,CS,2,1921,15.0,D:\00-FLagship Project\SFU-IMU Dataset\IMU Dataset\sub10\Falls\VXM_CS_trial2.xlsx,sub10,sub1,Fall,Fall,1.30119355e-08,0.003975159,0.99602485
sub10,Fall,2,CS,3,1921,15.0,D:\00-FLagship Project\SFU-IMU Dataset\IMU Dataset\sub10\Falls\VXM_CS_trial3.xlsx,sub10,sub1,Fall,Fall,2.8173181e-08,0.0001696736,0.99983025
sub10,Fall,2,CS,4,1921,15.0,D:\00-FLagship Project\SFU-IMU Dataset\IMU Dataset\sub10\Falls\VXM_CS_trial4.xlsx,sub10,sub1,Fall,Fall,1.7801535e-11,2.37565e-05,0.9999763
sub10,Fall,2,HB,2,1921,15.0,D:\00-FLagship Project\SFU-IMU Dataset\IMU Dataset\sub10\Falls\VXM_HB_trial2.xlsx,sub10,sub1,Fall,Fall,2.7539425e-14,6.0989933e-09,1.0
sub10,Fall,2,HB,3,1921,15.0,D:\00-FLagship Project\SFU-IMU Dataset\IMU Dataset\sub10\Falls\VXM_HB_trial3.xlsx,sub10,sub1,Fall,Fall,0.14401665,6.644777e-05,0.8559169
sub10,Fall,2,HB,5,1921,15.0,D:\00-FLagship Project\SFU-IMU Dataset\IMU Dataset\sub10\Falls\VXM_HB_trial5.xlsx,sub10,sub1,Fall,Fall,2.7369988e-09,4.170888e-08,1.0
sub10,Fall,2,ITDS,1,1921,15.0,D:\00-FLagship Project\SFU-IMU Dataset\IMU Dataset\sub10\Falls\VXM_ITDS_trial1.xlsx,sub10,sub1,Fall,Fall,3.288804e-05,1.792829e-08,0.9999671
sub10,Fall,2,ITDS,2,1921,15.0,D:\00-FLagship Project\SFU-IMU Dataset\IMU Dataset\sub10\Falls\VXM_ITDS_trial2.xlsx,sub10,sub1,Fall,Fall,2.3941336e-09,2.6159348e-09,1.0
sub10,Fall,2,ITDS,3,1921,15.0,D:\00-FLagship Project\SFU-IMU Dataset\IMU Dataset\sub10\Falls\VXM_ITDS_trial3.xlsx,sub10,sub1,Fall,Fall,1.3005379e-10,6.221739e-10,1.0
sub10,Fall,2,ITRS,1,1921,15.0,D:\00-FLagship Project\SFU-IMU Dataset\IMU Dataset\sub10\Falls\VXM_ITRS_trial1.xlsx,sub10,sub1,Fall,Fall,2.7039408e-09,6.401408e-11,1.0
sub10,Fall,2,ITRS,2,1921,15.0,D:\00-FLagship Project\SFU-IMU Dataset\IMU Dataset\sub10\Falls\VXM_ITRS_trial2.xlsx,sub10,sub1,Fall,Fall,1.1975536e-11,3.2185626e-13,1.0
sub10,Fall,2,ITRS,4,1921,15.0,D:\00-FLagship Project\SFU-IMU Dataset\IMU Dataset\sub10\Falls\VXM_ITRS_trial4.xlsx,sub10,sub1,Fall,Fall,2.0488773e-09,1.8825133e-09,1.0
sub10,Fall,2,LCC,1,1921,15.0,D:\00-FLagship Project\SFU-IMU Dataset\IMU Dataset\sub10\Falls\VXM_LCC_trial1.xlsx,sub10,sub1,Fall,Fall,5.2362453e-24,7.982807e-14,1.0
sub10,Fall,2,LCC,2,1921,15.0,D:\00-FLagship Project\SFU-IMU Dataset\IMU Dataset\sub10\Falls\VXM_LCC_trial2.xlsx,sub10,sub1,Fall,Fall,9.003237e-11,1.0695234e-07,0.9999999
sub10,Fall,2,LCC,3,1921,15.0,D:\00-FLagship Project\SFU-IMU Dataset\IMU Dataset\sub10\Falls\VXM_LCC_trial3.xlsx,sub10,sub1,Fall,Fall,1.1800299e-13,7.568639e-08,0.9999999
sub10,Fall,2,slip,1,1921,15.0,D:\00-FLagship Project\SFU-IMU Dataset\IMU Dataset\sub10\Falls\VXM_slip_trial1.xlsx,sub10,sub1,Fall,Fall,6.7990314e-15,4.04403e-05,0.9999596
sub10,Fall,2,slip,2,1921,15.0,D:\00-FLagship Project\SFU-IMU Dataset\IMU Dataset\sub10\Falls\VXM_slip_trial2.xlsx,sub10,sub1,Fall,Fall,2.0359432e-06,0.0006176284,0.99938035
sub10,Fall,2,slip,5,1921,15.0,D:\00-FLagship Project\SFU-IMU Dataset\IMU Dataset\sub10\Falls\VXM_slip_trial5.xlsx,sub10,sub1,Fall,Fall,5.3268015e-11,0.00050497643,0.999495
sub10,Fall,2,trip,1,1921,15.0,D:\00-FLagship Project\SFU-IMU Dataset\IMU Dataset\sub10\Falls\VXM_trip_trial1.xlsx,sub10,sub1,Fall,Fall,1.9281592e-17,4.2279886e-08,1.0
sub10,Fall,2,trip,4,1921,15.0,D:\00-FLagship Project\SFU-IMU Dataset\IMU Dataset\sub10\Falls\VXM_trip_trial4.xlsx,sub10,sub1,Fall,Fall,3.415547e-20,1.7414354e-07,0.9999999
sub10,Fall,2,trip,5,1921,15.0,D:\00-FLagship Project\SFU-IMU Dataset\IMU Dataset\sub10\Falls\VXM_trip_trial5.xlsx,sub10,sub1,Fall,Fall,3.765924e-14,3.0846962e-08,1.0
sub10,Near_Fall,1,CS,1,1921,15.0,D:\00-FLagship Project\SFU-IMU Dataset\IMU Dataset\sub10\Near_Falls\VXM_CS_trial1.xlsx,sub10,sub1,Near_Fall,Near_Fall,0.03483342,0.9645677,0.00059886085
sub10,Near_Fall,1,CS,5,1921,15.0,D:\00-FLagship Project\SFU-IMU Dataset\IMU Dataset\sub10\Near_Falls\VXM_CS_trial5.xlsx,sub10,sub1,Near_Fall,Near_Fall,0.0019786241,0.99774384,0.0002775311
sub10,Near_Fall,1,CS,6,1921,15.0,D:\00-FLagship Project\SFU-IMU Dataset\IMU Dataset\sub10\Near_Falls\VXM_CS_trial6.xlsx,sub10,sub1,Near_Fall,Near_Fall,4.7169124e-05,0.9998579,9.4949166e-05
sub10,Near_Fall,1,HB,1,1921,15.0,D:\00-FLagship Project\SFU-IMU Dataset\IMU Dataset\sub10\Near_Falls\VXM_HB_trial1.xlsx,sub10,sub1,Near_Fall,Near_Fall,6.073697e-06,0.9917726,0.008221291
sub10,Near_Fall,1,HB,4,1921,15.0,D:\00-FLagship Project\SFU-IMU Dataset\IMU Dataset\sub10\Near_Falls\VXM_HB_trial4.xlsx,sub10,sub1,Near_Fall,Near_Fall,0.002409848,0.9975387,5.1418956e-05
sub10,Near_Fall,1,HB,6,1921,15.0,D:\00-FLagship Project\SFU-IMU Dataset\IMU Dataset\sub10\Near_Falls\VXM_HB_trial6.xlsx,sub10,sub1,Near_Fall,Near_Fall,0.10406457,0.89463496,0.0013005224
sub10,Near_Fall,1,ITRS,3,1921,15.0,D:\00-FLagship Project\SFU-IMU Dataset\IMU Dataset\sub10\Near_Falls\VXM_ITRS_trial3.xlsx,sub10,sub1,Near_Fall,Near_Fall,0.010490446,0.9892715,0.00023803739
sub10,Near_Fall,1,ITRS,5,1921,15.0,D:\00-FLagship Project\SFU-IMU Dataset\IMU Dataset\sub10\Near_Falls\VXM_ITRS_trial5.xlsx,sub10,sub1,Near_Fall,Near_Fall,0.06529204,0.9346323,7.566862e-05
sub10,Near_Fall,1,ITRS,6,1921,15.0,D:\00-FLagship Project\SFU-IMU Dataset\IMU Dataset\sub10\Near_Falls\VXM_ITRS_trial6.xlsx,sub10,sub1,Near_Fall,Near_Fall,0.000686516,0.9992951,1.8354824e-05
sub10,Near_Fall,1,slip,3,1921,15.0,D:\00-FLagship Project\SFU-IMU Dataset\IMU Dataset\sub10\Near_Falls\VXM_slip_trial3.xlsx,sub10,sub1,Near_Fall,Near_Fall,0.034280457,0.96513337,0.0005861731
sub10,Near_Fall,1,slip,4,1921,15.0,D:\00-FLagship Project\SFU-IMU Dataset\IMU Dataset\sub10\Near_Falls\VXM_slip_trial4.xlsx,sub10,sub1,Near_Fall,Near_Fall,0.062249884,0.936971,0.00077909604
sub10,Near_Fall,1,slip,6,1921,15.0,D:\00-FLagship Project\SFU-IMU Dataset\IMU Dataset\sub10\Near_Falls\VXM_slip_trial6.xlsx,sub10,sub1,Near_Fall,Near_Fall,1.8500673e-08,0.99912614,0.0008738608
sub10,Near_Fall,1,trip,2,1921,15.0,D:\00-FLagship Project\SFU-IMU Dataset\IMU Dataset\sub10\Near_Falls\VXM_trip_trial2.xlsx,sub10,sub1,Near_Fall,Near_Fall,0.0077264323,0.9921659,0.00010763184
sub10,Near_Fall,1,trip,3,1921,15.0,D:\00-FLagship Project\SFU-IMU Dataset\IMU Dataset\sub10\Near_Falls\VXM_trip_trial3.xlsx,sub10,sub1,Near_Fall,Near_Fall,0.019557942,0.98018277,0.00025926533
sub10,Near_Fall,1,trip,6,1921,15.0,D:\00-FLagship Project\SFU-IMU Dataset\IMU Dataset\sub10\Near_Falls\VXM_trip_trial6.xlsx,sub10,sub1,Near_Fall,Near_Fall,1.4690415e-05,0.99323434,0.0067509976
