subject,label,label_id,scenario,repetition,original_samples,duration_seconds,path,fold_test_subject,validation_subject,true_label,predicted_label,probability_ADL,probability_Near_Fall,probability_Fall
sub1,ADL,0,AS,1,1921,15.0,D:\00-FLagship Project\SFU-IMU Dataset\IMU Dataset\sub1\ADLs\AXR_AS_trial1.xlsx,sub1,sub2,ADL,Near_Fall,0.19795753,0.7954934,0.0065490184
sub1,ADL,0,AS,2,2561,20.0,D:\00-FLagship Project\SFU-IMU Dataset\IMU Dataset\sub1\ADLs\AXR_AS_trial2.xlsx,sub1,sub2,ADL,Near_Fall,0.044775233,0.9407335,0.014491272
sub1,ADL,0,AS,3,2561,20.0,D:\00-FLagship Project\SFU-IMU Dataset\IMU Dataset\sub1\ADLs\AXR_AS_trial3.xlsx,sub1,sub2,ADL,Near_Fall,0.26906934,0.7229184,0.008012278
sub1,ADL,0,DS,1,2561,20.0,D:\00-FLagship Project\SFU-IMU Dataset\IMU Dataset\sub1\ADLs\AXR_DS_trial1.xlsx,sub1,sub2,ADL,Near_Fall,0.11876303,0.87455016,0.0066868607
sub1,ADL,0,DS,2,2562,20.00781,D:\00-FLagship Project\SFU-IMU Dataset\IMU Dataset\sub1\ADLs\AXR_DS_trial2.xlsx,sub1,sub2,ADL,Near_Fall,0.02869005,0.93753284,0.03377705
sub1,ADL,0,DS,3,2561,20.0,D:\00-FLagship Project\SFU-IMU Dataset\IMU Dataset\sub1\ADLs\AXR_DS_trial3.xlsx,sub1,sub2,ADL,Near_Fall,0.21711804,0.6328783,0.15000372
sub1,ADL,0,DSL,1,1921,15.0,D:\00-FLagship Project\SFU-IMU Dataset\IMU Dataset\sub1\ADLs\JXL_DSL_trial1.xlsx,sub1,sub2,ADL,Fall,0.14878085,0.0008089755,0.85041016
sub1,ADL,0,DSL,2,1921,15.0,D:\00-FLagship Project\SFU-IMU Dataset\IMU Dataset\sub1\ADLs\JXL_DSL_trial2.xlsx,sub1,sub2,ADL,Fall,0.14891423,0.0008146407,0.85027117
sub1,ADL,0,DSL,3,1921,15.0,D:\00-FLagship Project\SFU-IMU Dataset\IMU Dataset\sub1\ADLs\JXL_DSL_trial3.xlsx,sub1,sub2,ADL,Fall,0.1492079,0.00084925286,0.84994286
sub1,ADL,0,DSS,1,1921,15.0,D:\00-FLagship Project\SFU-IMU Dataset\IMU Dataset\sub1\ADLs\JXL_DSS_trial1.xlsx,sub1,sub2,ADL,Near_Fall,0.43854368,0.5485081,0.012948255
sub1,ADL,0,DSS,2,1921,15.0,D:\00-FLagship Project\SFU-IMU Dataset\IMU Dataset\sub1\ADLs\JXL_DSS_trial2.xlsx,sub1,sub2,ADL,ADL,0.5297619,0.45675898,0.0134791285
sub1,ADL,0,DSS,3,1921,15.0,D:\00-FLagship Project\SFU-IMU Dataset\IMU Dataset\sub1\ADLs\JXL_DSS_trial3.xlsx,sub1,sub2,ADL,Near_Fall,0.09071084,0.89834625,0.0109429695
sub1,ADL,0,NW,1,1921,15.0,D:\00-FLagship Project\SFU-IMU Dataset\IMU Dataset\sub1\ADLs\JXL_NW_trial1.xlsx,sub1,sub2,ADL,Near_Fall,0.029383145,0.9386352,0.031981677
sub1,ADL,0,NW,2,1921,15.0,D:\00-FLagship Project\SFU-IMU Dataset\IMU Dataset\sub1\ADLs\JXL_NW_trial2.xlsx,sub1,sub2,ADL,Near_Fall,0.02747647,0.94393516,0.028588453
sub1,ADL,0,NW,3,1921,15.0,D:\00-FLagship Project\SFU-IMU Dataset\IMU Dataset\sub1\ADLs\JXL_NW_trial3.xlsx,sub1,sub2,ADL,Near_Fall,0.027778357,0.9486396,0.023582073
sub1,ADL,0,POG,1,1921,15.0,D:\00-FLagship Project\SFU-IMU Dataset\IMU Dataset\sub1\ADLs\JXL_POG_trial1.xlsx,sub1,sub2,ADL,Near_Fall,0.34779403,0.6433225,0.008883401
sub1,ADL,0,POG,2,1921,15.0,D:\00-FLagship Project\SFU-IMU Dataset\IMU Dataset\sub1\ADLs\JXL_POG_trial2.xlsx,sub1,sub2,ADL,Near_Fall,0.037975844,0.9448546,0.017169574
sub1,ADL,0,POG,3,1921,15.0,D:\00-FLagship Project\SFU-IMU Dataset\IMU Dataset\sub1\ADLs\JXL_POG_trial3.xlsx,sub1,sub2,ADL,Near_Fall,0.04099606,0.94418377,0.014820171
sub1,ADL,0,RSS,1,1921,15.0,D:\00-FLagship Project\SFU-IMU Dataset\IMU Dataset\sub1\ADLs\JXL_RSS_trial1.xlsx,sub1,sub2,ADL,Near_Fall,0.4420311,0.5454251,0.012543785
sub1,ADL,0,RSS,2,1921,15.0,D:\00-FLagship Project\SFU-IMU Dataset\IMU Dataset\sub1\ADLs\JXL_RSS_trial2.xlsx,sub1,sub2,ADL,Near_Fall,0.48382306,0.5018451,0.014331806
sub1,ADL,0,RSS,3,1921,15.0,D:\00-FLagship Project\SFU-IMU Dataset\IMU Dataset\sub1\ADLs\JXL_RSS_trial3.xlsx,sub1,sub2,ADL,Near_Fall,0.0646249,0.92132115,0.014053957
sub1,ADL,0,SQ,1,1921,15.0,D:\00-FLagship Project\SFU-IMU Dataset\IMU Dataset\sub1\ADLs\JXL_SQ_trial1.xlsx,sub1,sub2,ADL,Near_Fall,0.367663,0.62134415,0.010992914
sub1,ADL,0,SQ,2,1921,15.0,D:\00-FLagship Project\SFU-IMU Dataset\IMU Dataset\sub1\ADLs\JXL_SQ_trial2.xlsx,sub1,sub2,ADL,Near_Fall,0.4393607,0.54774153,0.012897763
sub1,ADL,0,SQ,3,1921,15.0,D:\00-FLagship Project\SFU-IMU Dataset\IMU Dataset\sub1\ADLs\JXL_SQ_trial3.xlsx,sub1,sub2,ADL,Near_Fall,0.32059675,0.670234,0.009169237
sub1,Fall,2,ITCS,1,1921,15.0,D:\00-FLagship Project\SFU-IMU Dataset\IMU Dataset\sub1\Falls\AXR_ITCS_trial1.xlsx,sub1,sub2,Fall,Fall,0.14943644,0.00086998893,0.84969354
sub1,Fall,2,ITCS,3,1921,15.0,D:\00-FLagship Project\SFU-IMU Dataset\IMU Dataset\sub1\Falls\AXR_ITCS_trial3.xlsx,sub1,sub2,Fall,Fall,0.13969615,0.00081378483,0.85949004
sub1,Fall,2,ITCS,4,1921,15.0,D:\00-FLagship Project\SFU-IMU Dataset\IMU Dataset\sub1\Falls\AXR_ITCS_trial4.xlsx,sub1,sub2,Fall,Fall,0.14111497,0.00069651456,0.85818857
sub1,Fall,2,slip,1,1921,15.0,D:\00-FLagship Project\SFU-IMU Dataset\IMU Dataset\sub1\Falls\AXR_slip_trial1.xlsx,sub1,sub2,Fall,Near_Fall,0.11014305,0.8836589,0.0061980695
sub1,Fall,2,slip,2,1921,15.0,D:\00-FLagship Project\SFU-IMU Dataset\IMU Dataset\sub1\Falls\AXR_slip_trial2.xlsx,sub1,sub2,Fall,Fall,0.14804393,0.0007980637,0.85115796
sub1,Fall,2,slip,6,1922,15.00781,D:\00-FLagship Project\SFU-IMU Dataset\IMU Dataset\sub1\Falls\AXR_slip_trial6.xlsx,sub1,sub2,Fall,Fall,0.13105525,0.0005730433,0.8683716
sub1,Fall,2,HB,2,1921,15.0,D:\00-FLagship Project\SFU-IMU Dataset\IMU Dataset\sub1\Falls\JXL_HB_trial2.xlsx,sub1,sub2,Fall,Fall,0.14057732,0.00082811416,0.85859454
sub1,Fall,2,HB,3,1921,15.0,D:\00-FLagship Project\SFU-IMU Dataset\IMU Dataset\sub1\Falls\JXL_HB_trial3.xlsx,sub1,sub2,Fall,Fall,0.12270653,0.0007165288,0.8765769
sub1,Fall,2,HB,4,1921,15.0,D:\00-FLagship Project\SFU-IMU Dataset\IMU Dataset\sub1\Falls\JXL_HB_trial4.xlsx,sub1,sub2,Fall,Fall,0.1320465,0.00073867146,0.8672148
sub1,Fall,2,ITDS,1,1921,15.0,D:\00-FLagship Project\SFU-IMU Dataset\IMU Dataset\sub1\Falls\JXL_ITDS_trial1.xlsx,sub1,sub2,Fall,Fall,0.13983572,0.0006483837,0.8595159
sub1,Fall,2,ITDS,2,1921,15.0,D:\00-FLagship Project\SFU-IMU Dataset\IMU Dataset\sub1\Falls\JXL_ITDS_trial2.xlsx,sub1,sub2,Fall,Fall,0.1417903,0.0007323554,0.8574773
sub1,Fall,2,ITDS,3,1921,15.0,D:\00-FLagship Project\SFU-IMU Dataset\IMU Dataset\sub1\Falls\JXL_ITDS_trial3.xlsx,sub1,sub2,Fall,Fall,0.14941745,0.0008732469,0.8497093
sub1,Fall,2,ITRS,1,1921,15.0,D:\00-FLagship Project\SFU-IMU Dataset\IMU Dataset\sub1\Falls\JXL_ITRS_trial1.xlsx,sub1,sub2,Fall,Fall,0.14508879,0.0007848214,0.85412633
sub1,Fall,2,ITRS,2,1922,15.00781,D:\00-FLagship Project\SFU-IMU Dataset\IMU Dataset\sub1\Falls\JXL_ITRS_trial2.xlsx,sub1,sub2,Fall,Fall,0.14929661,0.00084363896,0.8498598
sub1,Fall,2,ITRS,4,1921,15.0,D:\00-FLagship Project\SFU-IMU Dataset\IMU Dataset\sub1\Falls\JXL_ITRS_trial4.xlsx,sub1,sub2,Fall,Fall,0.14349747,0.0007985037,0.85570395
sub1,Fall,2,LCC,1,1921,15.0,D:\00-FLagship Project\SFU-IMU Dataset\IMU Dataset\sub1\Falls\JXL_LCC_trial1.xlsx,sub1,sub2,Fall,Fall,0.1476387,0.00080383604,0.85155743
sub1,Fall,2,LCC,2,1921,15.0,D:\00-FLagship Project\SFU-IMU Dataset\IMU Dataset\sub1\Falls\JXL_LCC_trial2.xlsx,sub1,sub2,Fall,Fall,0.15057564,0.0009022469,0.84852207
sub1,Fall,2,LCC,3,1921,15.0,D:\00-FLagship Project\SFU-IMU Dataset\IMU Dataset\sub1\Falls\JXL_LCC_trial3.xlsx,sub1,sub2,Fall,Fall,0.15066735,0.000978773,0.84835386
sub1,Fall,2,trip,1,1921,15.0,D:\00-FLagship Project\SFU-IMU Dataset\IMU Dataset\sub1\Falls\JXL_trip_trial1.xlsx,sub1,sub2,Fall,Fall,0.12220559,0.0009220438,0.87687236
sub1,Fall,2,trip,2,1921,15.0,D:\00-FLagship Project\SFU-IMU Dataset\IMU Dataset\sub1\Falls\JXL_trip_trial2.xlsx,sub1,sub2,Fall,Fall,0.114357166,0.0006253069,0.8850176
sub1,Fall,2,trip,4,1921,15.0,D:\00-FLagship Project\SFU-IMU Dataset\IMU Dataset\sub1\Falls\JXL_trip_trial4.xlsx,sub1,sub2,Fall,Fall,0.11010461,0.048647515,0.84124786
sub1,Near_Fall,1,ITCS,2,1921,15.0,D:\00-FLagship Project\SFU-IMU Dataset\IMU Dataset\sub1\Near_Falls\AXR_ITCS_trial2.xlsx,sub1,sub2,Near_Fall,Near_Fall,0.031092817,0.94016373,0.02874349
sub1,Near_Fall,1,ITCS,5,1921,15.0,D:\00-FLagship Project\SFU-IMU Dataset\IMU Dataset\sub1\Near_Falls\AXR_ITCS_trial5.xlsx,sub1,sub2,Near_Fall,Near_Fall,0.03169619,0.9349064,0.033397365
sub1,Near_Fall,1,ITCS,6,1921,15.0,D:\00-FLagship Project\SFU-IMU Dataset\IMU Dataset\sub1\Near_Falls\AXR_ITCS_trial6.xlsx,sub1,sub2,Near_Fall,Near_Fall,0.03590776,0.9261721,0.037920207
sub1,Near_Fall,1,slip,3,1921,15.0,D:\00-FLagship Project\SFU-IMU Dataset\IMU Dataset\sub1\Near_Falls\AXR_slip_trial3.xlsx,sub1,sub2,Near_Fall,Near_Fall,0.027925098,0.94780385,0.024271047
sub1,Near_Fall,1,slip,4,1921,15.0,D:\00-FLagship Project\SFU-IMU Dataset\IMU Dataset\sub1\Near_Falls\AXR_slip_trial4.xlsx,sub1,sub2,Near_Fall,Near_Fall,0.04845514,0.86057675,0.09096805
sub1,Near_Fall,1,slip,5,1921,15.0,D:\00-FLagship Project\SFU-IMU Dataset\IMU Dataset\sub1\Near_Falls\AXR_slip_trial5.xlsx,sub1,sub2,Near_Fall,Near_Fall,0.030170187,0.93300647,0.03682334
sub1,Near_Fall,1,HB,1,1921,15.0,D:\00-FLagship Project\SFU-IMU Dataset\IMU Dataset\sub1\Near_Falls\JXL_HB_trial1.xlsx,sub1,sub2,Near_Fall,Near_Fall,0.038205206,0.94294125,0.01885356
sub1,Near_Fall,1,HB,5,1921,15.0,D:\00-FLagship Project\SFU-IMU Dataset\IMU Dataset\sub1\Near_Falls\JXL_HB_trial5.xlsx,sub1,sub2,Near_Fall,Near_Fall,0.036500905,0.9321419,0.031357214
sub1,Near_Fall,1,HB,6,1921,15.0,D:\00-FLagship Project\SFU-IMU Dataset\IMU Dataset\sub1\Near_Falls\JXL_HB_trial6.xlsx,sub1,sub2,Near_Fall,Near_Fall,0.058746375,0.9237639,0.017489774
sub1,Near_Fall,1,ITRS,3,1921,15.0,D:\00-FLagship Project\SFU-IMU Dataset\IMU Dataset\sub1\Near_Falls\JXL_ITRS_trial3.xlsx,sub1,sub2,Near_Fall,Near_Fall,0.06821326,0.9207195,0.0110673
sub1,Near_Fall,1,ITRS,5,1921,15.0,D:\00-FLagship Project\SFU-IMU Dataset\IMU Dataset\sub1\Near_Falls\JXL_ITRS_trial5.xlsx,sub1,sub2,Near_Fall,Fall,0.16213946,0.23869886,0.5991617
sub1,Near_Fall,1,ITRS,6,1921,15.0,D:\00-FLagship Project\SFU-IMU Dataset\IMU Dataset\sub1\Near_Falls\JXL_ITRS_trial6.xlsx,sub1,sub2,Near_Fall,Fall,0.14397694,0.07300586,0.7830173
sub1,Near_Fall,1,trip,3,1921,15.0,D:\00-FLagship Project\SFU-IMU Dataset\IMU Dataset\sub1\Near_Falls\JXL_trip_trial3.xlsx,sub1,sub2,Near_Fall,Fall,0.11696257,0.0046246303,0.87841284
sub1,Near_Fall,1,trip,5,1921,15.0,D:\00-FLagship Project\SFU-IMU Dataset\IMU Dataset\sub1\Near_Falls\JXL_trip_trial5.xlsx,sub1,sub2,Near_Fall,Near_Fall,0.028437713,0.94034183,0.031220455
sub1,Near_Fall,1,trip,6,1921,15.0,D:\00-FLagship Project\SFU-IMU Dataset\IMU Dataset\sub1\Near_Falls\JXL_trip_trial6.xlsx,sub1,sub2,Near_Fall,Near_Fall,0.030191546,0.9320114,0.037796978
sub2,ADL,0,AS,1,2561,20.0,D:\00-FLagship Project\SFU-IMU Dataset\IMU Dataset\sub2\ADLs\TXI_AS_trial1.xlsx,sub2,sub3,ADL,ADL,0.4474697,0.4210211,0.13150921
sub2,ADL,0,AS,2,2561,20.0,D:\00-FLagship Project\SFU-IMU Dataset\IMU Dataset\sub2\ADLs\TXI_AS_trial2.xlsx,sub2,sub3,ADL,Near_Fall,0.42747018,0.4445101,0.12801966
sub2,ADL,0,AS,3,2561,20.0,D:\00-FLagship Project\SFU-IMU Dataset\IMU Dataset\sub2\ADLs\TXI_AS_trial3.xlsx,sub2,sub3,ADL,ADL,0.455214,0.40962547,0.13516049
sub2,ADL,0,DS,1,2561,20.0,D:\00-FLagship Project\SFU-IMU Dataset\IMU Dataset\sub2\ADLs\TXI_DS_trial1.xlsx,sub2,sub3,ADL,Near_Fall,0.28210402,0.59292567,0.12497034
sub2,ADL,0,DS,2,2561,20.0,D:\00-FLagship Project\SFU-IMU Dataset\IMU Dataset\sub2\ADLs\TXI_DS_trial2.xlsx,sub2,sub3,ADL,ADL,0.44571558,0.41053635,0.143748
sub2,ADL,0,DS,3,2561,20.0,D:\00-FLagship Project\SFU-IMU Dataset\IMU Dataset\sub2\ADLs\TXI_DS_trial3.xlsx,sub2,sub3,ADL,ADL,0.4344133,0.42717746,0.13840921
sub2,ADL,0,DSL,1,1921,15.0,D:\00-FLagship Project\SFU-IMU Dataset\IMU Dataset\sub2\ADLs\TXI_DSL_trial1.xlsx,sub2,sub3,ADL,Fall,0.15065195,0.077190965,0.7721571
sub2,ADL,0,DSL,2,1922,15.00781,D:\00-FLagship Project\SFU-IMU Dataset\IMU Dataset\sub2\ADLs\TXI_DSL_trial2.xlsx,sub2,sub3,ADL,Fall,0.14659251,0.07515626,0.77825123
sub2,ADL,0,DSL,3,1921,15.0,D:\00-FLagship Project\SFU-IMU Dataset\IMU Dataset\sub2\ADLs\TXI_DSL_trial3.xlsx,sub2,sub3,ADL,Fall,0.14529422,0.07490663,0.7797991
sub2,ADL,0,DSS,1,1921,15.0,D:\00-FLagship Project\SFU-IMU Dataset\IMU Dataset\sub2\ADLs\TXI_DSS_trial1.xlsx,sub2,sub3,ADL,Near_Fall,0.34792745,0.5144479,0.13762465
sub2,ADL,0,DSS,2,1921,15.0,D:\00-FLagship Project\SFU-IMU Dataset\IMU Dataset\sub2\ADLs\TXI_DSS_trial2.xlsx,sub2,sub3,ADL,ADL,0.4588121,0.4029759,0.13821204
sub2,ADL,0,DSS,3,1921,15.0,D:\00-FLagship Project\SFU-IMU Dataset\IMU Dataset\sub2\ADLs\TXI_DSS_trial3.xlsx,sub2,sub3,ADL,Near_Fall,0.41020238,0.4619544,0.1278432
sub2,ADL,0,NW,1,1921,15.0,D:\00-FLagship Project\SFU-IMU Dataset\IMU Dataset\sub2\ADLs\TXI_NW_trial1.xlsx,sub2,sub3,ADL,ADL,0.45037538,0.4129977,0.13662693
sub2,ADL,0,NW,2,1921,15.0,D:\00-FLagship Project\SFU-IMU Dataset\IMU Dataset\sub2\ADLs\TXI_NW_trial2.xlsx,sub2,sub3,ADL,ADL,0.45721433,0.39778697,0.14499873
sub2,ADL,0,NW,3,1921,15.0,D:\00-FLagship Project\SFU-IMU Dataset\IMU Dataset\sub2\ADLs\TXI_NW_trial3.xlsx,sub2,sub3,ADL,ADL,0.45121574,0.3904385,0.15834577
sub2,ADL,0,POG,1,1921,15.0,D:\00-FLagship Project\SFU-IMU Dataset\IMU Dataset\sub2\ADLs\TXI_POG_trial1.xlsx,sub2,sub3,ADL,Near_Fall,0.21328555,0.67982715,0.10688733
sub2,ADL,0,POG,2,1921,15.0,D:\00-FLagship Project\SFU-IMU Dataset\IMU Dataset\sub2\ADLs\TXI_POG_trial2.xlsx,sub2,sub3,ADL,Near_Fall,0.34509295,0.5187443,0.13616279
sub2,ADL,0,POG,3,1921,15.0,D:\00-FLagship Project\SFU-IMU Dataset\IMU Dataset\sub2\ADLs\TXI_POG_trial3.xlsx,sub2,sub3,ADL,Near_Fall,0.41276753,0.45376885,0.13346362
sub2,ADL,0,RSS,1,1921,15.0,D:\00-FLagship Project\SFU-IMU Dataset\IMU Dataset\sub2\ADLs\TXI_RSS_trial1.xlsx,sub2,sub3,ADL,Near_Fall,0.42005792,0.44513112,0.13481095
sub2,ADL,0,RSS,2,1921,15.0,D:\00-FLagship Project\SFU-IMU Dataset\IMU Dataset\sub2\ADLs\TXI_RSS_trial2.xlsx,sub2,sub3,ADL,ADL,0.45805746,0.403747,0.13819557
sub2,ADL,0,RSS,3,1921,15.0,D:\00-FLagship Project\SFU-IMU Dataset\IMU Dataset\sub2\ADLs\TXI_RSS_trial3.xlsx,sub2,sub3,ADL,ADL,0.4583789,0.40596643,0.13565472
sub2,ADL,0,SQ,1,1922,15.00781,D:\00-FLagship Project\SFU-IMU Dataset\IMU Dataset\sub2\ADLs\TXI_SQ_trial1.xlsx,sub2,sub3,ADL,Near_Fall,0.42416528,0.43958005,0.13625473
sub2,ADL,0,SQ,2,1921,15.0,D:\00-FLagship Project\SFU-IMU Dataset\IMU Dataset\sub2\ADLs\TXI_SQ_trial2.xlsx,sub2,sub3,ADL,Near_Fall,0.4141439,0.45256153,0.13329464
sub2,ADL,0,SQ,3,1921,15.0,D:\00-FLagship Project\SFU-IMU Dataset\IMU Dataset\sub2\ADLs\TXI_SQ_trial3.xlsx,sub2,sub3,ADL,Near_Fall,0.38749588,0.4751867,0.13731731
sub2,Fall,2,CS,1,1921,15.0,D:\00-FLagship Project\SFU-IMU Dataset\IMU Dataset\sub2\Falls\TXI_CS_trial1.xlsx,sub2,sub3,Fall,Fall,0.14054124,0.077558234,0.7819005
sub2,Fall,2,CS,4,1921,15.0,D:\00-FLagship Project\SFU-IMU Dataset\IMU Dataset\sub2\Falls\TXI_CS_trial4.xlsx,sub2,sub3,Fall,Fall,0.13800852,0.0734458,0.78854567
sub2,Fall,2,CS,5,1921,15.0,D:\00-FLagship Project\SFU-IMU Dataset\IMU Dataset\sub2\Falls\TXI_CS_trial5.xlsx,sub2,sub3,Fall,Fall,0.13727537,0.07180721,0.79091746
sub2,Fall,2,HB,1,1921,15.0,D:\00-FLagship Project\SFU-IMU Dataset\IMU Dataset\sub2\Falls\TXI_HB_trial1.xlsx,sub2,sub3,Fall,Fall,0.14637038,0.07312614,0.7805035
sub2,Fall,2,HB,2,1921,15.0,D:\00-FLagship Project\SFU-IMU Dataset\IMU Dataset\sub2\Falls\TXI_HB_trial2.xlsx,sub2,sub3,Fall,Fall,0.15432239,0.08935733,0.75632024
sub2,Fall,2,HB,4,1921,15.0,D:\00-FLagship Project\SFU-IMU Dataset\IMU Dataset\sub2\Falls\TXI_HB_trial4.xlsx,sub2,sub3,Fall,Fall,0.14868987,0.10861467,0.7426954
sub2,Fall,2,ITDS,1,1922,15.00781,D:\00-FLagship Project\SFU-IMU Dataset\IMU Dataset\sub2\Falls\TXI_ITDS_trial1.xlsx,sub2,sub3,Fall,Fall,0.14041287,0.078494124,0.78109294
sub2,Fall,2,ITDS,2,1921,15.0,D:\00-FLagship Project\SFU-IMU Dataset\IMU Dataset\sub2\Falls\TXI_ITDS_trial2.xlsx,sub2,sub3,Fall,Fall,0.14015774,0.071977645,0.7878645
sub2,Fall,2,ITDS,3,1921,15.0,D:\00-FLagship Project\SFU-IMU Dataset\IMU Dataset\sub2\Falls\TXI_ITDS_trial3.xlsx,sub2,sub3,Fall,Fall,0.13614516,0.07217499,0.7916799
sub2,Fall,2,ITRS,2,1921,15.0,D:\00-FLagship Project\SFU-IMU Dataset\IMU Dataset\sub2\Falls\TXI_ITRS_trial2.xlsx,sub2,sub3,Fall,Fall,0.15358613,0.095065795,0.7513481
sub2,Fall,2,ITRS,3,1921,15.0,D:\00-FLagship Project\SFU-IMU Dataset\IMU Dataset\sub2\Falls\TXI_ITRS_trial3.xlsx,sub2,sub3,Fall,Fall,0.17855284,0.36866122,0.4527859
sub2,Fall,2,ITRS,5,1921,15.0,D:\00-FLagship Project\SFU-IMU Dataset\IMU Dataset\sub2\Falls\TXI_ITRS_trial5.xlsx,sub2,sub3,Fall,Fall,0.15025428,0.07696217,0.7727836
sub2,Fall,2,LCC,1,1921,15.0,D:\00-FLagship Project\SFU-IMU Dataset\IMU Dataset\sub2\Falls\TXI_LCC_trial1.xlsx,sub2,sub3,Fall,Fall,0.14119597,0.10036458,0.7584394
sub2,Fall,2,LCC,2,1921,15.0,D:\00-FLagship Project\SFU-IMU Dataset\IMU Dataset\sub2\Falls\TXI_LCC_trial2.xlsx,sub2,sub3,Fall,Fall,0.1402154,0.0775455,0.7822391
sub2,Fall,2,LCC,3,1921,15.0,D:\00-FLagship Project\SFU-IMU Dataset\IMU Dataset\sub2\Falls\TXI_LCC_trial3.xlsx,sub2,sub3,Fall,Fall,0.19182831,0.34249726,0.46567443
sub2,Fall,2,slip,1,1921,15.0,D:\00-FLagship Project\SFU-IMU Dataset\IMU Dataset\sub2\Falls\TXI_slip_trial1.xlsx,sub2,sub3,Fall,Fall,0.14107998,0.07303434,0.7858857
sub2,Fall,2,slip,2,1921,15.0,D:\00-FLagship Project\SFU-IMU Dataset\IMU Dataset\sub2\Falls\TXI_slip_trial2.xlsx,sub2,sub3,Fall,Fall,0.14367011,0.074266076,0.7820638
sub2,Fall,2,slip,5,1921,15.0,D:\00-FLagship Project\SFU-IMU Dataset\IMU Dataset\sub2\Falls\TXI_slip_trial5.xlsx,sub2,sub3,Fall,Fall,0.15334933,0.08260211,0.7640486
sub2,Fall,2,trip,2,1921,15.0,D:\00-FLagship Project\SFU-IMU Dataset\IMU Dataset\sub2\Falls\TXI_trip_trial2.xlsx,sub2,sub3,Fall,Fall,0.16288283,0.1287777,0.70833945
sub2,Fall,2,trip,4,1921,15.0,D:\00-FLagship Project\SFU-IMU Dataset\IMU Dataset\sub2\Falls\TXI_trip_trial4.xlsx,sub2,sub3,Fall,Fall,0.17255683,0.15277918,0.67466396
sub2,Fall,2,trip,5,1921,15.0,D:\00-FLagship Project\SFU-IMU Dataset\IMU Dataset\sub2\Falls\TXI_trip_trial5.xlsx,sub2,sub3,Fall,Fall,0.16549276,0.13620764,0.69829965
sub2,Near_Fall,1,CS,2,1921,15.0,D:\00-FLagship Project\SFU-IMU Dataset\IMU Dataset\sub2\Near_Falls\TXI_CS_trial2.xlsx,sub2,sub3,Near_Fall,ADL,0.4603463,0.40523538,0.13441831
sub2,Near_Fall,1,CS,3,1921,15.0,D:\00-FLagship Project\SFU-IMU Dataset\IMU Dataset\sub2\Near_Falls\TXI_CS_trial3.xlsx,sub2,sub3,Near_Fall,ADL,0.4553344,0.40913588,0.13552982
sub2,Near_Fall,1,CS,6,1921,15.0,D:\00-FLagship Project\SFU-IMU Dataset\IMU Dataset\sub2\Near_Falls\TXI_CS_trial6.xlsx,sub2,sub3,Near_Fall,Near_Fall,0.11333835,0.799628,0.08703362
sub2,Near_Fall,1,HB,3,1921,15.0,D:\00-FLagship Project\SFU-IMU Dataset\IMU Dataset\sub2\Near_Falls\TXI_HB_trial3.xlsx,sub2,sub3,Near_Fall,Near_Fall,0.36238205,0.49345532,0.14416261
sub2,Near_Fall,1,HB,5,1922,15.00781,D:\00-FLagship Project\SFU-IMU Dataset\IMU Dataset\sub2\Near_Falls\TXI_HB_trial5.xlsx,sub2,sub3,Near_Fall,Near_Fall,0.27503034,0.581659,0.14331064
sub2,Near_Fall,1,HB,6,1921,15.0,D:\00-FLagship Project\SFU-IMU Dataset\IMU Dataset\sub2\Near_Falls\TXI_HB_trial6.xlsx,sub2,sub3,Near_Fall,Near_Fall,0.36906147,0.49040127,0.14053732
sub2,Near_Fall,1,ITRS,1,1921,15.0,D:\00-FLagship Project\SFU-IMU Dataset\IMU Dataset\sub2\Near_Falls\TXI_ITRS_trial1.xlsx,sub2,sub3,Near_Fall,Near_Fall,0.109243095,0.79316866,0.09758828
sub2,Near_Fall,1,ITRS,4,1921,15.0,D:\00-FLagship Project\SFU-IMU Dataset\IMU Dataset\sub2\Near_Falls\TXI_ITRS_trial4.xlsx,sub2,sub3,Near_Fall,Near_Fall,0.15529951,0.7480426,0.09665793
sub2,Near_Fall,1,ITRS,6,1921,15.0,D:\00-FLagship Project\SFU-IMU Dataset\IMU Dataset\sub2\Near_Falls\TXI_ITRS_trial6.xlsx,sub2,sub3,Near_Fall,Near_Fall,0.35118568,0.51294875,0.13586555
sub2,Near_Fall,1,slip,3,1921,15.0,D:\00-FLagship Project\SFU-IMU Dataset\IMU Dataset\sub2\Near_Falls\TXI_slip_trial3.xlsx,sub2,sub3,Near_Fall,Near_Fall,0.19048443,0.67494774,0.13456787
sub2,Near_Fall,1,slip,4,1921,15.0,D:\00-FLagship Project\SFU-IMU Dataset\IMU Dataset\sub2\Near_Falls\TXI_slip_trial4.xlsx,sub2,sub3,Near_Fall,Near_Fall,0.13408348,0.7744979,0.0914186
sub2,Near_Fall,1,slip,7,1921,15.0,D:\00-FLagship Project\SFU-IMU Dataset\IMU Dataset\sub2\Near_Falls\TXI_slip_trial7.xlsx,sub2,sub3,Near_Fall,Near_Fall,0.42166457,0.4660574,0.112278126
sub2,Near_Fall,1,trip,1,1921,15.0,D:\00-FLagship Project\SFU-IMU Dataset\IMU Dataset\sub2\Near_Falls\TXI_trip_trial1.xlsx,sub2,sub3,Near_Fall,Near_Fall,0.2221279,0.6740131,0.103858985
sub2,Near_Fall,1,trip,3,1921,15.0,D:\00-FLagship Project\SFU-IMU Dataset\IMU Dataset\sub2\Near_Falls\TXI_trip_trial3.xlsx,sub2,sub3,Near_Fall,Near_Fall,0.2782868,0.59895575,0.12275737
sub2,Near_Fall,1,trip,6,1921,15.0,D:\00-FLagship Project\SFU-IMU Dataset\IMU Dataset\sub2\Near_Falls\TXI_trip_trial6.xlsx,sub2,sub3,Near_Fall,Near_Fall,0.11159346,0.799227,0.08917951
sub3,ADL,0,AS,1,2561,20.0,D:\00-FLagship Project\SFU-IMU Dataset\IMU Dataset\sub3\ADLs\CXR_AS_trial1.xlsx,sub3,sub4,ADL,Near_Fall,0.44709235,0.5333508,0.01955683
sub3,ADL,0,AS,2,2561,20.0,D:\00-FLagship Project\SFU-IMU Dataset\IMU Dataset\sub3\ADLs\CXR_AS_trial2.xlsx,sub3,sub4,ADL,Near_Fall,0.3002966,0.6739972,0.025706138
sub3,ADL,0,AS,3,2562,20.00781,D:\00-FLagship Project\SFU-IMU Dataset\IMU Dataset\sub3\ADLs\CXR_AS_trial3.xlsx,sub3,sub4,ADL,ADL,0.60025764,0.38262126,0.017121075
sub3,ADL,0,DS,1,2561,20.0,D:\00-FLagship Project\SFU-IMU Dataset\IMU Dataset\sub3\ADLs\CXR_DS_trial1.xlsx,sub3,sub4,ADL,ADL,0.62144727,0.36225682,0.016295897
sub3,ADL,0,DS,2,2561,20.0,D:\00-FLagship Project\SFU-IMU Dataset\IMU Dataset\sub3\ADLs\CXR_DS_trial2.xlsx,sub3,sub4,ADL,ADL,0.60403377,0.37951887,0.01644732
sub3,ADL,0,DS,3,2561,20.0,D:\00-FLagship Project\SFU-IMU Dataset\IMU Dataset\sub3\ADLs\CXR_DS_trial3.xlsx,sub3,sub4,ADL,ADL,0.6004789,0.3829446,0.016576566
sub3,ADL,0,DSL,1,1921,15.0,D:\00-FLagship Project\SFU-IMU Dataset\IMU Dataset\sub3\ADLs\CXR_DSL_trial1.xlsx,sub3,sub4,ADL,Fall,0.10325226,0.01293183,0.8838158
sub3,ADL,0,DSL,2,1921,15.0,D:\00-FLagship Project\SFU-IMU Dataset\IMU Dataset\sub3\ADLs\CXR_DSL_trial2.xlsx,sub3,sub4,ADL,Fall,0.10302856,0.012984891,0.88398665
sub3,ADL,0,DSL,3,1921,15.0,D:\00-FLagship Project\SFU-IMU Dataset\IMU Dataset\sub3\ADLs\CXR_DSL_trial3.xlsx,sub3,sub4,ADL,Fall,0.10436704,0.013329713,0.8823032
sub3,ADL,0,DSS,1,1921,15.0,D:\00-FLagship Project\SFU-IMU Dataset\IMU Dataset\sub3\ADLs\CXR_DSS_trial1.xlsx,sub3,sub4,ADL,ADL,0.6378959,0.34572697,0.016377153
sub3,ADL,0,DSS,2,1921,15.0,D:\00-FLagship Project\SFU-IMU Dataset\IMU Dataset\sub3\ADLs\CXR_DSS_trial2.xlsx,sub3,sub4,ADL,ADL,0.6407683,0.34285185,0.016379893
sub3,ADL,0,DSS,3,1921,15.0,D:\00-FLagship Project\SFU-IMU Dataset\IMU Dataset\sub3\ADLs\CXR_DSS_trial3.xlsx,sub3,sub4,ADL,ADL,0.6769091,0.30645835,0.016632563
sub3,ADL,0,NW,1,1921,15.0,D:\00-FLagship Project\SFU-IMU Dataset\IMU Dataset\sub3\ADLs\CXR_NW_trial1.xlsx,sub3,sub4,ADL,Near_Fall,0.45688486,0.5238352,0.019279903
sub3,ADL,0,NW,2,1921,15.0,D:\00-FLagship Project\SFU-IMU Dataset\IMU Dataset\sub3\ADLs\CXR_NW_trial2.xlsx,sub3,sub4,ADL,ADL,0.5562489,0.42680654,0.0169446
sub3,ADL,0,NW,3,1921,15.0,D:\00-FLagship Project\SFU-IMU Dataset\IMU Dataset\sub3\ADLs\CXR_NW_trial3.xlsx,sub3,sub4,ADL,ADL,0.5428492,0.43985742,0.017293403
sub3,ADL,0,POG,1,1921,15.0,D:\00-FLagship Project\SFU-IMU Dataset\IMU Dataset\sub3\ADLs\CXR_POG_trial1.xlsx,sub3,sub4,ADL,ADL,0.5699144,0.4132928,0.01679279
sub3,ADL,0,POG,2,1921,15.0,D:\00-FLagship Project\SFU-IMU Dataset\IMU Dataset\sub3\ADLs\CXR_POG_trial2.xlsx,sub3,sub4,ADL,ADL,0.55131876,0.43148965,0.017191568
sub3,ADL,0,POG,3,1921,15.0,D:\00-FLagship Project\SFU-IMU Dataset\IMU Dataset\sub3\ADLs\CXR_POG_trial3.xlsx,sub3,sub4,ADL,ADL,0.60896516,0.3745023,0.016532553
sub3,ADL,0,RSS,1,1921,15.0,D:\00-FLagship Project\SFU-IMU Dataset\IMU Dataset\sub3\ADLs\CXR_RSS_trial1.xlsx,sub3,sub4,ADL,ADL,0.63100386,0.3525536,0.016442595
sub3,ADL,0,RSS,2,1921,15.0,D:\00-FLagship Project\SFU-IMU Dataset\IMU Dataset\sub3\ADLs\CXR_RSS_trial2.xlsx,sub3,sub4,ADL,ADL,0.62902224,0.35469884,0.016278844
sub3,ADL,0,RSS,3,1921,15.0,D:\00-FLagship Project\SFU-IMU Dataset\IMU Dataset\sub3\ADLs\CXR_RSS_trial3.xlsx,sub3,sub4,ADL,ADL,0.60856164,0.37501,0.016428389
sub3,ADL,0,SQ,1,1921,15.0,D:\00-FLagship Project\SFU-IMU Dataset\IMU Dataset\sub3\ADLs\CXR_SQ_trial1.xlsx,sub3,sub4,ADL,ADL,0.63600796,0.3476247,0.016367279
sub3,ADL,0,SQ,2,1921,15.0,D:\00-FLagship Project\SFU-IMU Dataset\IMU Dataset\sub3\ADLs\CXR_SQ_trial2.xlsx,sub3,sub4,ADL,ADL,0.6149495,0.3687316,0.01631884
sub3,ADL,0,SQ,3,1921,15.0,D:\00-FLagship Project\SFU-IMU Dataset\IMU Dataset\sub3\ADLs\CXR_SQ_trial3.xlsx,sub3,sub4,ADL,ADL,0.6124637,0.37117714,0.016359128
sub3,Fall,2,CS,1,1921,15.0,D:\00-FLagship Project\SFU-IMU Dataset\IMU Dataset\sub3\Falls\CXR_CS_trial1.xlsx,sub3,sub4,Fall,ADL,0.6921438,0.22676991,0.0810863
sub3,Fall,2,CS,2,1921,15.0,D:\00-FLagship Project\SFU-IMU Dataset\IMU Dataset\sub3\Falls\CXR_CS_trial2.xlsx,sub3,sub4,Fall,Fall,0.104420885,0.015546888,0.88003224
sub3,Fall,2,CS,4,1921,15.0,D:\00-FLagship Project\SFU-IMU Dataset\IMU Dataset\sub3\Falls\CXR_CS_trial4.xlsx,sub3,sub4,Fall,Fall,0.053793326,0.010721425,0.9354853
sub3,Fall,2,HB,2,1921,15.0,D:\00-FLagship Project\SFU-IMU Dataset\IMU Dataset\sub3\Falls\CXR_HB_trial2.xlsx,sub3,sub4,Fall,Fall,0.10279087,0.013894698,0.8833145
sub3,Fall,2,HB,3,1921,15.0,D:\00-FLagship Project\SFU-IMU Dataset\IMU Dataset\sub3\Falls\CXR_HB_trial3.xlsx,sub3,sub4,Fall,Fall,0.10045952,0.012947451,0.88659304
sub3,Fall,2,HB,4,1921,15.0,D:\00-FLagship Project\SFU-IMU Dataset\IMU Dataset\sub3\Falls\CXR_HB_trial4.xlsx,sub3,sub4,Fall,Fall,0.09964117,0.012842607,0.8875163
sub3,Fall,2,ITDS,1,1921,15.0,D:\00-FLagship Project\SFU-IMU Dataset\IMU Dataset\sub3\Falls\CXR_ITDS_trial1.xlsx,sub3,sub4,Fall,Fall,0.10042035,0.012901921,0.8866778
sub3,Fall,2,ITDS,2,1921,15.0,D:\00-FLagship Project\SFU-IMU Dataset\IMU Dataset\sub3\Falls\CXR_ITDS_trial2.xlsx,sub3,sub4,Fall,Fall,0.09299363,0.01201935,0.89498705
sub3,Fall,2,ITDS,3,1922,15.00781,D:\00-FLagship Project\SFU-IMU Dataset\IMU Dataset\sub3\Falls\CXR_ITDS_trial3.xlsx,sub3,sub4,Fall,Fall,0.0903443,0.011652689,0.8980031
sub3,Fall,2,ITRS,1,1921,15.0,D:\00-FLagship Project\SFU-IMU Dataset\IMU Dataset\sub3\Falls\CXR_ITRS_trial1.xlsx,sub3,sub4,Fall,Fall,0.10448334,0.0130122425,0.88250446
sub3,Fall,2,ITRS,3,1921,15.0,D:\00-FLagship Project\SFU-IMU Dataset\IMU Dataset\sub3\Falls\CXR_ITRS_trial3.xlsx,sub3,sub4,Fall,Fall,0.10395537,0.012786415,0.8832582
sub3,Fall,2,ITRS,4,1921,15.0,D:\00-FLagship Project\SFU-IMU Dataset\IMU Dataset\sub3\Falls\CXR_ITRS_trial4.xlsx,sub3,sub4,Fall,Fall,0.102998525,0.012865585,0.8841359
sub3,Fall,2,LCC,1,1921,15.0,D:\00-FLagship Project\SFU-IMU Dataset\IMU Dataset\sub3\Falls\CXR_LCC_trial1.xlsx,sub3,sub4,Fall,Fall,0.105464,0.013354074,0.88118196
sub3,Fall,2,LCC,2,1921,15.0,D:\00-FLagship Project\SFU-IMU Dataset\IMU Dataset\sub3\Falls\CXR_LCC_trial2.xlsx,sub3,sub4,Fall,Fall,0.09979926,0.012362541,0.8878381
sub3,Fall,2,LCC,3,1921,15.0,D:\00-FLagship Project\SFU-IMU Dataset\IMU Dataset\sub3\Falls\CXR_LCC_trial3.xlsx,sub3,sub4,Fall,Fall,0.09160843,0.011682883,0.8967087
sub3,Fall,2,slip,1,1921,15.0,D:\00-FLagship Project\SFU-IMU Dataset\IMU Dataset\sub3\Falls\CXR_slip_trial1.xlsx,sub3,sub4,Fall,ADL,0.49454135,0.47733596,0.02812269
sub3,Fall,2,slip,2,1921,15.0,D:\00-FLagship Project\SFU-IMU Dataset\IMU Dataset\sub3\Falls\CXR_slip_trial2.xlsx,sub3,sub4,Fall,ADL,0.6072045,0.37629846,0.016496994
sub3,Fall,2,slip,5,1921,15.0,D:\00-FLagship Project\SFU-IMU Dataset\IMU Dataset\sub3\Falls\CXR_slip_trial5.xlsx,sub3,sub4,Fall,ADL,0.60026443,0.38322622,0.016509302
sub3,Fall,2,trip,1,1921,15.0,D:\00-FLagship Project\SFU-IMU Dataset\IMU Dataset\sub3\Falls\CXR_trip_trial1.xlsx,sub3,sub4,Fall,ADL,0.60810345,0.37509593,0.0168006
sub3,Fall,2,trip,2,1921,15.0,D:\00-FLagship Project\SFU-IMU Dataset\IMU Dataset\sub3\Falls\CXR_trip_trial2.xlsx,sub3,sub4,Fall,Fall,0.093291886,0.024412526,0.8822956
sub3,Fall,2,trip,5,1921,15.0,D:\00-FLagship Project\SFU-IMU Dataset\IMU Dataset\sub3\Falls\CXR_trip_trial5.xlsx,sub3,sub4,Fall,Near_Fall,0.121048,0.83339036,0.04556163
sub3,Near_Fall,1,CS,3,1921,15.0,D:\00-FLagship Project\SFU-IMU Dataset\IMU Dataset\sub3\Near_Falls\CXR_CS_trial3.xlsx,sub3,sub4,Near_Fall,Near_Fall,0.25796413,0.7147302,0.027305648
sub3,Near_Fall,1,CS,5,1921,15.0,D:\00-FLagship Project\SFU-IMU Dataset\IMU Dataset\sub3\Near_Falls\CXR_CS_trial5.xlsx,sub3,sub4,Near_Fall,Near_Fall,0.4473474,0.53371847,0.018934162
sub3,Near_Fall,1,CS,6,1921,15.0,D:\00-FLagship Project\SFU-IMU Dataset\IMU Dataset\sub3\Near_Falls\CXR_CS_trial6.xlsx,sub3,sub4,Near_Fall,ADL,0.5459849,0.43675113,0.017263949
sub3,Near_Fall,1,HB,1,1921,15.0,D:\00-FLagship Project\SFU-IMU Dataset\IMU Dataset\sub3\Near_Falls\CXR_HB_trial1.xlsx,sub3,sub4,Near_Fall,ADL,0.5587699,0.42403594,0.017194126
sub3,Near_Fall,1,HB,5,1921,15.0,D:\00-FLagship Project\SFU-IMU Dataset\IMU Dataset\sub3\Near_Falls\CXR_HB_trial5.xlsx,sub3,sub4,Near_Fall,Near_Fall,0.33186492,0.64280325,0.025331842
sub3,Near_Fall,1,HB,6,1921,15.0,D:\00-FLagship Project\SFU-IMU Dataset\IMU Dataset\sub3\Near_Falls\CXR_HB_trial6.xlsx,sub3,sub4,Near_Fall,Near_Fall,0.47104648,0.51010793,0.018845592
sub3,Near_Fall,1,ITRS,2,1921,15.0,D:\00-FLagship Project\SFU-IMU Dataset\IMU Dataset\sub3\Near_Falls\CXR_ITRS_trial2.xlsx,sub3,sub4,Near_Fall,Near_Fall,0.41057828,0.5679735,0.021448324
sub3,Near_Fall,1,ITRS,5,1921,15.0,D:\00-FLagship Project\SFU-IMU Dataset\IMU Dataset\sub3\Near_Falls\CXR_ITRS_trial5.xlsx,sub3,sub4,Near_Fall,ADL,0.5184894,0.46369147,0.017819062
sub3,Near_Fall,1,ITRS,6,1921,15.0,D:\00-FLagship Project\SFU-IMU Dataset\IMU Dataset\sub3\Near_Falls\CXR_ITRS_trial6.xlsx,sub3,sub4,Near_Fall,Near_Fall,0.41597107,0.5632104,0.020818504
sub3,Near_Fall,1,slip,3,1921,15.0,D:\00-FLagship Project\SFU-IMU Dataset\IMU Dataset\sub3\Near_Falls\CXR_slip_trial3.xlsx,sub3,sub4,Near_Fall,ADL,0.5010543,0.48072994,0.0182158
sub3,Near_Fall,1,slip,4,1921,15.0,D:\00-FLagship Project\SFU-IMU Dataset\IMU Dataset\sub3\Near_Falls\CXR_slip_trial4.xlsx,sub3,sub4,Near_Fall,Near_Fall,0.17415607,0.7931034,0.032740522
sub3,Near_Fall,1,slip,6,1922,15.007819999999999,D:\00-FLagship Project\SFU-IMU Dataset\IMU Dataset\sub3\Near_Falls\CXR_slip_trial6.xlsx,sub3,sub4,Near_Fall,ADL,0.56048226,0.42231184,0.017205851
sub3,Near_Fall,1,trip,3,1921,15.0,D:\00-FLagship Project\SFU-IMU Dataset\IMU Dataset\sub3\Near_Falls\CXR_trip_trial3.xlsx,sub3,sub4,Near_Fall,ADL,0.5346815,0.4478765,0.017441977
sub3,Near_Fall,1,trip,4,1921,15.0,D:\00-FLagship Project\SFU-IMU Dataset\IMU Dataset\sub3\Near_Falls\CXR_trip_trial4.xlsx,sub3,sub4,Near_Fall,ADL,0.53090525,0.45156845,0.01752631
sub3,Near_Fall,1,trip,6,1921,15.0,D:\00-FLagship Project\SFU-IMU Dataset\IMU Dataset\sub3\Near_Falls\CXR_trip_trial6.xlsx,sub3,sub4,Near_Fall,ADL,0.5638667,0.41923377,0.01689968
sub4,ADL,0,AS,1,2561,20.0,D:\00-FLagship Project\SFU-IMU Dataset\IMU Dataset\sub4\ADLs\AXJ_AS_trial1.xlsx,sub4,sub5,ADL,ADL,0.72862667,0.2568518,0.014521525
sub4,ADL,0,AS,2,2561,20.0,D:\00-FLagship Project\SFU-IMU Dataset\IMU Dataset\sub4\ADLs\AXJ_AS_trial2.xlsx,sub4,sub5,ADL,ADL,0.7107935,0.27325097,0.015955476
sub4,ADL,0,AS,3,2561,20.0,D:\00-FLagship Project\SFU-IMU Dataset\IMU Dataset\sub4\ADLs\AXJ_AS_trial3.xlsx,sub4,sub5,ADL,ADL,0.72368383,0.26170072,0.014615414
sub4,ADL,0,DS,1,2561,20.0,D:\00-FLagship Project\SFU-IMU Dataset\IMU Dataset\sub4\ADLs\AXJ_DS_trial1.xlsx,sub4,sub5,ADL,ADL,0.5461881,0.4354722,0.018339654
sub4,ADL,0,DS,2,2561,20.0,D:\00-FLagship Project\SFU-IMU Dataset\IMU Dataset\sub4\ADLs\AXJ_DS_trial2.xlsx,sub4,sub5,ADL,ADL,0.71561694,0.26792288,0.016460124
sub4,ADL,0,DS,3,2561,20.0,D:\00-FLagship Project\SFU-IMU Dataset\IMU Dataset\sub4\ADLs\AXJ_DS_trial3.xlsx,sub4,sub5,ADL,ADL,0.6955891,0.28927088,0.01513997
sub4,ADL,0,DSL,1,1921,15.0,D:\00-FLagship Project\SFU-IMU Dataset\IMU Dataset\sub4\ADLs\AXJ_DSL_trial1.xlsx,sub4,sub5,ADL,Fall,0.039127573,0.0017433653,0.95912904
sub4,ADL,0,DSL,2,1921,15.0,D:\00-FLagship Project\SFU-IMU Dataset\IMU Dataset\sub4\ADLs\AXJ_DSL_trial2.xlsx,sub4,sub5,ADL,Fall,0.20787981,0.0028786894,0.78924143
sub4,ADL,0,DSL,3,1921,15.0,D:\00-FLagship Project\SFU-IMU Dataset\IMU Dataset\sub4\ADLs\AXJ_DSL_trial3.xlsx,sub4,sub5,ADL,Fall,0.06883595,0.0016556258,0.9295084
sub4,ADL,0,DSS,1,1921,15.0,D:\00-FLagship Project\SFU-IMU Dataset\IMU Dataset\sub4\ADLs\AXJ_DSS_trial1.xlsx,sub4,sub5,ADL,ADL,0.7135736,0.27133867,0.015087827
sub4,ADL,0,DSS,2,1921,15.0,D:\00-FLagship Project\SFU-IMU Dataset\IMU Dataset\sub4\ADLs\AXJ_DSS_trial2.xlsx,sub4,sub5,ADL,Near_Fall,0.17603551,0.7953193,0.028645223
sub4,ADL,0,DSS,4,1921,15.0,D:\00-FLagship Project\SFU-IMU Dataset\IMU Dataset\sub4\ADLs\AXJ_DSS_trial4.xlsx,sub4,sub5,ADL,Near_Fall,0.034165908,0.9106501,0.055184014
sub4,ADL,0,NW,1,1921,15.0,D:\00-FLagship Project\SFU-IMU Dataset\IMU Dataset\sub4\ADLs\AXJ_NW_trial1.xlsx,sub4,sub5,ADL,Near_Fall,0.301624,0.6735081,0.024867883
sub4,ADL,0,NW,2,1921,15.0,D:\00-FLagship Project\SFU-IMU Dataset\IMU Dataset\sub4\ADLs\AXJ_NW_trial2.xlsx,sub4,sub5,ADL,Near_Fall,0.20647752,0.7661843,0.027338307
sub4,ADL,0,NW,3,1921,15.0,D:\00-FLagship Project\SFU-IMU Dataset\IMU Dataset\sub4\ADLs\AXJ_NW_trial3.xlsx,sub4,sub5,ADL,Near_Fall,0.23254958,0.7426278,0.024822613
sub4,ADL,0,POG,1,1921,15.0,D:\00-FLagship Project\SFU-IMU Dataset\IMU Dataset\sub4\ADLs\AXJ_POG_trial1.xlsx,sub4,sub5,ADL,ADL,0.592469,0.3894405,0.018090552
sub4,ADL,0,POG,2,1921,15.0,D:\00-FLagship Project\SFU-IMU Dataset\IMU Dataset\sub4\ADLs\AXJ_POG_trial2.xlsx,sub4,sub5,ADL,ADL,0.5798938,0.4008394,0.01926685
sub4,ADL,0,POG,3,1921,15.0,D:\00-FLagship Project\SFU-IMU Dataset\IMU Dataset\sub4\ADLs\AXJ_POG_trial3.xlsx,sub4,sub5,ADL,ADL,0.6178139,0.36431456,0.017871568
sub4,ADL,0,RSS,1,1921,15.0,D:\00-FLagship Project\SFU-IMU Dataset\IMU Dataset\sub4\ADLs\AXJ_RSS_trial1.xlsx,sub4,sub5,ADL,Near_Fall,0.18031998,0.79899395,0.020686042
sub4,ADL,0,RSS,2,1921,15.0,D:\00-FLagship Project\SFU-IMU Dataset\IMU Dataset\sub4\ADLs\AXJ_RSS_trial2.xlsx,sub4,sub5,ADL,ADL,0.6714032,0.3124898,0.016106948
sub4,ADL,0,RSS,3,1921,15.0,D:\00-FLagship Project\SFU-IMU Dataset\IMU Dataset\sub4\ADLs\AXJ_RSS_trial3.xlsx,sub4,sub5,ADL,ADL,0.63325757,0.34989905,0.016843375
sub4,ADL,0,SQ,1,1921,15.0,D:\00-FLagship Project\SFU-IMU Dataset\IMU Dataset\sub4\ADLs\AXJ_SQ_trial1.xlsx,sub4,sub5,ADL,ADL,0.5291878,0.44704473,0.023767512
sub4,ADL,0,SQ,2,1921,15.0,D:\00-FLagship Project\SFU-IMU Dataset\IMU Dataset\sub4\ADLs\AXJ_SQ_trial2.xlsx,sub4,sub5,ADL,ADL,0.5363854,0.420745,0.04286957
sub4,ADL,0,SQ,3,1921,15.0,D:\00-FLagship Project\SFU-IMU Dataset\IMU Dataset\sub4\ADLs\AXJ_SQ_trial3.xlsx,sub4,sub5,ADL,ADL,0.5589915,0.42200473,0.019003786
sub4,Fall,2,CS,1,1921,15.0,D:\00-FLagship Project\SFU-IMU Dataset\IMU Dataset\sub4\Falls\AXJ_CS_trial1.xlsx,sub4,sub5,Fall,Fall,0.19934842,0.0025962475,0.79805535
sub4,Fall,2,CS,2,1921,15.0,D:\00-FLagship Project\SFU-IMU Dataset\IMU Dataset\sub4\Falls\AXJ_CS_trial2.xlsx,sub4,sub5,Fall,Fall,0.18596025,0.0024223202,0.8116175
sub4,Fall,2,CS,4,1911,15.0,D:\00-FLagship Project\SFU-IMU Dataset\IMU Dataset\sub4\Falls\AXJ_CS_trial4.xlsx,sub4,sub5,Fall,Fall,0.19056958,0.0024661685,0.8069642
sub4,Fall,2,HB,2,1922,15.00781,D:\00-FLagship Project\SFU-IMU Dataset\IMU Dataset\sub4\Falls\AXJ_HB_trial2.xlsx,sub4,sub5,Fall,Fall,0.20101021,0.0026769668,0.79631287
sub4,Fall,2,HB,3,1921,15.0,D:\00-FLagship Project\SFU-IMU Dataset\IMU Dataset\sub4\Falls\AXJ_HB_trial3.xlsx,sub4,sub5,Fall,Fall,0.10377911,0.0019549555,0.89426595
sub4,Fall,2,HB,4,1921,15.0,D:\00-FLagship Project\SFU-IMU Dataset\IMU Dataset\sub4\Falls\AXJ_HB_trial4.xlsx,sub4,sub5,Fall,Fall,0.20787577,0.002911131,0.78921306
sub4,Fall,2,ITDS,1,1921,15.0,D:\00-FLagship Project\SFU-IMU Dataset\IMU Dataset\sub4\Falls\AXJ_ITDS_trial1.xlsx,sub4,sub5,Fall,Fall,0.038075134,0.0017334806,0.9601914
sub4,Fall,2,ITDS,2,1921,15.0,D:\00-FLagship Project\SFU-IMU Dataset\IMU Dataset\sub4\Falls\AXJ_ITDS_trial2.xlsx,sub4,sub5,Fall,Fall,0.0402288,0.0016998488,0.9580714
sub4,Fall,2,ITDS,3,1922,15.00781,D:\00-FLagship Project\SFU-IMU Dataset\IMU Dataset\sub4\Falls\AXJ_ITDS_trial3.xlsx,sub4,sub5,Fall,Fall,0.010869208,0.0017372671,0.9873935
sub4,Fall,2,ITRS,1,1921,15.0,D:\00-FLagship Project\SFU-IMU Dataset\IMU Dataset\sub4\Falls\AXJ_ITRS_trial1.xlsx,sub4,sub5,Fall,Fall,0.044405267,0.0018145738,0.9537802
sub4,Fall,2,ITRS,2,1921,15.0,D:\00-FLagship Project\SFU-IMU Dataset\IMU Dataset\sub4\Falls\AXJ_ITRS_trial2.xlsx,sub4,sub5,Fall,Fall,0.013252386,0.0017450844,0.98500246
sub4,Fall,2,ITRS,5,1921,15.0,D:\00-FLagship Project\SFU-IMU Dataset\IMU Dataset\sub4\Falls\AXJ_ITRS_trial5.xlsx,sub4,sub5,Fall,Fall,0.040797118,0.0018026478,0.95740014
sub4,Fall,2,LCC,1,1921,15.0,D:\00-FLagship Project\SFU-IMU Dataset\IMU Dataset\sub4\Falls\AXJ_LCC_trial1.xlsx,sub4,sub5,Fall,Fall,0.10869478,0.0019228829,0.88938236
sub4,Fall,2,LCC,2,1921,15.0,D:\00-FLagship Project\SFU-IMU Dataset\IMU Dataset\sub4\Falls\AXJ_LCC_trial2.xlsx,sub4,sub5,Fall,Fall,0.024454737,0.0017048126,0.9738404
sub4,Fall,2,LCC,3,1921,15.0,D:\00-FLagship Project\SFU-IMU Dataset\IMU Dataset\sub4\Falls\AXJ_LCC_trial3.xlsx,sub4,sub5,Fall,Fall,0.083398916,0.0016866114,0.91491455
sub4,Fall,2,slip,1,1921,15.0,D:\00-FLagship Project\SFU-IMU Dataset\IMU Dataset\sub4\Falls\AXJ_slip_trial1.xlsx,sub4,sub5,Fall,Fall,0.19692457,0.002533323,0.8005421
sub4,Fall,2,slip,4,1921,15.0,D:\00-FLagship Project\SFU-IMU Dataset\IMU Dataset\sub4\Falls\AXJ_slip_trial4.xlsx,sub4,sub5,Fall,Fall,0.20077263,0.002676858,0.7965506
sub4,Fall,2,slip,5,1921,15.0,D:\00-FLagship Project\SFU-IMU Dataset\IMU Dataset\sub4\Falls\AXJ_slip_trial5.xlsx,sub4,sub5,Fall,Fall,0.19824046,0.0025995173,0.79915994
sub4,Fall,2,trip,1,1921,15.0,D:\00-FLagship Project\SFU-IMU Dataset\IMU Dataset\sub4\Falls\AXJ_trip_trial1.xlsx,sub4,sub5,Fall,Fall,0.19357805,0.0025771598,0.8038448
sub4,Fall,2,trip,3,1921,15.0,D:\00-FLagship Project\SFU-IMU Dataset\IMU Dataset\sub4\Falls\AXJ_trip_trial3.xlsx,sub4,sub5,Fall,Fall,0.20835191,0.0029034093,0.7887447
sub4,Fall,2,trip,4,1921,15.0,D:\00-FLagship Project\SFU-IMU Dataset\IMU Dataset\sub4\Falls\AXJ_trip_trial4.xlsx,sub4,sub5,Fall,Fall,0.10152871,0.0018045534,0.89666677
sub4,Near_Fall,1,CS,3,1922,15.00781,D:\00-FLagship Project\SFU-IMU Dataset\IMU Dataset\sub4\Near_Falls\AXJ_CS_trial3.xlsx,sub4,sub5,Near_Fall,ADL,0.7137252,0.27164096,0.014633822
sub4,Near_Fall,1,CS,5,1922,15.00781,D:\00-FLagship Project\SFU-IMU Dataset\IMU Dataset\sub4\Near_Falls\AXJ_CS_trial5.xlsx,sub4,sub5,Near_Fall,ADL,0.5134588,0.4644567,0.022084499
sub4,Near_Fall,1,CS,6,1921,15.0,D:\00-FLagship Project\SFU-IMU Dataset\IMU Dataset\sub4\Near_Falls\AXJ_CS_trial6.xlsx,sub4,sub5,Near_Fall,ADL,0.50499433,0.47101367,0.023991983
sub4,Near_Fall,1,HB,1,1921,15.0,D:\00-FLagship Project\SFU-IMU Dataset\IMU Dataset\sub4\Near_Falls\AXJ_HB_trial1.xlsx,sub4,sub5,Near_Fall,Near_Fall,0.23055494,0.7384358,0.031009233
sub4,Near_Fall,1,HB,5,1921,15.0,D:\00-FLagship Project\SFU-IMU Dataset\IMU Dataset\sub4\Near_Falls\AXJ_HB_trial5.xlsx,sub4,sub5,Near_Fall,Near_Fall,0.10470539,0.8622977,0.03299693
sub4,Near_Fall,1,HB,6,1921,15.0,D:\00-FLagship Project\SFU-IMU Dataset\IMU Dataset\sub4\Near_Falls\AXJ_HB_trial6.xlsx,sub4,sub5,Near_Fall,ADL,0.6107662,0.37091592,0.018317917
sub4,Near_Fall,1,ITRS,3,1921,15.0,D:\00-FLagship Project\SFU-IMU Dataset\IMU Dataset\sub4\Near_Falls\AXJ_ITRS_trial3.xlsx,sub4,sub5,Near_Fall,Near_Fall,0.25923353,0.7142649,0.026501548
sub4,Near_Fall,1,ITRS,4,1921,15.0,D:\00-FLagship Project\SFU-IMU Dataset\IMU Dataset\sub4\Near_Falls\AXJ_ITRS_trial4.xlsx,sub4,sub5,Near_Fall,Near_Fall,0.38569546,0.58822995,0.026074577
sub4,Near_Fall,1,ITRS,6,1921,15.0,D:\00-FLagship Project\SFU-IMU Dataset\IMU Dataset\sub4\Near_Falls\AXJ_ITRS_trial6.xlsx,sub4,sub5,Near_Fall,Near_Fall,0.36590952,0.6037931,0.030297391
sub4,Near_Fall,1,slip,2,1921,15.0,D:\00-FLagship Project\SFU-IMU Dataset\IMU Dataset\sub4\Near_Falls\AXJ_slip_trial2.xlsx,sub4,sub5,Near_Fall,Near_Fall,0.37747407,0.5973739,0.025152048
sub4,Near_Fall,1,slip,3,1921,15.0,D:\00-FLagship Project\SFU-IMU Dataset\IMU Dataset\sub4\Near_Falls\AXJ_slip_trial3.xlsx,sub4,sub5,Near_Fall,Near_Fall,0.28232878,0.68820894,0.02946222
sub4,Near_Fall,1,slip,6,1921,15.0,D:\00-FLagship Project\SFU-IMU Dataset\IMU Dataset\sub4\Near_Falls\AXJ_slip_trial6.xlsx,sub4,sub5,Near_Fall,ADL,0.60788167,0.37412116,0.017997142
sub4,Near_Fall,1,trip,2,1921,15.0,D:\00-FLagship Project\SFU-IMU Dataset\IMU Dataset\sub4\Near_Falls\AXJ_trip_trial2.xlsx,sub4,sub5,Near_Fall,Near_Fall,0.1381353,0.83094335,0.030921346
sub4,Near_Fall,1,trip,5,1921,15.0,D:\00-FLagship Project\SFU-IMU Dataset\IMU Dataset\sub4\Near_Falls\AXJ_trip_trial5.xlsx,sub4,sub5,Near_Fall,Near_Fall,0.23807517,0.6074828,0.15444201
sub4,Near_Fall,1,trip,6,1921,15.0,D:\00-FLagship Project\SFU-IMU Dataset\IMU Dataset\sub4\Near_Falls\AXJ_trip_trial6.xlsx,sub4,sub5,Near_Fall,Near_Fall,0.4697106,0.4950349,0.035254516
sub5,ADL,0,AS,1,2561,20.0,D:\00-FLagship Project\SFU-IMU Dataset\IMU Dataset\sub5\ADLs\AXJ_AS_trial1.xlsx,sub5,sub6,ADL,Near_Fall,0.31754714,0.65713286,0.025319971
sub5,ADL,0,AS,2,2561,20.0,D:\00-FLagship Project\SFU-IMU Dataset\IMU Dataset\sub5\ADLs\AXJ_AS_trial2.xlsx,sub5,sub6,ADL,ADL,0.5659312,0.4132358,0.02083294
sub5,ADL,0,AS,3,2561,20.0,D:\00-FLagship Project\SFU-IMU Dataset\IMU Dataset\sub5\ADLs\AXJ_AS_trial3.xlsx,sub5,sub6,ADL,ADL,0.5186579,0.44335106,0.037990957
sub5,ADL,0,DS,1,2561,20.0,D:\00-FLagship Project\SFU-IMU Dataset\IMU Dataset\sub5\ADLs\AXJ_DS_trial1.xlsx,sub5,sub6,ADL,ADL,0.66789454,0.31264827,0.019457156
sub5,ADL,0,DS,2,2561,20.0,D:\00-FLagship Project\SFU-IMU Dataset\IMU Dataset\sub5\ADLs\AXJ_DS_trial2.xlsx,sub5,sub6,ADL,ADL,0.63458496,0.32985067,0.035564363
sub5,ADL,0,DS,3,2561,20.0,D:\00-FLagship Project\SFU-IMU Dataset\IMU Dataset\sub5\ADLs\AXJ_DS_trial3.xlsx,sub5,sub6,ADL,ADL,0.5492914,0.43192458,0.018784024
sub5,ADL,0,DSL,1,1921,15.0,D:\00-FLagship Project\SFU-IMU Dataset\IMU Dataset\sub5\ADLs\AXJ_DSL_trial1.xlsx,sub5,sub6,ADL,Fall,0.11500538,0.003177404,0.8818172
sub5,ADL,0,DSL,2,1921,15.0,D:\00-FLagship Project\SFU-IMU Dataset\IMU Dataset\sub5\ADLs\AXJ_DSL_trial2.xlsx,sub5,sub6,ADL,Fall,0.11360462,0.0031545523,0.8832408
sub5,ADL,0,DSL,3,1921,15.0,D:\00-FLagship Project\SFU-IMU Dataset\IMU Dataset\sub5\ADLs\AXJ_DSL_trial3.xlsx,sub5,sub6,ADL,Fall,0.11242203,0.0032213565,0.88435674
sub5,ADL,0,DSS,1,1921,15.0,D:\00-FLagship Project\SFU-IMU Dataset\IMU Dataset\sub5\ADLs\AXJ_DSS_trial1.xlsx,sub5,sub6,ADL,ADL,0.7010131,0.26563865,0.033348273
sub5,ADL,0,DSS,2,1921,15.0,D:\00-FLagship Project\SFU-IMU Dataset\IMU Dataset\sub5\ADLs\AXJ_DSS_trial2.xlsx,sub5,sub6,ADL,ADL,0.59968585,0.37681475,0.023499403
sub5,ADL,0,DSS,3,1921,15.0,D:\00-FLagship Project\SFU-IMU Dataset\IMU Dataset\sub5\ADLs\AXJ_DSS_trial3.xlsx,sub5,sub6,ADL,Fall,0.25389317,0.06328578,0.68282104
sub5,ADL,0,NW,1,1921,15.0,D:\00-FLagship Project\SFU-IMU Dataset\IMU Dataset\sub5\ADLs\AXJ_NW_trial1.xlsx,sub5,sub6,ADL,ADL,0.516844,0.46403512,0.019120893
sub5,ADL,0,NW,2,1921,15.0,D:\00-FLagship Project\SFU-IMU Dataset\IMU Dataset\sub5\ADLs\AXJ_NW_trial2.xlsx,sub5,sub6,ADL,ADL,0.5656446,0.41565976,0.018695684
sub5,ADL,0,NW,3,1921,15.0,D:\00-FLagship Project\SFU-IMU Dataset\IMU Dataset\sub5\ADLs\AXJ_NW_trial3.xlsx,sub5,sub6,ADL,Near_Fall,0.28495267,0.68214923,0.032898143
sub5,ADL,0,POG,1,1921,15.0,D:\00-FLagship Project\SFU-IMU Dataset\IMU Dataset\sub5\ADLs\AXJ_POG_trial1.xlsx,sub5,sub6,ADL,Near_Fall,0.35697258,0.62365043,0.019376948
sub5,ADL,0,POG,2,1922,15.00781,D:\00-FLagship Project\SFU-IMU Dataset\IMU Dataset\sub5\ADLs\AXJ_POG_trial2.xlsx,sub5,sub6,ADL,ADL,0.6362353,0.34645697,0.017307717
sub5,ADL,0,POG,3,1921,15.0,D:\00-FLagship Project\SFU-IMU Dataset\IMU Dataset\sub5\ADLs\AXJ_POG_trial3.xlsx,sub5,sub6,ADL,ADL,0.60778177,0.37280843,0.019409752
sub5,ADL,0,RSS,1,1921,15.0,D:\00-FLagship Project\SFU-IMU Dataset\IMU Dataset\sub5\ADLs\AXJ_RSS_trial1.xlsx,sub5,sub6,ADL,ADL,0.6766171,0.3043542,0.019028729
sub5,ADL,0,RSS,2,1921,15.0,D:\00-FLagship Project\SFU-IMU Dataset\IMU Dataset\sub5\ADLs\AXJ_RSS_trial2.xlsx,sub5,sub6,ADL,ADL,0.67308766,0.30825576,0.018656615
sub5,ADL,0,RSS,3,1921,15.0,D:\00-FLagship Project\SFU-IMU Dataset\IMU Dataset\sub5\ADLs\AXJ_RSS_trial3.xlsx,sub5,sub6,ADL,ADL,0.69912934,0.27982903,0.021041697
sub5,ADL,0,SQ,1,1921,15.0,D:\00-FLagship Project\SFU-IMU Dataset\IMU Dataset\sub5\ADLs\AXJ_SQ_trial1.xlsx,sub5,sub6,ADL,ADL,0.5705699,0.40945393,0.019976186
sub5,ADL,0,SQ,2,1921,15.0,D:\00-FLagship Project\SFU-IMU Dataset\IMU Dataset\sub5\ADLs\AXJ_SQ_trial2.xlsx,sub5,sub6,ADL,Near_Fall,0.3866624,0.5820764,0.03126117
sub5,ADL,0,SQ,3,1921,15.0,D:\00-FLagship Project\SFU-IMU Dataset\IMU Dataset\sub5\ADLs\AXJ_SQ_trial3.xlsx,sub5,sub6,ADL,Near_Fall,0.16458377,0.80595875,0.029457513
sub5,Fall,2,HB,2,1921,15.0,D:\00-FLagship Project\SFU-IMU Dataset\IMU Dataset\sub5\Falls\AXJ_HB_trial2.xlsx,sub5,sub6,Fall,Fall,0.08086226,0.0028328034,0.9163049
sub5,Fall,2,HB,3,1921,15.0,D:\00-FLagship Project\SFU-IMU Dataset\IMU Dataset\sub5\Falls\AXJ_HB_trial3.xlsx,sub5,sub6,Fall,Fall,0.08836956,0.0029786392,0.9086517
sub5,Fall,2,HB,6,1921,15.0,D:\00-FLagship Project\SFU-IMU Dataset\IMU Dataset\sub5\Falls\AXJ_HB_trial6.xlsx,sub5,sub6,Fall,Fall,0.062080473,0.0027455573,0.935174
sub5,Fall,2,ITDS,1,1921,15.0,D:\00-FLagship Project\SFU-IMU Dataset\IMU Dataset\sub5\Falls\AXJ_ITDS_trial1.xlsx,sub5,sub6,Fall,Fall,0.10953649,0.0031125308,0.887351
sub5,Fall,2,ITDS,2,1921,15.0,D:\00-FLagship Project\SFU-IMU Dataset\IMU Dataset\sub5\Falls\AXJ_ITDS_trial2.xlsx,sub5,sub6,Fall,Fall,0.099600375,0.002975456,0.89742416
sub5,Fall,2,ITDS,3,1921,15.0,D:\00-FLagship Project\SFU-IMU Dataset\IMU Dataset\sub5\Falls\AXJ_ITDS_trial3.xlsx,sub5,sub6,Fall,Fall,0.110017665,0.003112394,0.8868699
sub5,Fall,2,ITRS,1,1921,15.0,D:\00-FLagship Project\SFU-IMU Dataset\IMU Dataset\sub5\Falls\AXJ_ITRS_trial1.xlsx,sub5,sub6,Fall,Fall,0.048005305,0.0029490704,0.94904554
sub5,Fall,2,ITRS,2,1921,15.0,D:\00-FLagship Project\SFU-IMU Dataset\IMU Dataset\sub5\Falls\AXJ_ITRS_trial2.xlsx,sub5,sub6,Fall,Fall,0.04808867,0.0033577243,0.9485536
sub5,Fall,2,ITRS,4,1921,15.0,D:\00-FLagship Project\SFU-IMU Dataset\IMU Dataset\sub5\Falls\AXJ_ITRS_trial4.xlsx,sub5,sub6,Fall,Fall,0.050450787,0.0029382613,0.946611
sub5,Fall,2,LCC,1,1921,15.0,D:\00-FLagship Project\SFU-IMU Dataset\IMU Dataset\sub5\Falls\AXJ_LCC_trial1.xlsx,sub5,sub6,Fall,Fall,0.05830511,0.002561914,0.939133
sub5,Fall,2,LCC,2,1921,15.0,D:\00-FLagship Project\SFU-IMU Dataset\IMU Dataset\sub5\Falls\AXJ_LCC_trial2.xlsx,sub5,sub6,Fall,Fall,0.07370571,0.002703844,0.9235904
sub5,Fall,2,LCC,3,1922,15.00781,D:\00-FLagship Project\SFU-IMU Dataset\IMU Dataset\sub5\Falls\AXJ_LCC_trial3.xlsx,sub5,sub6,Fall,Fall,0.051737335,0.002635943,0.9456268
sub5,Fall,2,trip,1,1921,15.0,D:\00-FLagship Project\SFU-IMU Dataset\IMU Dataset\sub5\Falls\AXJ_trip_trial1.xlsx,sub5,sub6,Fall,Fall,0.08606828,0.0033377884,0.9105938
sub5,Fall,2,trip,3,1921,15.0,D:\00-FLagship Project\SFU-IMU Dataset\IMU Dataset\sub5\Falls\AXJ_trip_trial3.xlsx,sub5,sub6,Fall,Fall,0.09840604,0.003124767,0.8984691
sub5,Fall,2,trip,4,1921,15.0,D:\00-FLagship Project\SFU-IMU Dataset\IMU Dataset\sub5\Falls\AXJ_trip_trial4.xlsx,sub5,sub6,Fall,Fall,0.09985704,0.003001206,0.8971418
sub5,Fall,2,CS,1,1922,15.007819999999999,D:\00-FLagship Project\SFU-IMU Dataset\IMU Dataset\sub5\Falls\EXA_CS_trial1.xlsx,sub5,sub6,Fall,Fall,0.10587482,0.003153639,0.8909715
sub5,Fall,2,CS,2,1921,15.0,D:\00-FLagship Project\SFU-IMU Dataset\IMU Dataset\sub5\Falls\EXA_CS_trial2.xlsx,sub5,sub6,Fall,Fall,0.10569878,0.003030871,0.89127046
sub5,Fall,2,CS,4,1921,15.0,D:\00-FLagship Project\SFU-IMU Dataset\IMU Dataset\sub5\Falls\EXA_CS_trial4.xlsx,sub5,sub6,Fall,Fall,0.10249866,0.003064604,0.8944367
sub5,Fall,2,slip,1,1921,15.0,D:\00-FLagship Project\SFU-IMU Dataset\IMU Dataset\sub5\Falls\EXA_slip_trial1.xlsx,sub5,sub6,Fall,Fall,0.11431232,0.0031604494,0.8825272
sub5,Fall,2,slip,2,1921,15.0,D:\00-FLagship Project\SFU-IMU Dataset\IMU Dataset\sub5\Falls\EXA_slip_trial2.xlsx,sub5,sub6,Fall,Fall,0.10764418,0.0030973407,0.88925844
sub5,Fall,2,slip,6,1921,15.0,D:\00-FLagship Project\SFU-IMU Dataset\IMU Dataset\sub5\Falls\EXA_slip_trial6.xlsx,sub5,sub6,Fall,Fall,0.112497754,0.0032006225,0.8843016
sub5,Near_Fall,1,HB,1,1921,15.0,D:\00-FLagship Project\SFU-IMU Dataset\IMU Dataset\sub5\Near_Falls\AXJ_HB_trial1.xlsx,sub5,sub6,Near_Fall,Near_Fall,0.14208111,0.8362155,0.02170341
sub5,Near_Fall,1,HB,4,1921,15.0,D:\00-FLagship Project\SFU-IMU Dataset\IMU Dataset\sub5\Near_Falls\AXJ_HB_trial4.xlsx,sub5,sub6,Near_Fall,Near_Fall,0.12940915,0.8329296,0.037661277
sub5,Near_Fall,1,HB,5,1921,15.0,D:\00-FLagship Project\SFU-IMU Dataset\IMU Dataset\sub5\Near_Falls\AXJ_HB_trial5.xlsx,sub5,sub6,Near_Fall,Near_Fall,0.12872815,0.83767307,0.033598807
sub5,Near_Fall,1,ITRS,3,1921,15.0,D:\00-FLagship Project\SFU-IMU Dataset\IMU Dataset\sub5\Near_Falls\AXJ_ITRS_trial3.xlsx,sub5,sub6,Near_Fall,Near_Fall,0.3373594,0.64256,0.020080632
sub5,Near_Fall,1,ITRS,5,1921,15.0,D:\00-FLagship Project\SFU-IMU Dataset\IMU Dataset\sub5\Near_Falls\AXJ_ITRS_trial5.xlsx,sub5,sub6,Near_Fall,Near_Fall,0.305771,0.6741044,0.020124655
sub5,Near_Fall,1,ITRS,6,1921,15.0,D:\00-FLagship Project\SFU-IMU Dataset\IMU Dataset\sub5\Near_Falls\AXJ_ITRS_trial6.xlsx,sub5,sub6,Near_Fall,Near_Fall,0.374564,0.60533696,0.020099072
sub5,Near_Fall,1,trip,2,1921,15.0,D:\00-FLagship Project\SFU-IMU Dataset\IMU Dataset\sub5\Near_Falls\AXJ_trip_trial2.xlsx,sub5,sub6,Near_Fall,ADL,0.65371126,0.32741657,0.018872147
sub5,Near_Fall,1,trip,5,1921,15.0,D:\00-FLagship Project\SFU-IMU Dataset\IMU Dataset\sub5\Near_Falls\AXJ_trip_trial5.xlsx,sub5,sub6,Near_Fall,Near_Fall,0.46456942,0.5145322,0.02089834
sub5,Near_Fall,1,trip,6,1921,15.0,D:\00-FLagship Project\SFU-IMU Dataset\IMU Dataset\sub5\Near_Falls\AXJ_trip_trial6.xlsx,sub5,sub6,Near_Fall,Near_Fall,0.15919283,0.7219764,0.11883073
sub5,Near_Fall,1,CS,3,1921,15.0,D:\00-FLagship Project\SFU-IMU Dataset\IMU Dataset\sub5\Near_Falls\EXA_CS_trial3.xlsx,sub5,sub6,Near_Fall,ADL,0.5432093,0.4348163,0.021974282
sub5,Near_Fall,1,CS,5,1921,15.0,D:\00-FLagship Project\SFU-IMU Dataset\IMU Dataset\sub5\Near_Falls\EXA_CS_trial5.xlsx,sub5,sub6,Near_Fall,Near_Fall,0.341561,0.62902355,0.029415505
sub5,Near_Fall,1,CS,6,1921,15.0,D:\00-FLagship Project\SFU-IMU Dataset\IMU Dataset\sub5\Near_Falls\EXA_CS_trial6.xlsx,sub5,sub6,Near_Fall,Near_Fall,0.14211407,0.8238014,0.034084536
sub5,Near_Fall,1,slip,3,1921,15.0,D:\00-FLagship Project\SFU-IMU Dataset\IMU Dataset\sub5\Near_Falls\EXA_slip_trial3.xlsx,sub5,sub6,Near_Fall,Near_Fall,0.12896152,0.81473964,0.056298904
sub5,Near_Fall,1,slip,4,1921,15.0,D:\00-FLagship Project\SFU-IMU Dataset\IMU Dataset\sub5\Near_Falls\EXA_slip_trial4.xlsx,sub5,sub6,Near_Fall,Near_Fall,0.13560812,0.78243417,0.081957735
sub5,Near_Fall,1,slip,5,1921,15.0,D:\00-FLagship Project\SFU-IMU Dataset\IMU Dataset\sub5\Near_Falls\EXA_slip_trial5.xlsx,sub5,sub6,Near_Fall,Near_Fall,0.12618224,0.81078416,0.06303365
sub6,ADL,0,AS,1,2561,20.0,D:\00-FLagship Project\SFU-IMU Dataset\IMU Dataset\sub6\ADLs\AXM_AS_trial1.xlsx,sub6,sub7,ADL,ADL,0.581012,0.3073052,0.11168279
sub6,ADL,0,AS,2,2561,20.0,D:\00-FLagship Project\SFU-IMU Dataset\IMU Dataset\sub6\ADLs\AXM_AS_trial2.xlsx,sub6,sub7,ADL,ADL,0.5764003,0.30105212,0.122547545
sub6,ADL,0,AS,3,2561,20.0,D:\00-FLagship Project\SFU-IMU Dataset\IMU Dataset\sub6\ADLs\AXM_AS_trial3.xlsx,sub6,sub7,ADL,ADL,0.5811017,0.3031301,0.115768254
sub6,ADL,0,DS,1,2561,20.0,D:\00-FLagship Project\SFU-IMU Dataset\IMU Dataset\sub6\ADLs\AXM_DS_trial1.xlsx,sub6,sub7,ADL,ADL,0.5785714,0.31859574,0.102832936
sub6,ADL,0,DS,2,2561,20.0,D:\00-FLagship Project\SFU-IMU Dataset\IMU Dataset\sub6\ADLs\AXM_DS_trial2.xlsx,sub6,sub7,ADL,ADL,0.58168566,0.3054747,0.112839706
sub6,ADL,0,DS,3,2561,20.0,D:\00-FLagship Project\SFU-IMU Dataset\IMU Dataset\sub6\ADLs\AXM_DS_trial3.xlsx,sub6,sub7,ADL,ADL,0.57023907,0.33243433,0.09732658
sub6,ADL,0,DSL,1,1921,15.0,D:\00-FLagship Project\SFU-IMU Dataset\IMU Dataset\sub6\ADLs\AXM_DSL_trial1.xlsx,sub6,sub7,ADL,Fall,0.11309929,0.023091245,0.8638095
sub6,ADL,0,DSL,2,1921,15.0,D:\00-FLagship Project\SFU-IMU Dataset\IMU Dataset\sub6\ADLs\AXM_DSL_trial2.xlsx,sub6,sub7,ADL,Fall,0.10775483,0.015831554,0.87641364
sub6,ADL,0,DSL,3,1921,15.0,D:\00-FLagship Project\SFU-IMU Dataset\IMU Dataset\sub6\ADLs\AXM_DSL_trial3.xlsx,sub6,sub7,ADL,Fall,0.107366994,0.0160287,0.8766042
sub6,ADL,0,DSS,1,1921,15.0,D:\00-FLagship Project\SFU-IMU Dataset\IMU Dataset\sub6\ADLs\AXM_DSS_trial1.xlsx,sub6,sub7,ADL,ADL,0.5818625,0.31090817,0.10722937
sub6,ADL,0,DSS,2,1921,15.0,D:\00-FLagship Project\SFU-IMU Dataset\IMU Dataset\sub6\ADLs\AXM_DSS_trial2.xlsx,sub6,sub7,ADL,ADL,0.57579714,0.30072543,0.12347735
sub6,ADL,0,DSS,3,1921,15.0,D:\00-FLagship Project\SFU-IMU Dataset\IMU Dataset\sub6\ADLs\AXM_DSS_trial3.xlsx,sub6,sub7,ADL,ADL,0.56735706,0.34332174,0.08932115
sub6,ADL,0,NW,1,1921,15.0,D:\00-FLagship Project\SFU-IMU Dataset\IMU Dataset\sub6\ADLs\AXM_NW_trial1.xlsx,sub6,sub7,ADL,ADL,0.5417709,0.37277216,0.085456915
sub6,ADL,0,NW,2,1921,15.0,D:\00-FLagship Project\SFU-IMU Dataset\IMU Dataset\sub6\ADLs\AXM_NW_trial2.xlsx,sub6,sub7,ADL,ADL,0.57120264,0.33173403,0.09706336
sub6,ADL,0,NW,3,1921,15.0,D:\00-FLagship Project\SFU-IMU Dataset\IMU Dataset\sub6\ADLs\AXM_NW_trial3.xlsx,sub6,sub7,ADL,Near_Fall,0.45538872,0.47765556,0.06695573
sub6,ADL,0,POG,1,1921,15.0,D:\00-FLagship Project\SFU-IMU Dataset\IMU Dataset\sub6\ADLs\AXM_POG_trial1.xlsx,sub6,sub7,ADL,ADL,0.5646029,0.34081382,0.094583295
sub6,ADL,0,POG,2,1921,15.0,D:\00-FLagship Project\SFU-IMU Dataset\IMU Dataset\sub6\ADLs\AXM_POG_trial2.xlsx,sub6,sub7,ADL,ADL,0.56908184,0.33555982,0.09535836
sub6,ADL,0,POG,3,1921,15.0,D:\00-FLagship Project\SFU-IMU Dataset\IMU Dataset\sub6\ADLs\AXM_POG_trial3.xlsx,sub6,sub7,ADL,ADL,0.5737111,0.32763505,0.09865387
sub6,ADL,0,RSS,1,1921,15.0,D:\00-FLagship Project\SFU-IMU Dataset\IMU Dataset\sub6\ADLs\AXM_RSS_trial1.xlsx,sub6,sub7,ADL,ADL,0.5815301,0.30883807,0.10963173
sub6,ADL,0,RSS,2,1921,15.0,D:\00-FLagship Project\SFU-IMU Dataset\IMU Dataset\sub6\ADLs\AXM_RSS_trial2.xlsx,sub6,sub7,ADL,ADL,0.5749593,0.30718198,0.117858626
sub6,ADL,0,RSS,3,1921,15.0,D:\00-FLagship Project\SFU-IMU Dataset\IMU Dataset\sub6\ADLs\AXM_RSS_trial3.xlsx,sub6,sub7,ADL,ADL,0.58277863,0.30544096,0.11178036
sub6,ADL,0,SQ,1,1921,15.0,D:\00-FLagship Project\SFU-IMU Dataset\IMU Dataset\sub6\ADLs\AXM_SQ_trial1.xlsx,sub6,sub7,ADL,ADL,0.5646595,0.3414323,0.093908206
sub6,ADL,0,SQ,2,1921,15.0,D:\00-FLagship Project\SFU-IMU Dataset\IMU Dataset\sub6\ADLs\AXM_SQ_trial2.xlsx,sub6,sub7,ADL,ADL,0.550853,0.36121482,0.087932095
sub6,ADL,0,SQ,3,1921,15.0,D:\00-FLagship Project\SFU-IMU Dataset\IMU Dataset\sub6\ADLs\AXM_SQ_trial3.xlsx,sub6,sub7,ADL,ADL,0.55661815,0.35303494,0.09034686
sub6,Fall,2,CS,1,1921,15.0,D:\00-FLagship Project\SFU-IMU Dataset\IMU Dataset\sub6\Falls\AXM_CS_trial1.xlsx,sub6,sub7,Fall,Fall,0.10712145,0.030866822,0.8620118
sub6,Fall,2,CS,2,1921,15.0,D:\00-FLagship Project\SFU-IMU Dataset\IMU Dataset\sub6\Falls\AXM_CS_trial2.xlsx,sub6,sub7,Fall,Fall,0.13367607,0.020416813,0.8459072
sub6,Fall,2,CS,4,1921,15.0,D:\00-FLagship Project\SFU-IMU Dataset\IMU Dataset\sub6\Falls\AXM_CS_trial4.xlsx,sub6,sub7,Fall,Fall,0.13201876,0.019832624,0.84814864
sub6,Fall,2,HB,1,1921,15.0,D:\00-FLagship Project\SFU-IMU Dataset\IMU Dataset\sub6\Falls\AXM_HB_trial1.xlsx,sub6,sub7,Fall,Fall,0.1077231,0.017365506,0.87491137
sub6,Fall,2,HB,4,1921,15.0,D:\00-FLagship Project\SFU-IMU Dataset\IMU Dataset\sub6\Falls\AXM_HB_trial4.xlsx,sub6,sub7,Fall,Fall,0.12806076,0.018123113,0.8538161
sub6,Fall,2,HB,5,1921,15.0,D:\00-FLagship Project\SFU-IMU Dataset\IMU Dataset\sub6\Falls\AXM_HB_trial5.xlsx,sub6,sub7,Fall,Fall,0.09753871,0.01873371,0.88372755
sub6,Fall,2,ITDS,1,1921,15.0,D:\00-FLagship Project\SFU-IMU Dataset\IMU Dataset\sub6\Falls\AXM_ITDS_trial1.xlsx,sub6,sub7,Fall,Fall,0.10536166,0.016311761,0.87832665
sub6,Fall,2,ITDS,2,1921,15.0,D:\00-FLagship Project\SFU-IMU Dataset\IMU Dataset\sub6\Falls\AXM_ITDS_trial2.xlsx,sub6,sub7,Fall,Fall,0.10820293,0.015387134,0.8764099
sub6,Fall,2,ITDS,3,1921,15.0,D:\00-FLagship Project\SFU-IMU Dataset\IMU Dataset\sub6\Falls\AXM_ITDS_trial3.xlsx,sub6,sub7,Fall,Fall,0.10917584,0.01701755,0.8738066
sub6,Fall,2,ITRS,1,1921,15.0,D:\00-FLagship Project\SFU-IMU Dataset\IMU Dataset\sub6\Falls\AXM_ITRS_trial1.xlsx,sub6,sub7,Fall,Fall,0.13200961,0.019514922,0.84847546
sub6,Fall,2,ITRS,3,1921,15.0,D:\00-FLagship Project\SFU-IMU Dataset\IMU Dataset\sub6\Falls\AXM_ITRS_trial3.xlsx,sub6,sub7,Fall,Fall,0.1311817,0.019280026,0.8495383
sub6,Fall,2,ITRS,4,1921,15.0,D:\00-FLagship Project\SFU-IMU Dataset\IMU Dataset\sub6\Falls\AXM_ITRS_trial4.xlsx,sub6,sub7,Fall,Fall,0.13237469,0.019830873,0.8477944
sub6,Fall,2,LCC,1,1920,15.0,D:\00-FLagship Project\SFU-IMU Dataset\IMU Dataset\sub6\Falls\AXM_LCC_trial1.xlsx,sub6,sub7,Fall,Fall,0.13205245,0.01961918,0.8483284
sub6,Fall,2,LCC,2,1921,15.0,D:\00-FLagship Project\SFU-IMU Dataset\IMU Dataset\sub6\Falls\AXM_LCC_trial2.xlsx,sub6,sub7,Fall,Fall,0.12836929,0.018243482,0.85338724
sub6,Fall,2,LCC,3,1921,15.0,D:\00-FLagship Project\SFU-IMU Dataset\IMU Dataset\sub6\Falls\AXM_LCC_trial3.xlsx,sub6,sub7,Fall,Fall,0.13038258,0.01897318,0.8506442
sub6,Fall,2,slip,1,1921,15.0,D:\00-FLagship Project\SFU-IMU Dataset\IMU Dataset\sub6\Falls\AXM_slip_trial1.xlsx,sub6,sub7,Fall,Fall,0.105349965,0.017118217,0.87753177
sub6,Fall,2,slip,2,1921,15.0,D:\00-FLagship Project\SFU-IMU Dataset\IMU Dataset\sub6\Falls\AXM_slip_trial2.xlsx,sub6,sub7,Fall,Fall,0.10593171,0.01608221,0.87798613
sub6,Fall,2,slip,6,1921,15.0,D:\00-FLagship Project\SFU-IMU Dataset\IMU Dataset\sub6\Falls\AXM_slip_trial6.xlsx,sub6,sub7,Fall,Fall,0.10727101,0.015769891,0.8769591
sub6,Fall,2,trip,2,1921,15.0,D:\00-FLagship Project\SFU-IMU Dataset\IMU Dataset\sub6\Falls\AXM_trip_trial2.xlsx,sub6,sub7,Fall,Fall,0.12688237,0.017479228,0.85563844
sub6,Fall,2,trip,3,1921,15.0,D:\00-FLagship Project\SFU-IMU Dataset\IMU Dataset\sub6\Falls\AXM_trip_trial3.xlsx,sub6,sub7,Fall,Fall,0.13050917,0.018821627,0.8506691
sub6,Fall,2,trip,4,1921,15.0,D:\00-FLagship Project\SFU-IMU Dataset\IMU Dataset\sub6\Falls\AXM_trip_trial4.xlsx,sub6,sub7,Fall,Fall,0.132465,0.019809054,0.847726
sub6,Near_Fall,1,CS,3,1921,15.0,D:\00-FLagship Project\SFU-IMU Dataset\IMU Dataset\sub6\Near_Falls\AXM_CS_trial3.xlsx,sub6,sub7,Near_Fall,Near_Fall,0.15242426,0.78791606,0.059659675
sub6,Near_Fall,1,CS,5,1921,15.0,D:\00-FLagship Project\SFU-IMU Dataset\IMU Dataset\sub6\Near_Falls\AXM_CS_trial5.xlsx,sub6,sub7,Near_Fall,Near_Fall,0.1520387,0.78872097,0.059240386
sub6,Near_Fall,1,CS,6,1921,15.0,D:\00-FLagship Project\SFU-IMU Dataset\IMU Dataset\sub6\Near_Falls\AXM_CS_trial6.xlsx,sub6,sub7,Near_Fall,Near_Fall,0.14960174,0.78896415,0.06143407
sub6,Near_Fall,1,HB,2,1921,15.0,D:\00-FLagship Project\SFU-IMU Dataset\IMU Dataset\sub6\Near_Falls\AXM_HB_trial2.xlsx,sub6,sub7,Near_Fall,Near_Fall,0.344632,0.59960264,0.055765357
sub6,Near_Fall,1,HB,3,1921,15.0,D:\00-FLagship Project\SFU-IMU Dataset\IMU Dataset\sub6\Near_Falls\AXM_HB_trial3.xlsx,sub6,sub7,Near_Fall,ADL,0.4684312,0.4624665,0.069102235
sub6,Near_Fall,1,HB,6,1921,15.0,D:\00-FLagship Project\SFU-IMU Dataset\IMU Dataset\sub6\Near_Falls\AXM_HB_trial6.xlsx,sub6,sub7,Near_Fall,Near_Fall,0.42322534,0.51395494,0.06281977
sub6,Near_Fall,1,ITRS,2,1921,15.0,D:\00-FLagship Project\SFU-IMU Dataset\IMU Dataset\sub6\Near_Falls\AXM_ITRS_trial2.xlsx,sub6,sub7,Near_Fall,Near_Fall,0.1381813,0.7970804,0.06473827
sub6,Near_Fall,1,ITRS,5,1921,15.0,D:\00-FLagship Project\SFU-IMU Dataset\IMU Dataset\sub6\Near_Falls\AXM_ITRS_trial5.xlsx,sub6,sub7,Near_Fall,ADL,0.5273781,0.39125964,0.08136225
sub6,Near_Fall,1,ITRS,6,1921,15.0,D:\00-FLagship Project\SFU-IMU Dataset\IMU Dataset\sub6\Near_Falls\AXM_ITRS_trial6.xlsx,sub6,sub7,Near_Fall,Near_Fall,0.16543573,0.7753239,0.059240285
sub6,Near_Fall,1,slip,3,1921,15.0,D:\00-FLagship Project\SFU-IMU Dataset\IMU Dataset\sub6\Near_Falls\AXM_slip_trial3.xlsx,sub6,sub7,Near_Fall,Near_Fall,0.13599518,0.8010322,0.06297257
sub6,Near_Fall,1,slip,4,1921,15.0,D:\00-FLagship Project\SFU-IMU Dataset\IMU Dataset\sub6\Near_Falls\AXM_slip_trial4.xlsx,sub6,sub7,Near_Fall,Near_Fall,0.19438645,0.74943405,0.05617947
sub6,Near_Fall,1,slip,5,1921,15.0,D:\00-FLagship Project\SFU-IMU Dataset\IMU Dataset\sub6\Near_Falls\AXM_slip_trial5.xlsx,sub6,sub7,Near_Fall,Near_Fall,0.15401939,0.78762406,0.058356564
sub6,Near_Fall,1,trip,1,1921,15.0,D:\00-FLagship Project\SFU-IMU Dataset\IMU Dataset\sub6\Near_Falls\AXM_trip_trial1.xlsx,sub6,sub7,Near_Fall,Near_Fall,0.19099495,0.7538867,0.05511835
sub6,Near_Fall,1,trip,5,1921,15.0,D:\00-FLagship Project\SFU-IMU Dataset\IMU Dataset\sub6\Near_Falls\AXM_trip_trial5.xlsx,sub6,sub7,Near_Fall,Near_Fall,0.17396043,0.766752,0.059287585
sub6,Near_Fall,1,trip,6,1921,15.0,D:\00-FLagship Project\SFU-IMU Dataset\IMU Dataset\sub6\Near_Falls\AXM_trip_trial6.xlsx,sub6,sub7,Near_Fall,Near_Fall,0.3213389,0.6240202,0.054640863
sub7,ADL,0,AS,1,2561,20.0,D:\00-FLagship Project\SFU-IMU Dataset\IMU Dataset\sub7\ADLs\HXE_AS_trial1.xlsx,sub7,sub8,ADL,Near_Fall,0.1113197,0.8742387,0.0144416075
sub7,ADL,0,AS,2,2561,20.0,D:\00-FLagship Project\SFU-IMU Dataset\IMU Dataset\sub7\ADLs\HXE_AS_trial2.xlsx,sub7,sub8,ADL,ADL,0.7100976,0.26492795,0.024974477
sub7,ADL,0,AS,3,2561,20.0,D:\00-FLagship Project\SFU-IMU Dataset\IMU Dataset\sub7\ADLs\HXE_AS_trial3.xlsx,sub7,sub8,ADL,ADL,0.71960586,0.2563045,0.024089735
sub7,ADL,0,DS,1,2561,20.0,D:\00-FLagship Project\SFU-IMU Dataset\IMU Dataset\sub7\ADLs\HXE_DS_trial1.xlsx,sub7,sub8,ADL,ADL,0.72938555,0.24611965,0.024494823
sub7,ADL,0,DS,2,2561,20.0,D:\00-FLagship Project\SFU-IMU Dataset\IMU Dataset\sub7\ADLs\HXE_DS_trial2.xlsx,sub7,sub8,ADL,ADL,0.7232775,0.25222102,0.024501411
sub7,ADL,0,DS,3,2561,20.0,D:\00-FLagship Project\SFU-IMU Dataset\IMU Dataset\sub7\ADLs\HXE_DS_trial3.xlsx,sub7,sub8,ADL,ADL,0.71984285,0.25478205,0.025375094
sub7,ADL,0,DSL,1,1921,15.0,D:\00-FLagship Project\SFU-IMU Dataset\IMU Dataset\sub7\ADLs\HXE_DSL_trial1.xlsx,sub7,sub8,ADL,Fall,0.16167848,0.0035229367,0.8347986
sub7,ADL,0,DSL,2,1921,15.0,D:\00-FLagship Project\SFU-IMU Dataset\IMU Dataset\sub7\ADLs\HXE_DSL_trial2.xlsx,sub7,sub8,ADL,Fall,0.19687223,0.0043195006,0.7988082
sub7,ADL,0,DSL,3,1921,15.0,D:\00-FLagship Project\SFU-IMU Dataset\IMU Dataset\sub7\ADLs\HXE_DSL_trial3.xlsx,sub7,sub8,ADL,Fall,0.17137538,0.0037265269,0.82489806
sub7,ADL,0,DSS,1,1921,15.0,D:\00-FLagship Project\SFU-IMU Dataset\IMU Dataset\sub7\ADLs\HXE_DSS_trial1.xlsx,sub7,sub8,ADL,ADL,0.5548206,0.40626448,0.038914915
sub7,ADL,0,DSS,2,1921,15.0,D:\00-FLagship Project\SFU-IMU Dataset\IMU Dataset\sub7\ADLs\HXE_DSS_trial2.xlsx,sub7,sub8,ADL,ADL,0.7186789,0.25641382,0.024907336
sub7,ADL,0,DSS,3,1921,15.0,D:\00-FLagship Project\SFU-IMU Dataset\IMU Dataset\sub7\ADLs\HXE_DSS_trial3.xlsx,sub7,sub8,ADL,ADL,0.69659656,0.2786299,0.024773562
sub7,ADL,0,NW,1,1922,15.00781,D:\00-FLagship Project\SFU-IMU Dataset\IMU Dataset\sub7\ADLs\HXE_NW_trial1.xlsx,sub7,sub8,ADL,Near_Fall,0.23732671,0.73742723,0.02524602
sub7,ADL,0,NW,2,1921,15.0,D:\00-FLagship Project\SFU-IMU Dataset\IMU Dataset\sub7\ADLs\HXE_NW_trial2.xlsx,sub7,sub8,ADL,ADL,0.7011078,0.2737763,0.025115978
sub7,ADL,0,NW,3,1921,15.0,D:\00-FLagship Project\SFU-IMU Dataset\IMU Dataset\sub7\ADLs\HXE_NW_trial3.xlsx,sub7,sub8,ADL,ADL,0.70046055,0.27445692,0.025082529
sub7,ADL,0,POG,1,1921,15.0,D:\00-FLagship Project\SFU-IMU Dataset\IMU Dataset\sub7\ADLs\HXE_POG_trial1.xlsx,sub7,sub8,ADL,ADL,0.72420216,0.25115198,0.024645904
sub7,ADL,0,POG,2,1921,15.0,D:\00-FLagship Project\SFU-IMU Dataset\IMU Dataset\sub7\ADLs\HXE_POG_trial2.xlsx,sub7,sub8,ADL,ADL,0.70959413,0.2659507,0.024455234
sub7,ADL,0,POG,3,1921,15.0,D:\00-FLagship Project\SFU-IMU Dataset\IMU Dataset\sub7\ADLs\HXE_POG_trial3.xlsx,sub7,sub8,ADL,ADL,0.7205818,0.25493744,0.024480714
sub7,ADL,0,RSS,1,1921,15.0,D:\00-FLagship Project\SFU-IMU Dataset\IMU Dataset\sub7\ADLs\HXE_RSS_trial1.xlsx,sub7,sub8,ADL,ADL,0.7232721,0.252424,0.0243039
sub7,ADL,0,RSS,2,1921,15.0,D:\00-FLagship Project\SFU-IMU Dataset\IMU Dataset\sub7\ADLs\HXE_RSS_trial2.xlsx,sub7,sub8,ADL,ADL,0.7282333,0.247503,0.024263736
sub7,ADL,0,RSS,3,1921,15.0,D:\00-FLagship Project\SFU-IMU Dataset\IMU Dataset\sub7\ADLs\HXE_RSS_trial3.xlsx,sub7,sub8,ADL,ADL,0.7300965,0.24524593,0.024657564
sub7,ADL,0,SQ,1,1921,15.0,D:\00-FLagship Project\SFU-IMU Dataset\IMU Dataset\sub7\ADLs\HXE_SQ_trial1.xlsx,sub7,sub8,ADL,ADL,0.7127135,0.26249537,0.024791177
sub7,ADL,0,SQ,2,1921,15.0,D:\00-FLagship Project\SFU-IMU Dataset\IMU Dataset\sub7\ADLs\HXE_SQ_trial2.xlsx,sub7,sub8,ADL,ADL,0.70884013,0.26635316,0.024806771
sub7,ADL,0,SQ,3,1921,15.0,D:\00-FLagship Project\SFU-IMU Dataset\IMU Dataset\sub7\ADLs\HXE_SQ_trial3.xlsx,sub7,sub8,ADL,ADL,0.699723,0.2750783,0.025198687
sub7,Fall,2,CS,3,1921,15.0,D:\00-FLagship Project\SFU-IMU Dataset\IMU Dataset\sub7\Falls\HXE_CS_trial3.xlsx,sub7,sub8,Fall,Fall,0.21803829,0.0048747193,0.77708703
sub7,Fall,2,CS,4,1911,15.0,D:\00-FLagship Project\SFU-IMU Dataset\IMU Dataset\sub7\Falls\HXE_CS_trial4.xlsx,sub7,sub8,Fall,Fall,0.21753524,0.0048428215,0.777622
sub7,Fall,2,CS,5,1921,15.0,D:\00-FLagship Project\SFU-IMU Dataset\IMU Dataset\sub7\Falls\HXE_CS_trial5.xlsx,sub7,sub8,Fall,Fall,0.17705846,0.0039020241,0.81903946
sub7,Fall,2,HB,1,1921,15.0,D:\00-FLagship Project\SFU-IMU Dataset\IMU Dataset\sub7\Falls\HXE_HB_trial1.xlsx,sub7,sub8,Fall,Fall,0.20218128,0.004614618,0.7932041
sub7,Fall,2,HB,3,1922,15.007819999999999,D:\00-FLagship Project\SFU-IMU Dataset\IMU Dataset\sub7\Falls\HXE_HB_trial3.xlsx,sub7,sub8,Fall,Fall,0.16759509,0.0034954196,0.8289095
sub7,Fall,2,HB,4,1921,15.0,D:\00-FLagship Project\SFU-IMU Dataset\IMU Dataset\sub7\Falls\HXE_HB_trial4.xlsx,sub7,sub8,Fall,Fall,0.13285808,0.0028918409,0.86425006
sub7,Fall,2,ITDS,1,1921,15.0,D:\00-FLagship Project\SFU-IMU Dataset\IMU Dataset\sub7\Falls\HXE_ITDS_trial1.xlsx,sub7,sub8,Fall,Fall,0.21456979,0.005031642,0.78039855
sub7,Fall,2,ITDS,2,1921,15.0,D:\00-FLagship Project\SFU-IMU Dataset\IMU Dataset\sub7\Falls\HXE_ITDS_trial2.xlsx,sub7,sub8,Fall,Fall,0.21260811,0.0049545676,0.78243726
sub7,Fall,2,ITDS,3,1921,15.0,D:\00-FLagship Project\SFU-IMU Dataset\IMU Dataset\sub7\Falls\HXE_ITDS_trial3.xlsx,sub7,sub8,Fall,Fall,0.19625492,0.004104638,0.7996404
sub7,Fall,2,ITRS,1,1921,15.0,D:\00-FLagship Project\SFU-IMU Dataset\IMU Dataset\sub7\Falls\HXE_ITRS_trial1.xlsx,sub7,sub8,Fall,Fall,0.17646879,0.0037387358,0.8197925
sub7,Fall,2,ITRS,2,1921,15.0,D:\00-FLagship Project\SFU-IMU Dataset\IMU Dataset\sub7\Falls\HXE_ITRS_trial2.xlsx,sub7,sub8,Fall,Fall,0.040531963,0.0017731993,0.9576948
sub7,Fall,2,ITRS,4,1921,15.0,D:\00-FLagship Project\SFU-IMU Dataset\IMU Dataset\sub7\Falls\HXE_ITRS_trial4.xlsx,sub7,sub8,Fall,Fall,0.11083733,0.0025552816,0.88660735
sub7,Fall,2,LCC,1,1921,15.0,D:\00-FLagship Project\SFU-IMU Dataset\IMU Dataset\sub7\Falls\HXE_LCC_trial1.xlsx,sub7,sub8,Fall,Fall,0.22129142,0.005104672,0.77360386
sub7,Fall,2,LCC,2,1921,15.0,D:\00-FLagship Project\SFU-IMU Dataset\IMU Dataset\sub7\Falls\HXE_LCC_trial2.xlsx,sub7,sub8,Fall,Fall,0.18472481,0.004857056,0.8104181
sub7,Fall,2,LCC,3,1921,15.0,D:\00-FLagship Project\SFU-IMU Dataset\IMU Dataset\sub7\Falls\HXE_LCC_trial3.xlsx,sub7,sub8,Fall,Fall,0.19275251,0.004192602,0.8030549
sub7,Fall,2,slip,1,1921,15.0,D:\00-FLagship Project\SFU-IMU Dataset\IMU Dataset\sub7\Falls\HXE_slip_trial1.xlsx,sub7,sub8,Fall,ADL,0.7665944,0.20012538,0.033280212
sub7,Fall,2,slip,2,1921,15.0,D:\00-FLagship Project\SFU-IMU Dataset\IMU Dataset\sub7\Falls\HXE_slip_trial2.xlsx,sub7,sub8,Fall,Fall,0.18889402,0.004026257,0.8070797
sub7,Fall,2,slip,3,1921,15.0,D:\00-FLagship Project\SFU-IMU Dataset\IMU Dataset\sub7\Falls\HXE_slip_trial3.xlsx,sub7,sub8,Fall,Fall,0.1921662,0.0041432003,0.8036907
sub7,Fall,2,trip,1,1921,15.0,D:\00-FLagship Project\SFU-IMU Dataset\IMU Dataset\sub7\Falls\HXE_trip_trial1.xlsx,sub7,sub8,Fall,Fall,0.14862606,0.005100272,0.84627366
sub7,Fall,2,trip,3,1921,15.0,D:\00-FLagship Project\SFU-IMU Dataset\IMU Dataset\sub7\Falls\HXE_trip_trial3.xlsx,sub7,sub8,Fall,Near_Fall,0.27998686,0.45238423,0.26762888
sub7,Fall,2,trip,4,1921,15.0,D:\00-FLagship Project\SFU-IMU Dataset\IMU Dataset\sub7\Falls\HXE_trip_trial4.xlsx,sub7,sub8,Fall,Fall,0.28538206,0.09937725,0.6152407
sub7,Near_Fall,1,CS,1,1922,15.00781,D:\00-FLagship Project\SFU-IMU Dataset\IMU Dataset\sub7\Near_Falls\HXE_CS_trial1.xlsx,sub7,sub8,Near_Fall,Near_Fall,0.38789466,0.56635785,0.045747537
sub7,Near_Fall,1,CS,2,1921,15.0,D:\00-FLagship Project\SFU-IMU Dataset\IMU Dataset\sub7\Near_Falls\HXE_CS_trial2.xlsx,sub7,sub8,Near_Fall,ADL,0.7021278,0.27175596,0.026116215
sub7,Near_Fall,1,CS,6,1921,15.0,D:\00-FLagship Project\SFU-IMU Dataset\IMU Dataset\sub7\Near_Falls\HXE_CS_trial6.xlsx,sub7,sub8,Near_Fall,ADL,0.5387979,0.419203,0.041999064
sub7,Near_Fall,1,HB,2,1921,15.0,D:\00-FLagship Project\SFU-IMU Dataset\IMU Dataset\sub7\Near_Falls\HXE_HB_trial2.xlsx,sub7,sub8,Near_Fall,Near_Fall,0.20258605,0.7753902,0.022023685
sub7,Near_Fall,1,HB,5,1921,15.0,D:\00-FLagship Project\SFU-IMU Dataset\IMU Dataset\sub7\Near_Falls\HXE_HB_trial5.xlsx,sub7,sub8,Near_Fall,ADL,0.7345473,0.22400811,0.04144459
sub7,Near_Fall,1,HB,6,1921,15.0,D:\00-FLagship Project\SFU-IMU Dataset\IMU Dataset\sub7\Near_Falls\HXE_HB_trial6.xlsx,sub7,sub8,Near_Fall,ADL,0.7159791,0.2588331,0.025187787
sub7,Near_Fall,1,ITRS,3,1921,15.0,D:\00-FLagship Project\SFU-IMU Dataset\IMU Dataset\sub7\Near_Falls\HXE_ITRS_trial3.xlsx,sub7,sub8,Near_Fall,ADL,0.6575658,0.31520334,0.027230883
sub7,Near_Fall,1,ITRS,6,1921,15.0,D:\00-FLagship Project\SFU-IMU Dataset\IMU Dataset\sub7\Near_Falls\HXE_ITRS_trial6.xlsx,sub7,sub8,Near_Fall,Near_Fall,0.17550398,0.8057049,0.018791089
sub7,Near_Fall,1,ITRS,7,1921,15.0,D:\00-FLagship Project\SFU-IMU Dataset\IMU Dataset\sub7\Near_Falls\HXE_ITRS_trial7.xlsx,sub7,sub8,Near_Fall,ADL,0.6952226,0.27950376,0.025273658
sub7,Near_Fall,1,slip,4,1921,15.0,D:\00-FLagship Project\SFU-IMU Dataset\IMU Dataset\sub7\Near_Falls\HXE_slip_trial4.xlsx,sub7,sub8,Near_Fall,ADL,0.6725419,0.30104265,0.02641543
sub7,Near_Fall,1,slip,5,1922,15.00781,D:\00-FLagship Project\SFU-IMU Dataset\IMU Dataset\sub7\Near_Falls\HXE_slip_trial5.xlsx,sub7,sub8,Near_Fall,Near_Fall,0.2720366,0.70504546,0.022918006
sub7,Near_Fall,1,slip,6,1921,15.0,D:\00-FLagship Project\SFU-IMU Dataset\IMU Dataset\sub7\Near_Falls\HXE_slip_trial6.xlsx,sub7,sub8,Near_Fall,Near_Fall,0.26823932,0.69412374,0.037636954
sub7,Near_Fall,1,trip,2,1921,15.0,D:\00-FLagship Project\SFU-IMU Dataset\IMU Dataset\sub7\Near_Falls\HXE_trip_trial2.xlsx,sub7,sub8,Near_Fall,Near_Fall,0.29583955,0.6724817,0.031678744
sub7,Near_Fall,1,trip,5,1921,15.0,D:\00-FLagship Project\SFU-IMU Dataset\IMU Dataset\sub7\Near_Falls\HXE_trip_trial5.xlsx,sub7,sub8,Near_Fall,ADL,0.67657053,0.2973386,0.026090808
sub7,Near_Fall,1,trip,6,1921,15.0,D:\00-FLagship Project\SFU-IMU Dataset\IMU Dataset\sub7\Near_Falls\HXE_trip_trial6.xlsx,sub7,sub8,Near_Fall,Near_Fall,0.28844628,0.67008495,0.041468725
sub8,ADL,0,AS,1,2561,20.0,D:\00-FLagship Project\SFU-IMU Dataset\IMU Dataset\sub8\ADLs\RXV_AS_trial1.xlsx,sub8,sub9,ADL,ADL,0.5544308,0.4226049,0.02296434
sub8,ADL,0,AS,2,2561,20.0,D:\00-FLagship Project\SFU-IMU Dataset\IMU Dataset\sub8\ADLs\RXV_AS_trial2.xlsx,sub8,sub9,ADL,ADL,0.5320506,0.44521242,0.02273692
sub8,ADL,0,AS,3,2562,20.00782,D:\00-FLagship Project\SFU-IMU Dataset\IMU Dataset\sub8\ADLs\RXV_AS_trial3.xlsx,sub8,sub9,ADL,ADL,0.6945415,0.2833476,0.02211085
sub8,ADL,0,DS,1,2561,20.0,D:\00-FLagship Project\SFU-IMU Dataset\IMU Dataset\sub8\ADLs\RXV_DS_trial1.xlsx,sub8,sub9,ADL,Near_Fall,0.31734398,0.66383106,0.018824982
sub8,ADL,0,DS,2,2561,20.0,D:\00-FLagship Project\SFU-IMU Dataset\IMU Dataset\sub8\ADLs\RXV_DS_trial2.xlsx,sub8,sub9,ADL,Near_Fall,0.29306275,0.6884717,0.018465618
sub8,ADL,0,DS,3,2561,20.0,D:\00-FLagship Project\SFU-IMU Dataset\IMU Dataset\sub8\ADLs\RXV_DS_trial3.xlsx,sub8,sub9,ADL,Near_Fall,0.38017115,0.5993151,0.020513782
sub8,ADL,0,DSL,1,1921,15.0,D:\00-FLagship Project\SFU-IMU Dataset\IMU Dataset\sub8\ADLs\RXV_DSL_trial1.xlsx,sub8,sub9,ADL,Fall,0.11825491,0.0028839032,0.8788613
sub8,ADL,0,DSL,2,1921,15.0,D:\00-FLagship Project\SFU-IMU Dataset\IMU Dataset\sub8\ADLs\RXV_DSL_trial2.xlsx,sub8,sub9,ADL,Fall,0.12323509,0.0030089172,0.87375593
sub8,ADL,0,DSL,3,1921,15.0,D:\00-FLagship Project\SFU-IMU Dataset\IMU Dataset\sub8\ADLs\RXV_DSL_trial3.xlsx,sub8,sub9,ADL,Fall,0.11761228,0.0029560742,0.8794316
sub8,ADL,0,DSS,1,1921,15.0,D:\00-FLagship Project\SFU-IMU Dataset\IMU Dataset\sub8\ADLs\RXV_DSS_trial1.xlsx,sub8,sub9,ADL,ADL,0.49040425,0.4868931,0.022702657
sub8,ADL,0,DSS,2,1921,15.0,D:\00-FLagship Project\SFU-IMU Dataset\IMU Dataset\sub8\ADLs\RXV_DSS_trial2.xlsx,sub8,sub9,ADL,Near_Fall,0.48346984,0.4938147,0.022715466
sub8,ADL,0,DSS,3,1921,15.0,D:\00-FLagship Project\SFU-IMU Dataset\IMU Dataset\sub8\ADLs\RXV_DSS_trial3.xlsx,sub8,sub9,ADL,ADL,0.50635374,0.47069123,0.022955118
sub8,ADL,0,NW,1,1921,15.0,D:\00-FLagship Project\SFU-IMU Dataset\IMU Dataset\sub8\ADLs\RXV_NW_trial1.xlsx,sub8,sub9,ADL,Near_Fall,0.285442,0.695935,0.018622959
sub8,ADL,0,NW,2,1921,15.0,D:\00-FLagship Project\SFU-IMU Dataset\IMU Dataset\sub8\ADLs\RXV_NW_trial2.xlsx,sub8,sub9,ADL,Near_Fall,0.3336716,0.64724255,0.019085826
sub8,ADL,0,NW,3,1921,15.0,D:\00-FLagship Project\SFU-IMU Dataset\IMU Dataset\sub8\ADLs\RXV_NW_trial3.xlsx,sub8,sub9,ADL,Near_Fall,0.33543652,0.64532554,0.019237932
sub8,ADL,0,POG,1,1921,15.0,D:\00-FLagship Project\SFU-IMU Dataset\IMU Dataset\sub8\ADLs\RXV_POG_trial1.xlsx,sub8,sub9,ADL,Near_Fall,0.3113486,0.66810846,0.020542957
sub8,ADL,0,POG,2,1922,15.00781,D:\00-FLagship Project\SFU-IMU Dataset\IMU Dataset\sub8\ADLs\RXV_POG_trial2.xlsx,sub8,sub9,ADL,Near_Fall,0.37071028,0.6091063,0.02018346
sub8,ADL,0,POG,3,1922,15.00781,D:\00-FLagship Project\SFU-IMU Dataset\IMU Dataset\sub8\ADLs\RXV_POG_trial3.xlsx,sub8,sub9,ADL,Near_Fall,0.31601027,0.66516,0.018829733
sub8,ADL,0,RSS,1,1921,15.0,D:\00-FLagship Project\SFU-IMU Dataset\IMU Dataset\sub8\ADLs\RXV_RSS_trial1.xlsx,sub8,sub9,ADL,Near_Fall,0.4402316,0.53754157,0.022226904
sub8,ADL,0,RSS,2,1921,15.0,D:\00-FLagship Project\SFU-IMU Dataset\IMU Dataset\sub8\ADLs\RXV_RSS_trial2.xlsx,sub8,sub9,ADL,Near_Fall,0.45970058,0.51771355,0.022585846
sub8,ADL,0,RSS,3,1921,15.0,D:\00-FLagship Project\SFU-IMU Dataset\IMU Dataset\sub8\ADLs\RXV_RSS_trial3.xlsx,sub8,sub9,ADL,Near_Fall,0.47921076,0.4980896,0.022699654
sub8,ADL,0,SQ,1,1921,15.0,D:\00-FLagship Project\SFU-IMU Dataset\IMU Dataset\sub8\ADLs\RXV_SQ_trial1.xlsx,sub8,sub9,ADL,Near_Fall,0.3644522,0.6155255,0.020022292
sub8,ADL,0,SQ,2,1921,15.0,D:\00-FLagship Project\SFU-IMU Dataset\IMU Dataset\sub8\ADLs\RXV_SQ_trial2.xlsx,sub8,sub9,ADL,Near_Fall,0.34178594,0.6388829,0.019331185
sub8,ADL,0,SQ,3,1921,15.0,D:\00-FLagship Project\SFU-IMU Dataset\IMU Dataset\sub8\ADLs\RXV_SQ_trial3.xlsx,sub8,sub9,ADL,Near_Fall,0.32572165,0.65534645,0.018931942
sub8,Fall,2,CS,1,1921,15.0,D:\00-FLagship Project\SFU-IMU Dataset\IMU Dataset\sub8\Falls\RXV_CS_trial1.xlsx,sub8,sub9,Fall,Fall,0.08545717,0.0023228126,0.91222006
sub8,Fall,2,CS,4,1921,15.0,D:\00-FLagship Project\SFU-IMU Dataset\IMU Dataset\sub8\Falls\RXV_CS_trial4.xlsx,sub8,sub9,Fall,Fall,0.106592126,0.0026090804,0.89079875
sub8,Fall,2,CS,6,1921,15.0,D:\00-FLagship Project\SFU-IMU Dataset\IMU Dataset\sub8\Falls\RXV_CS_trial6.xlsx,sub8,sub9,Fall,Fall,0.114109606,0.0027616122,0.88312876
sub8,Fall,2,HB,2,1921,15.0,D:\00-FLagship Project\SFU-IMU Dataset\IMU Dataset\sub8\Falls\RXV_HB_trial2.xlsx,sub8,sub9,Fall,Fall,0.12826815,0.003217262,0.8685146
sub8,Fall,2,HB,3,1921,15.0,D:\00-FLagship Project\SFU-IMU Dataset\IMU Dataset\sub8\Falls\RXV_HB_trial3.xlsx,sub8,sub9,Fall,Fall,0.12438778,0.0031561477,0.87245613
sub8,Fall,2,HB,5,1921,15.0,D:\00-FLagship Project\SFU-IMU Dataset\IMU Dataset\sub8\Falls\RXV_HB_trial5.xlsx,sub8,sub9,Fall,Fall,0.12812088,0.0032155637,0.8686636
sub8,Fall,2,ITDS,1,1921,15.0,D:\00-FLagship Project\SFU-IMU Dataset\IMU Dataset\sub8\Falls\RXV_ITDS_trial1.xlsx,sub8,sub9,Fall,Fall,0.104860865,0.0025877482,0.89255136
sub8,Fall,2,ITDS,2,1921,15.0,D:\00-FLagship Project\SFU-IMU Dataset\IMU Dataset\sub8\Falls\RXV_ITDS_trial2.xlsx,sub8,sub9,Fall,Fall,0.12197755,0.0031095904,0.8749128
sub8,Fall,2,ITDS,3,1921,15.0,D:\00-FLagship Project\SFU-IMU Dataset\IMU Dataset\sub8\Falls\RXV_ITDS_trial3.xlsx,sub8,sub9,Fall,Fall,0.12403238,0.0030923907,0.87287515
sub8,Fall,2,ITRS,1,1921,15.0,D:\00-FLagship Project\SFU-IMU Dataset\IMU Dataset\sub8\Falls\RXV_ITRS_trial1.xlsx,sub8,sub9,Fall,Fall,0.11705261,0.002845073,0.8801023
sub8,Fall,2,ITRS,3,1922,15.007819999999999,D:\00-FLagship Project\SFU-IMU Dataset\IMU Dataset\sub8\Falls\RXV_ITRS_trial3.xlsx,sub8,sub9,Fall,Fall,0.12280399,0.0029865669,0.87420946
sub8,Fall,2,ITRS,4,1921,15.0,D:\00-FLagship Project\SFU-IMU Dataset\IMU Dataset\sub8\Falls\RXV_ITRS_trial4.xlsx,sub8,sub9,Fall,Fall,0.121366166,0.002969713,0.8756641
sub8,Fall,2,LCC,1,1921,15.0,D:\00-FLagship Project\SFU-IMU Dataset\IMU Dataset\sub8\Falls\RXV_LCC_trial1.xlsx,sub8,sub9,Fall,Fall,0.08176665,0.0023297232,0.91590357
sub8,Fall,2,LCC,2,1921,15.0,D:\00-FLagship Project\SFU-IMU Dataset\IMU Dataset\sub8\Falls\RXV_LCC_trial2.xlsx,sub8,sub9,Fall,Fall,0.1344685,0.0032492883,0.8622823
sub8,Fall,2,LCC,3,1921,15.0,D:\00-FLagship Project\SFU-IMU Dataset\IMU Dataset\sub8\Falls\RXV_LCC_trial3.xlsx,sub8,sub9,Fall,Fall,0.12472926,0.0031660106,0.87210476
sub8,Fall,2,slip,1,1921,15.0,D:\00-FLagship Project\SFU-IMU Dataset\IMU Dataset\sub8\Falls\RXV_slip_trial1.xlsx,sub8,sub9,Fall,Near_Fall,0.30021712,0.6657915,0.03399145
sub8,Fall,2,slip,2,1921,15.0,D:\00-FLagship Project\SFU-IMU Dataset\IMU Dataset\sub8\Falls\RXV_slip_trial2.xlsx,sub8,sub9,Fall,Fall,0.121448256,0.0030986501,0.87545305
sub8,Fall,2,slip,6,1922,15.00781,D:\00-FLagship Project\SFU-IMU Dataset\IMU Dataset\sub8\Falls\RXV_slip_trial6.xlsx,sub8,sub9,Fall,Fall,0.12495463,0.0030818733,0.8719634
sub8,Fall,2,trip,1,1921,15.0,D:\00-FLagship Project\SFU-IMU Dataset\IMU Dataset\sub8\Falls\RXV_trip_trial1.xlsx,sub8,sub9,Fall,Near_Fall,0.16569978,0.810969,0.023331271
sub8,Fall,2,trip,3,1921,15.0,D:\00-FLagship Project\SFU-IMU Dataset\IMU Dataset\sub8\Falls\RXV_trip_trial3.xlsx,sub8,sub9,Fall,Near_Fall,0.15760106,0.81801164,0.024387242
sub8,Fall,2,trip,6,1921,15.0,D:\00-FLagship Project\SFU-IMU Dataset\IMU Dataset\sub8\Falls\RXV_trip_trial6.xlsx,sub8,sub9,Fall,Fall,0.05747087,0.006946131,0.93558306
sub8,Near_Fall,1,CS,2,1921,15.0,D:\00-FLagship Project\SFU-IMU Dataset\IMU Dataset\sub8\Near_Falls\RXV_CS_trial2.xlsx,sub8,sub9,Near_Fall,Near_Fall,0.34549013,0.6338909,0.020618964
sub8,Near_Fall,1,CS,3,1921,15.0,D:\00-FLagship Project\SFU-IMU Dataset\IMU Dataset\sub8\Near_Falls\RXV_CS_trial3.xlsx,sub8,sub9,Near_Fall,Near_Fall,0.3073388,0.67297494,0.019686207
sub8,Near_Fall,1,CS,5,1921,15.0,D:\00-FLagship Project\SFU-IMU Dataset\IMU Dataset\sub8\Near_Falls\RXV_CS_trial5.xlsx,sub8,sub9,Near_Fall,ADL,0.63614106,0.3344831,0.029375844
sub8,Near_Fall,1,HB,1,1921,15.0,D:\00-FLagship Project\SFU-IMU Dataset\IMU Dataset\sub8\Near_Falls\RXV_HB_trial1.xlsx,sub8,sub9,Near_Fall,Near_Fall,0.32257304,0.65566385,0.02176308
sub8,Near_Fall,1,HB,4,1921,15.0,D:\00-FLagship Project\SFU-IMU Dataset\IMU Dataset\sub8\Near_Falls\RXV_HB_trial4.xlsx,sub8,sub9,Near_Fall,ADL,0.6908272,0.28685966,0.022313138
sub8,Near_Fall,1,HB,6,1921,15.0,D:\00-FLagship Project\SFU-IMU Dataset\IMU Dataset\sub8\Near_Falls\RXV_HB_trial6.xlsx,sub8,sub9,Near_Fall,ADL,0.72646755,0.2518737,0.021658741
sub8,Near_Fall,1,ITRS,2,1921,15.0,D:\00-FLagship Project\SFU-IMU Dataset\IMU Dataset\sub8\Near_Falls\RXV_ITRS_trial2.xlsx,sub8,sub9,Near_Fall,Near_Fall,0.34267268,0.63793445,0.019392835
sub8,Near_Fall,1,ITRS,5,1921,15.0,D:\00-FLagship Project\SFU-IMU Dataset\IMU Dataset\sub8\Near_Falls\RXV_ITRS_trial5.xlsx,sub8,sub9,Near_Fall,Near_Fall,0.25875497,0.7218871,0.019357929
sub8,Near_Fall,1,ITRS,6,1921,15.0,D:\00-FLagship Project\SFU-IMU Dataset\IMU Dataset\sub8\Near_Falls\RXV_ITRS_trial6.xlsx,sub8,sub9,Near_Fall,Near_Fall,0.21145724,0.7675649,0.020977791
sub8,Near_Fall,1,slip,3,1921,15.0,D:\00-FLagship Project\SFU-IMU Dataset\IMU Dataset\sub8\Near_Falls\RXV_slip_trial3.xlsx,sub8,sub9,Near_Fall,Near_Fall,0.30435422,0.67640793,0.019237863
sub8,Near_Fall,1,slip,4,1921,15.0,D:\00-FLagship Project\SFU-IMU Dataset\IMU Dataset\sub8\Near_Falls\RXV_slip_trial4.xlsx,sub8,sub9,Near_Fall,Near_Fall,0.23637027,0.743441,0.020188775
sub8,Near_Fall,1,slip,5,1921,15.0,D:\00-FLagship Project\SFU-IMU Dataset\IMU Dataset\sub8\Near_Falls\RXV_slip_trial5.xlsx,sub8,sub9,Near_Fall,Near_Fall,0.19230628,0.78541756,0.02227623
sub8,Near_Fall,1,trip,2,1921,15.0,D:\00-FLagship Project\SFU-IMU Dataset\IMU Dataset\sub8\Near_Falls\RXV_trip_trial2.xlsx,sub8,sub9,Near_Fall,Near_Fall,0.22270577,0.7571195,0.020174736
sub8,Near_Fall,1,trip,4,1921,15.0,D:\00-FLagship Project\SFU-IMU Dataset\IMU Dataset\sub8\Near_Falls\RXV_trip_trial4.xlsx,sub8,sub9,Near_Fall,Near_Fall,0.20093302,0.7777334,0.021333652
sub8,Near_Fall,1,trip,5,1921,15.0,D:\00-FLagship Project\SFU-IMU Dataset\IMU Dataset\sub8\Near_Falls\RXV_trip_trial5.xlsx,sub8,sub9,Near_Fall,Near_Fall,0.19647251,0.7819845,0.021542978
sub9,ADL,0,AS,1,2561,20.0,D:\00-FLagship Project\SFU-IMU Dataset\IMU Dataset\sub9\ADLs\SXT_AS_trial1.xlsx,sub9,sub10,ADL,ADL,0.7491996,0.20366538,0.047134973
sub9,ADL,0,AS,2,2561,20.0,D:\00-FLagship Project\SFU-IMU Dataset\IMU Dataset\sub9\ADLs\SXT_AS_trial2.xlsx,sub9,sub10,ADL,ADL,0.75245017,0.19880247,0.048747264
sub9,ADL,0,AS,3,2561,20.0,D:\00-FLagship Project\SFU-IMU Dataset\IMU Dataset\sub9\ADLs\SXT_AS_trial3.xlsx,sub9,sub10,ADL,ADL,0.76530236,0.16798452,0.06671305
sub9,ADL,0,DS,1,2562,20.00781,D:\00-FLagship Project\SFU-IMU Dataset\IMU Dataset\sub9\ADLs\SXT_DS_trial1.xlsx,sub9,sub10,ADL,ADL,0.7639053,0.18369262,0.052402116
sub9,ADL,0,DS,2,2561,20.0,D:\00-FLagship Project\SFU-IMU Dataset\IMU Dataset\sub9\ADLs\SXT_DS_trial2.xlsx,sub9,sub10,ADL,ADL,0.7530864,0.20084627,0.04606732
sub9,ADL,0,DS,3,2561,20.0,D:\00-FLagship Project\SFU-IMU Dataset\IMU Dataset\sub9\ADLs\SXT_DS_trial3.xlsx,sub9,sub10,ADL,ADL,0.7450003,0.21079105,0.044208664
sub9,ADL,0,DSL,1,1921,15.0,D:\00-FLagship Project\SFU-IMU Dataset\IMU Dataset\sub9\ADLs\SXT_DSL_trial1.xlsx,sub9,sub10,ADL,Fall,0.06105453,0.004019435,0.93492603
sub9,ADL,0,DSL,2,1921,15.0,D:\00-FLagship Project\SFU-IMU Dataset\IMU Dataset\sub9\ADLs\SXT_DSL_trial2.xlsx,sub9,sub10,ADL,Fall,0.15871769,0.005220505,0.83606184
sub9,ADL,0,DSL,3,1921,15.0,D:\00-FLagship Project\SFU-IMU Dataset\IMU Dataset\sub9\ADLs\SXT_DSL_trial3.xlsx,sub9,sub10,ADL,Fall,0.14040591,0.0050450857,0.85454893
sub9,ADL,0,DSS,1,1921,15.0,D:\00-FLagship Project\SFU-IMU Dataset\IMU Dataset\sub9\ADLs\SXT_DSS_trial1.xlsx,sub9,sub10,ADL,ADL,0.7550372,0.2008075,0.044155348
sub9,ADL,0,DSS,2,1921,15.0,D:\00-FLagship Project\SFU-IMU Dataset\IMU Dataset\sub9\ADLs\SXT_DSS_trial2.xlsx,sub9,sub10,ADL,ADL,0.7615069,0.19191593,0.046577103
sub9,ADL,0,DSS,3,1921,15.0,D:\00-FLagship Project\SFU-IMU Dataset\IMU Dataset\sub9\ADLs\SXT_DSS_trial3.xlsx,sub9,sub10,ADL,ADL,0.707598,0.25405225,0.03834976
sub9,ADL,0,NW,1,1921,15.0,D:\00-FLagship Project\SFU-IMU Dataset\IMU Dataset\sub9\ADLs\SXT_NW_trial1.xlsx,sub9,sub10,ADL,ADL,0.6549443,0.3118159,0.033239868
sub9,ADL,0,NW,2,1921,15.0,D:\00-FLagship Project\SFU-IMU Dataset\IMU Dataset\sub9\ADLs\SXT_NW_trial2.xlsx,sub9,sub10,ADL,ADL,0.6564942,0.31056103,0.032944832
sub9,ADL,0,NW,3,1921,15.0,D:\00-FLagship Project\SFU-IMU Dataset\IMU Dataset\sub9\ADLs\SXT_NW_trial3.xlsx,sub9,sub10,ADL,ADL,0.5623043,0.40694597,0.030749772
sub9,ADL,0,POG,1,1921,15.0,D:\00-FLagship Project\SFU-IMU Dataset\IMU Dataset\sub9\ADLs\SXT_POG_trial1.xlsx,sub9,sub10,ADL,ADL,0.74809486,0.20547208,0.046433125
sub9,ADL,0,POG,2,1921,15.0,D:\00-FLagship Project\SFU-IMU Dataset\IMU Dataset\sub9\ADLs\SXT_POG_trial2.xlsx,sub9,sub10,ADL,ADL,0.72100997,0.22962926,0.049360737
sub9,ADL,0,POG,3,1921,15.0,D:\00-FLagship Project\SFU-IMU Dataset\IMU Dataset\sub9\ADLs\SXT_POG_trial3.xlsx,sub9,sub10,ADL,ADL,0.7262019,0.23206285,0.041735187
sub9,ADL,0,RSS,1,1921,15.0,D:\00-FLagship Project\SFU-IMU Dataset\IMU Dataset\sub9\ADLs\SXT_RSS_trial1.xlsx,sub9,sub10,ADL,ADL,0.70452833,0.25884423,0.036627464
sub9,ADL,0,RSS,2,1921,15.0,D:\00-FLagship Project\SFU-IMU Dataset\IMU Dataset\sub9\ADLs\SXT_RSS_trial2.xlsx,sub9,sub10,ADL,ADL,0.7374427,0.22167021,0.040887114
sub9,ADL,0,RSS,3,1921,15.0,D:\00-FLagship Project\SFU-IMU Dataset\IMU Dataset\sub9\ADLs\SXT_RSS_trial3.xlsx,sub9,sub10,ADL,ADL,0.718895,0.24262947,0.03847551
sub9,ADL,0,SQ,1,1921,15.0,D:\00-FLagship Project\SFU-IMU Dataset\IMU Dataset\sub9\ADLs\SXT_SQ_trial1.xlsx,sub9,sub10,ADL,ADL,0.73028433,0.23046596,0.039249722
sub9,ADL,0,SQ,2,1921,15.0,D:\00-FLagship Project\SFU-IMU Dataset\IMU Dataset\sub9\ADLs\SXT_SQ_trial2.xlsx,sub9,sub10,ADL,ADL,0.70877105,0.2543729,0.03685604
sub9,ADL,0,SQ,3,1921,15.0,D:\00-FLagship Project\SFU-IMU Dataset\IMU Dataset\sub9\ADLs\SXT_SQ_trial3.xlsx,sub9,sub10,ADL,ADL,0.7102884,0.25286642,0.036845177
sub9,Fall,2,CS,1,1921,15.0,D:\00-FLagship Project\SFU-IMU Dataset\IMU Dataset\sub9\Falls\SXT_CS_trial1.xlsx,sub9,sub10,Fall,Fall,0.085564055,0.004984145,0.90945184
sub9,Fall,2,CS,2,1921,15.0,D:\00-FLagship Project\SFU-IMU Dataset\IMU Dataset\sub9\Falls\SXT_CS_trial2.xlsx,sub9,sub10,Fall,Fall,0.061807755,0.0041461685,0.93404615
sub9,Fall,2,CS,4,1921,15.0,D:\00-FLagship Project\SFU-IMU Dataset\IMU Dataset\sub9\Falls\SXT_CS_trial4.xlsx,sub9,sub10,Fall,Fall,0.047322474,0.004297157,0.9483804
sub9,Fall,2,HB,2,1922,15.007819999999999,D:\00-FLagship Project\SFU-IMU Dataset\IMU Dataset\sub9\Falls\SXT_HB_trial2.xlsx,sub9,sub10,Fall,Fall,0.1930551,0.0066648927,0.80028003
sub9,Fall,2,HB,3,1921,15.0,D:\00-FLagship Project\SFU-IMU Dataset\IMU Dataset\sub9\Falls\SXT_HB_trial3.xlsx,sub9,sub10,Fall,Fall,0.048439138,0.003237496,0.9483234
sub9,Fall,2,HB,6,1921,15.0,D:\00-FLagship Project\SFU-IMU Dataset\IMU Dataset\sub9\Falls\SXT_HB_trial6.xlsx,sub9,sub10,Fall,Fall,0.04168194,0.0032242804,0.9550938
sub9,Fall,2,ITDS,1,1921,15.0,D:\00-FLagship Project\SFU-IMU Dataset\IMU Dataset\sub9\Falls\SXT_ITDS_trial1.xlsx,sub9,sub10,Fall,Fall,0.13158204,0.0054359273,0.86298203
sub9,Fall,2,ITDS,2,1921,15.0,D:\00-FLagship Project\SFU-IMU Dataset\IMU Dataset\sub9\Falls\SXT_ITDS_trial2.xlsx,sub9,sub10,Fall,Fall,0.037431493,0.0043147965,0.95825374
sub9,Fall,2,ITDS,3,1921,15.0,D:\00-FLagship Project\SFU-IMU Dataset\IMU Dataset\sub9\Falls\SXT_ITDS_trial3.xlsx,sub9,sub10,Fall,Fall,0.03564429,0.0037131098,0.96064264
sub9,Fall,2,ITRS,1,1921,15.0,D:\00-FLagship Project\SFU-IMU Dataset\IMU Dataset\sub9\Falls\SXT_ITRS_trial1.xlsx,sub9,sub10,Fall,Fall,0.05270569,0.0038882706,0.94340605
sub9,Fall,2,ITRS,2,1921,15.0,D:\00-FLagship Project\SFU-IMU Dataset\IMU Dataset\sub9\Falls\SXT_ITRS_trial2.xlsx,sub9,sub10,Fall,Fall,0.045787826,0.004455404,0.9497568
sub9,Fall,2,ITRS,4,1921,15.0,D:\00-FLagship Project\SFU-IMU Dataset\IMU Dataset\sub9\Falls\SXT_ITRS_trial4.xlsx,sub9,sub10,Fall,Fall,0.12019544,0.0052759163,0.8745287
sub9,Fall,2,LCC,1,1921,15.0,D:\00-FLagship Project\SFU-IMU Dataset\IMU Dataset\sub9\Falls\SXT_LCC_trial1.xlsx,sub9,sub10,Fall,Fall,0.08292014,0.004552425,0.9125274
sub9,Fall,2,LCC,2,1921,15.0,D:\00-FLagship Project\SFU-IMU Dataset\IMU Dataset\sub9\Falls\SXT_LCC_trial2.xlsx,sub9,sub10,Fall,Fall,0.03405118,0.003792787,0.962156
sub9,Fall,2,LCC,3,1922,15.00781,D:\00-FLagship Project\SFU-IMU Dataset\IMU Dataset\sub9\Falls\SXT_LCC_trial3.xlsx,sub9,sub10,Fall,Fall,0.034042127,0.0037277027,0.96223015
sub9,Fall,2,slip,1,1921,15.0,D:\00-FLagship Project\SFU-IMU Dataset\IMU Dataset\sub9\Falls\SXT_slip_trial1.xlsx,sub9,sub10,Fall,Fall,0.06535032,0.004686048,0.9299636
sub9,Fall,2,slip,2,1921,15.0,D:\00-FLagship Project\SFU-IMU Dataset\IMU Dataset\sub9\Falls\SXT_slip_trial2.xlsx,sub9,sub10,Fall,Fall,0.066599,0.0042737946,0.92912716
sub9,Fall,2,slip,4,1921,15.0,D:\00-FLagship Project\SFU-IMU Dataset\IMU Dataset\sub9\Falls\SXT_slip_trial4.xlsx,sub9,sub10,Fall,Fall,0.0553203,0.004007023,0.9406727
sub9,Fall,2,trip,1,1921,15.0,D:\00-FLagship Project\SFU-IMU Dataset\IMU Dataset\sub9\Falls\SXT_trip_trial1.xlsx,sub9,sub10,Fall,Fall,0.17853357,0.006153535,0.81531286
sub9,Fall,2,trip,2,1921,15.0,D:\00-FLagship Project\SFU-IMU Dataset\IMU Dataset\sub9\Falls\SXT_trip_trial2.xlsx,sub9,sub10,Fall,Fall,0.17982884,0.0059913285,0.81417984
sub9,Fall,2,trip,4,1921,15.0,D:\00-FLagship Project\SFU-IMU Dataset\IMU Dataset\sub9\Falls\SXT_trip_trial4.xlsx,sub9,sub10,Fall,Fall,0.14942259,0.005325298,0.84525216
sub9,Near_Fall,1,CS,3,1921,15.0,D:\00-FLagship Project\SFU-IMU Dataset\IMU Dataset\sub9\Near_Falls\SXT_CS_trial3.xlsx,sub9,sub10,Near_Fall,ADL,0.7697956,0.17969283,0.050511576
sub9,Near_Fall,1,CS,5,1921,15.0,D:\00-FLagship Project\SFU-IMU Dataset\IMU Dataset\sub9\Near_Falls\SXT_CS_trial5.xlsx,sub9,sub10,Near_Fall,ADL,0.75332093,0.20444073,0.042238373
sub9,Near_Fall,1,CS,6,1921,15.0,D:\00-FLagship Project\SFU-IMU Dataset\IMU Dataset\sub9\Near_Falls\SXT_CS_trial6.xlsx,sub9,sub10,Near_Fall,ADL,0.721437,0.23543008,0.043132965
sub9,Near_Fall,1,HB,1,1921,15.0,D:\00-FLagship Project\SFU-IMU Dataset\IMU Dataset\sub9\Near_Falls\SXT_HB_trial1.xlsx,sub9,sub10,Near_Fall,ADL,0.7420358,0.2131357,0.044828534
sub9,Near_Fall,1,HB,4,1921,15.0,D:\00-FLagship Project\SFU-IMU Dataset\IMU Dataset\sub9\Near_Falls\SXT_HB_trial4.xlsx,sub9,sub10,Near_Fall,ADL,0.74356335,0.21247624,0.04396043
sub9,Near_Fall,1,HB,5,1921,15.0,D:\00-FLagship Project\SFU-IMU Dataset\IMU Dataset\sub9\Near_Falls\SXT_HB_trial5.xlsx,sub9,sub10,Near_Fall,ADL,0.7634532,0.19119762,0.045349184
sub9,Near_Fall,1,ITRS,3,1921,15.0,D:\00-FLagship Project\SFU-IMU Dataset\IMU Dataset\sub9\Near_Falls\SXT_ITRS_trial3.xlsx,sub9,sub10,Near_Fall,ADL,0.7432083,0.21569754,0.041094225
sub9,Near_Fall,1,ITRS,5,1921,15.0,D:\00-FLagship Project\SFU-IMU Dataset\IMU Dataset\sub9\Near_Falls\SXT_ITRS_trial5.xlsx,sub9,sub10,Near_Fall,ADL,0.61475146,0.3533583,0.03189023
sub9,Near_Fall,1,ITRS,6,1922,15.007819999999999,D:\00-FLagship Project\SFU-IMU Dataset\IMU Dataset\sub9\Near_Falls\SXT_ITRS_trial6.xlsx,sub9,sub10,Near_Fall,ADL,0.68148714,0.2838962,0.034616698
sub9,Near_Fall,1,slip,3,1921,15.0,D:\00-FLagship Project\SFU-IMU Dataset\IMU Dataset\sub9\Near_Falls\SXT_slip_trial3.xlsx,sub9,sub10,Near_Fall,ADL,0.6356995,0.3309169,0.033383578
sub9,Near_Fall,1,slip,5,1921,15.0,D:\00-FLagship Project\SFU-IMU Dataset\IMU Dataset\sub9\Near_Falls\SXT_slip_trial5.xlsx,sub9,sub10,Near_Fall,ADL,0.661735,0.30196962,0.036295373
sub9,Near_Fall,1,slip,6,1921,15.0,D:\00-FLagship Project\SFU-IMU Dataset\IMU Dataset\sub9\Near_Falls\SXT_slip_trial6.xlsx,sub9,sub10,Near_Fall,ADL,0.6437957,0.2858732,0.0703311
sub9,Near_Fall,1,trip,3,1921,15.0,D:\00-FLagship Project\SFU-IMU Dataset\IMU Dataset\sub9\Near_Falls\SXT_trip_trial3.xlsx,sub9,sub10,Near_Fall,ADL,0.7074595,0.253986,0.038554482
sub9,Near_Fall,1,trip,5,1921,15.0,D:\00-FLagship Project\SFU-IMU Dataset\IMU Dataset\sub9\Near_Falls\SXT_trip_trial5.xlsx,sub9,sub10,Near_Fall,ADL,0.7779668,0.16156942,0.06046378
sub9,Near_Fall,1,trip,6,1921,15.0,D:\00-FLagship Project\SFU-IMU Dataset\IMU Dataset\sub9\Near_Falls\SXT_trip_trial6.xlsx,sub9,sub10,Near_Fall,ADL,0.76680464,0.17929624,0.053899135
sub10,ADL,0,AS,1,2561,20.0,D:\00-FLagship Project\SFU-IMU Dataset\IMU Dataset\sub10\ADLs\VXM_AS_trial1.xlsx,sub10,sub1,ADL,ADL,0.68139654,0.22742122,0.09118227
sub10,ADL,0,AS,2,2561,20.0,D:\00-FLagship Project\SFU-IMU Dataset\IMU Dataset\sub10\ADLs\VXM_AS_trial2.xlsx,sub10,sub1,ADL,ADL,0.6791003,0.2336319,0.08726787
sub10,ADL,0,AS,3,2561,20.0,D:\00-FLagship Project\SFU-IMU Dataset\IMU Dataset\sub10\ADLs\VXM_AS_trial3.xlsx,sub10,sub1,ADL,ADL,0.6805735,0.22139865,0.098027855
sub10,ADL,0,DS,1,2561,20.0,D:\00-FLagship Project\SFU-IMU Dataset\IMU Dataset\sub10\ADLs\VXM_DS_trial1.xlsx,sub10,sub1,ADL,ADL,0.6690068,0.25730467,0.07368843
sub10,ADL,0,DS,2,2561,20.0,D:\00-FLagship Project\SFU-IMU Dataset\IMU Dataset\sub10\ADLs\VXM_DS_trial2.xlsx,sub10,sub1,ADL,ADL,0.67460376,0.2505254,0.07487084
sub10,ADL,0,DS,3,2561,20.0,D:\00-FLagship Project\SFU-IMU Dataset\IMU Dataset\sub10\ADLs\VXM_DS_trial3.xlsx,sub10,sub1,ADL,ADL,0.6733763,0.24935348,0.077270225
sub10,ADL,0,DSL,1,1921,15.0,D:\00-FLagship Project\SFU-IMU Dataset\IMU Dataset\sub10\ADLs\VXM_DSL_trial1.xlsx,sub10,sub1,ADL,Fall,0.07878522,0.009011544,0.9122032
sub10,ADL,0,DSL,2,1921,15.0,D:\00-FLagship Project\SFU-IMU Dataset\IMU Dataset\sub10\ADLs\VXM_DSL_trial2.xlsx,sub10,sub1,ADL,Fall,0.14610188,0.008201104,0.845697
sub10,ADL,0,DSL,3,1921,15.0,D:\00-FLagship Project\SFU-IMU Dataset\IMU Dataset\sub10\ADLs\VXM_DSL_trial3.xlsx,sub10,sub1,ADL,Fall,0.0902531,0.010448906,0.89929795
sub10,ADL,0,DSS,1,1921,15.0,D:\00-FLagship Project\SFU-IMU Dataset\IMU Dataset\sub10\ADLs\VXM_DSS_trial1.xlsx,sub10,sub1,ADL,ADL,0.67303103,0.2497964,0.07717251
sub10,ADL,0,DSS,2,1921,15.0,D:\00-FLagship Project\SFU-IMU Dataset\IMU Dataset\sub10\ADLs\VXM_DSS_trial2.xlsx,sub10,sub1,ADL,ADL,0.67488307,0.2466737,0.07844329
sub10,ADL,0,DSS,3,1921,15.0,D:\00-FLagship Project\SFU-IMU Dataset\IMU Dataset\sub10\ADLs\VXM_DSS_trial3.xlsx,sub10,sub1,ADL,ADL,0.65053886,0.29155686,0.05790428
sub10,ADL,0,NW,1,1921,15.0,D:\00-FLagship Project\SFU-IMU Dataset\IMU Dataset\sub10\ADLs\VXM_NW_trial1.xlsx,sub10,sub1,ADL,ADL,0.62021905,0.33315548,0.046625473
sub10,ADL,0,NW,2,1921,15.0,D:\00-FLagship Project\SFU-IMU Dataset\IMU Dataset\sub10\ADLs\VXM_NW_trial2.xlsx,sub10,sub1,ADL,ADL,0.6261105,0.32545376,0.048435733
sub10,ADL,0,NW,3,1921,15.0,D:\00-FLagship Project\SFU-IMU Dataset\IMU Dataset\sub10\ADLs\VXM_NW_trial3.xlsx,sub10,sub1,ADL,ADL,0.59094137,0.36982092,0.039237794
sub10,ADL,0,POG,1,1921,15.0,D:\00-FLagship Project\SFU-IMU Dataset\IMU Dataset\sub10\ADLs\VXM_POG_trial1.xlsx,sub10,sub1,ADL,ADL,0.51916397,0.44456264,0.03627335
sub10,ADL,0,POG,2,1921,15.0,D:\00-FLagship Project\SFU-IMU Dataset\IMU Dataset\sub10\ADLs\VXM_POG_trial2.xlsx,sub10,sub1,ADL,ADL,0.63268924,0.31674534,0.050565492
sub10,ADL,0,POG,3,1921,15.0,D:\00-FLagship Project\SFU-IMU Dataset\IMU Dataset\sub10\ADLs\VXM_POG_trial3.xlsx,sub10,sub1,ADL,ADL,0.6596904,0.27729684,0.06301281
sub10,ADL,0,RSS,1,1921,15.0,D:\00-FLagship Project\SFU-IMU Dataset\IMU Dataset\sub10\ADLs\VXM_RSS_trial1.xlsx,sub10,sub1,ADL,ADL,0.6665867,0.2629335,0.070479795
sub10,ADL,0,RSS,2,1921,15.0,D:\00-FLagship Project\SFU-IMU Dataset\IMU Dataset\sub10\ADLs\VXM_RSS_trial2.xlsx,sub10,sub1,ADL,ADL,0.6712492,0.2541136,0.07463712
sub10,ADL,0,RSS,3,1921,15.0,D:\00-FLagship Project\SFU-IMU Dataset\IMU Dataset\sub10\ADLs\VXM_RSS_trial3.xlsx,sub10,sub1,ADL,ADL,0.6407472,0.30528086,0.053971898
sub10,ADL,0,SQ,1,1921,15.0,D:\00-FLagship Project\SFU-IMU Dataset\IMU Dataset\sub10\ADLs\VXM_SQ_trial1.xlsx,sub10,sub1,ADL,ADL,0.6590899,0.27845368,0.06245642
sub10,ADL,0,SQ,2,1921,15.0,D:\00-FLagship Project\SFU-IMU Dataset\IMU Dataset\sub10\ADLs\VXM_SQ_trial2.xlsx,sub10,sub1,ADL,ADL,0.6663453,0.2651288,0.06852599
sub10,ADL,0,SQ,3,1921,15.0,D:\00-FLagship Project\SFU-IMU Dataset\IMU Dataset\sub10\ADLs\VXM_SQ_trial3.xlsx,sub10,sub1,ADL,ADL,0.6670225,0.2634955,0.06948197
sub10,Fall,2,CS,2,1921,15.0,D:\00-FLagship Project\SFU-IMU Dataset\IMU Dataset\sub10\Falls\VXM_CS_trial2.xlsx,sub10,sub1,Fall,Fall,0.07784065,0.010499616,0.9116598
sub10,Fall,2,CS,3,1921,15.0,D:\00-FLagship Project\SFU-IMU Dataset\IMU Dataset\sub10\Falls\VXM_CS_trial3.xlsx,sub10,sub1,Fall,Fall,0.08732645,0.009416963,0.9032566
sub10,Fall,2,CS,4,1921,15.0,D:\00-FLagship Project\SFU-IMU Dataset\IMU Dataset\sub10\Falls\VXM_CS_trial4.xlsx,sub10,sub1,Fall,Fall,0.08584563,0.009713067,0.9044413
sub10,Fall,2,HB,2,1921,15.0,D:\00-FLagship Project\SFU-IMU Dataset\IMU Dataset\sub10\Falls\VXM_HB_trial2.xlsx,sub10,sub1,Fall,Fall,0.14439265,0.0077358796,0.8478715
sub10,Fall,2,HB,3,1921,15.0,D:\00-FLagship Project\SFU-IMU Dataset\IMU Dataset\sub10\Falls\VXM_HB_trial3.xlsx,sub10,sub1,Fall,Fall,0.14723413,0.007887682,0.8448782
sub10,Fall,2,HB,5,1921,15.0,D:\00-FLagship Project\SFU-IMU Dataset\IMU Dataset\sub10\Falls\VXM_HB_trial5.xlsx,sub10,sub1,Fall,Fall,0.1074866,0.008544065,0.8839693
sub10,Fall,2,ITDS,1,1921,15.0,D:\00-FLagship Project\SFU-IMU Dataset\IMU Dataset\sub10\Falls\VXM_ITDS_trial1.xlsx,sub10,sub1,Fall,Fall,0.13854589,0.00755159,0.85390246
sub10,Fall,2,ITDS,2,1921,15.0,D:\00-FLagship Project\SFU-IMU Dataset\IMU Dataset\sub10\Falls\VXM_ITDS_trial2.xlsx,sub10,sub1,Fall,Fall,0.13738059,0.007987187,0.8546322
sub10,Fall,2,ITDS,3,1921,15.0,D:\00-FLagship Project\SFU-IMU Dataset\IMU Dataset\sub10\Falls\VXM_ITDS_trial3.xlsx,sub10,sub1,Fall,Fall,0.1402268,0.0077151195,0.85205805
sub10,Fall,2,ITRS,1,1921,15.0,D:\00-FLagship Project\SFU-IMU Dataset\IMU Dataset\sub10\Falls\VXM_ITRS_trial1.xlsx,sub10,sub1,Fall,Fall,0.08315451,0.009633889,0.90721154
sub10,Fall,2,ITRS,2,1921,15.0,D:\00-FLagship Project\SFU-IMU Dataset\IMU Dataset\sub10\Falls\VXM_ITRS_trial2.xlsx,sub10,sub1,Fall,Fall,0.072534986,0.010207416,0.9172576
sub10,Fall,2,ITRS,4,1921,15.0,D:\00-FLagship Project\SFU-IMU Dataset\IMU Dataset\sub10\Falls\VXM_ITRS_trial4.xlsx,sub10,sub1,Fall,Fall,0.07716605,0.009877572,0.9129564
sub10,Fall,2,LCC,1,1921,15.0,D:\00-FLagship Project\SFU-IMU Dataset\IMU Dataset\sub10\Falls\VXM_LCC_trial1.xlsx,sub10,sub1,Fall,Fall,0.09707299,0.011372127,0.8915549
sub10,Fall,2,LCC,2,1921,15.0,D:\00-FLagship Project\SFU-IMU Dataset\IMU Dataset\sub10\Falls\VXM_LCC_trial2.xlsx,sub10,sub1,Fall,Fall,0.15146902,0.0079271905,0.8406037
sub10,Fall,2,LCC,3,1921,15.0,D:\00-FLagship Project\SFU-IMU Dataset\IMU Dataset\sub10\Falls\VXM_LCC_trial3.xlsx,sub10,sub1,Fall,Fall,0.14814453,0.007799319,0.84405625
sub10,Fall,2,slip,1,1921,15.0,D:\00-FLagship Project\SFU-IMU Dataset\IMU Dataset\sub10\Falls\VXM_slip_trial1.xlsx,sub10,sub1,Fall,Fall,0.14188124,0.008311474,0.8498073
sub10,Fall,2,slip,2,1921,15.0,D:\00-FLagship Project\SFU-IMU Dataset\IMU Dataset\sub10\Falls\VXM_slip_trial2.xlsx,sub10,sub1,Fall,Fall,0.14354488,0.008187343,0.84826785
sub10,Fall,2,slip,5,1921,15.0,D:\00-FLagship Project\SFU-IMU Dataset\IMU Dataset\sub10\Falls\VXM_slip_trial5.xlsx,sub10,sub1,Fall,Fall,0.15106077,0.008311115,0.84062815
sub10,Fall,2,trip,1,1921,15.0,D:\00-FLagship Project\SFU-IMU Dataset\IMU Dataset\sub10\Falls\VXM_trip_trial1.xlsx,sub10,sub1,Fall,Fall,0.06952795,0.031690385,0.89878166
sub10,Fall,2,trip,4,1921,15.0,D:\00-FLagship Project\SFU-IMU Dataset\IMU Dataset\sub10\Falls\VXM_trip_trial4.xlsx,sub10,sub1,Fall,Fall,0.09540496,0.011347453,0.8932476
sub10,Fall,2,trip,5,1921,15.0,D:\00-FLagship Project\SFU-IMU Dataset\IMU Dataset\sub10\Falls\VXM_trip_trial5.xlsx,sub10,sub1,Fall,Fall,0.06858028,0.011496327,0.91992337
sub10,Near_Fall,1,CS,1,1921,15.0,D:\00-FLagship Project\SFU-IMU Dataset\IMU Dataset\sub10\Near_Falls\VXM_CS_trial1.xlsx,sub10,sub1,Near_Fall,Near_Fall,0.06702837,0.90822613,0.024745492
sub10,Near_Fall,1,CS,5,1921,15.0,D:\00-FLagship Project\SFU-IMU Dataset\IMU Dataset\sub10\Near_Falls\VXM_CS_trial5.xlsx,sub10,sub1,Near_Fall,Near_Fall,0.035600957,0.93901825,0.025380766
sub10,Near_Fall,1,CS,6,1921,15.0,D:\00-FLagship Project\SFU-IMU Dataset\IMU Dataset\sub10\Near_Falls\VXM_CS_trial6.xlsx,sub10,sub1,Near_Fall,ADL,0.50479,0.4621302,0.03307991
sub10,Near_Fall,1,HB,1,1921,15.0,D:\00-FLagship Project\SFU-IMU Dataset\IMU Dataset\sub10\Near_Falls\VXM_HB_trial1.xlsx,sub10,sub1,Near_Fall,ADL,0.66241956,0.26865366,0.06892676
sub10,Near_Fall,1,HB,4,1921,15.0,D:\00-FLagship Project\SFU-IMU Dataset\IMU Dataset\sub10\Near_Falls\VXM_HB_trial4.xlsx,sub10,sub1,Near_Fall,ADL,0.65911055,0.2753152,0.0655743
sub10,Near_Fall,1,HB,6,1921,15.0,D:\00-FLagship Project\SFU-IMU Dataset\IMU Dataset\sub10\Near_Falls\VXM_HB_trial6.xlsx,sub10,sub1,Near_Fall,ADL,0.65109414,0.28811666,0.060789194
sub10,Near_Fall,1,ITRS,3,1921,15.0,D:\00-FLagship Project\SFU-IMU Dataset\IMU Dataset\sub10\Near_Falls\VXM_ITRS_trial3.xlsx,sub10,sub1,Near_Fall,ADL,0.61617875,0.3342774,0.049543872
sub10,Near_Fall,1,ITRS,5,1921,15.0,D:\00-FLagship Project\SFU-IMU Dataset\IMU Dataset\sub10\Near_Falls\VXM_ITRS_trial5.xlsx,sub10,sub1,Near_Fall,ADL,0.6526132,0.28392956,0.06345727
sub10,Near_Fall,1,ITRS,6,1921,15.0,D:\00-FLagship Project\SFU-IMU Dataset\IMU Dataset\sub10\Near_Falls\VXM_ITRS_trial6.xlsx,sub10,sub1,Near_Fall,ADL,0.6129168,0.33833107,0.048752144
sub10,Near_Fall,1,slip,3,1921,15.0,D:\00-FLagship Project\SFU-IMU Dataset\IMU Dataset\sub10\Near_Falls\VXM_slip_trial3.xlsx,sub10,sub1,Near_Fall,Near_Fall,0.46673286,0.5041689,0.02909822
sub10,Near_Fall,1,slip,4,1921,15.0,D:\00-FLagship Project\SFU-IMU Dataset\IMU Dataset\sub10\Near_Falls\VXM_slip_trial4.xlsx,sub10,sub1,Near_Fall,Near_Fall,0.09445778,0.8790987,0.026443427
sub10,Near_Fall,1,slip,6,1921,15.0,D:\00-FLagship Project\SFU-IMU Dataset\IMU Dataset\sub10\Near_Falls\VXM_slip_trial6.xlsx,sub10,sub1,Near_Fall,Near_Fall,0.17674744,0.7927079,0.03054461
sub10,Near_Fall,1,trip,2,1921,15.0,D:\00-FLagship Project\SFU-IMU Dataset\IMU Dataset\sub10\Near_Falls\VXM_trip_trial2.xlsx,sub10,sub1,Near_Fall,ADL,0.59188867,0.36795452,0.040156845
sub10,Near_Fall,1,trip,3,1921,15.0,D:\00-FLagship Project\SFU-IMU Dataset\IMU Dataset\sub10\Near_Falls\VXM_trip_trial3.xlsx,sub10,sub1,Near_Fall,ADL,0.6444613,0.29780763,0.057731133
sub10,Near_Fall,1,trip,6,1921,15.0,D:\00-FLagship Project\SFU-IMU Dataset\IMU Dataset\sub10\Near_Falls\VXM_trip_trial6.xlsx,sub10,sub1,Near_Fall,ADL,0.58531517,0.37677523,0.037909616
