subject,label,label_id,scenario,repetition,original_samples,duration_seconds,path,fold_test_subject,validation_subject,true_label,predicted_label,probability_ADL,probability_Near_Fall,probability_Fall
sub1,ADL,0,AS,1,1921,15.0,D:\00-FLagship Project\SFU-IMU Dataset\IMU Dataset\sub1\ADLs\AXR_AS_trial1.xlsx,sub1,sub2,ADL,Near_Fall,0.4221817,0.5378957,0.039922614
sub1,ADL,0,AS,2,2561,20.0,D:\00-FLagship Project\SFU-IMU Dataset\IMU Dataset\sub1\ADLs\AXR_AS_trial2.xlsx,sub1,sub2,ADL,ADL,0.64625317,0.30120423,0.05254252
sub1,ADL,0,AS,3,2561,20.0,D:\00-FLagship Project\SFU-IMU Dataset\IMU Dataset\sub1\ADLs\AXR_AS_trial3.xlsx,sub1,sub2,ADL,ADL,0.6519973,0.29571506,0.05228756
sub1,ADL,0,DS,1,2561,20.0,D:\00-FLagship Project\SFU-IMU Dataset\IMU Dataset\sub1\ADLs\AXR_DS_trial1.xlsx,sub1,sub2,ADL,Near_Fall,0.24705563,0.7297285,0.023215828
sub1,ADL,0,DS,2,2562,20.00781,D:\00-FLagship Project\SFU-IMU Dataset\IMU Dataset\sub1\ADLs\AXR_DS_trial2.xlsx,sub1,sub2,ADL,Near_Fall,0.05789732,0.9007627,0.04134006
sub1,ADL,0,DS,3,2561,20.0,D:\00-FLagship Project\SFU-IMU Dataset\IMU Dataset\sub1\ADLs\AXR_DS_trial3.xlsx,sub1,sub2,ADL,Near_Fall,0.17377512,0.77558625,0.050638687
sub1,ADL,0,DSL,1,1921,15.0,D:\00-FLagship Project\SFU-IMU Dataset\IMU Dataset\sub1\ADLs\JXL_DSL_trial1.xlsx,sub1,sub2,ADL,Fall,0.10214145,0.013626907,0.8842316
sub1,ADL,0,DSL,2,1921,15.0,D:\00-FLagship Project\SFU-IMU Dataset\IMU Dataset\sub1\ADLs\JXL_DSL_trial2.xlsx,sub1,sub2,ADL,Fall,0.10236008,0.013712075,0.88392776
sub1,ADL,0,DSL,3,1921,15.0,D:\00-FLagship Project\SFU-IMU Dataset\IMU Dataset\sub1\ADLs\JXL_DSL_trial3.xlsx,sub1,sub2,ADL,Fall,0.10241868,0.013700588,0.88388073
sub1,ADL,0,DSS,1,1921,15.0,D:\00-FLagship Project\SFU-IMU Dataset\IMU Dataset\sub1\ADLs\JXL_DSS_trial1.xlsx,sub1,sub2,ADL,ADL,0.6915699,0.2518476,0.056582537
sub1,ADL,0,DSS,2,1921,15.0,D:\00-FLagship Project\SFU-IMU Dataset\IMU Dataset\sub1\ADLs\JXL_DSS_trial2.xlsx,sub1,sub2,ADL,Near_Fall,0.3292415,0.6407026,0.03005591
sub1,ADL,0,DSS,3,1921,15.0,D:\00-FLagship Project\SFU-IMU Dataset\IMU Dataset\sub1\ADLs\JXL_DSS_trial3.xlsx,sub1,sub2,ADL,Near_Fall,0.35241863,0.6103101,0.037271276
sub1,ADL,0,NW,1,1921,15.0,D:\00-FLagship Project\SFU-IMU Dataset\IMU Dataset\sub1\ADLs\JXL_NW_trial1.xlsx,sub1,sub2,ADL,Near_Fall,0.059862316,0.89872515,0.04141255
sub1,ADL,0,NW,2,1921,15.0,D:\00-FLagship Project\SFU-IMU Dataset\IMU Dataset\sub1\ADLs\JXL_NW_trial2.xlsx,sub1,sub2,ADL,Near_Fall,0.058363963,0.90118563,0.040450405
sub1,ADL,0,NW,3,1921,15.0,D:\00-FLagship Project\SFU-IMU Dataset\IMU Dataset\sub1\ADLs\JXL_NW_trial3.xlsx,sub1,sub2,ADL,Near_Fall,0.06058639,0.9004402,0.038973413
sub1,ADL,0,POG,1,1921,15.0,D:\00-FLagship Project\SFU-IMU Dataset\IMU Dataset\sub1\ADLs\JXL_POG_trial1.xlsx,sub1,sub2,ADL,Near_Fall,0.267212,0.7097999,0.022988152
sub1,ADL,0,POG,2,1921,15.0,D:\00-FLagship Project\SFU-IMU Dataset\IMU Dataset\sub1\ADLs\JXL_POG_trial2.xlsx,sub1,sub2,ADL,Near_Fall,0.09670458,0.8690243,0.034271173
sub1,ADL,0,POG,3,1921,15.0,D:\00-FLagship Project\SFU-IMU Dataset\IMU Dataset\sub1\ADLs\JXL_POG_trial3.xlsx,sub1,sub2,ADL,ADL,0.646745,0.30157554,0.05167952
sub1,ADL,0,RSS,1,1921,15.0,D:\00-FLagship Project\SFU-IMU Dataset\IMU Dataset\sub1\ADLs\JXL_RSS_trial1.xlsx,sub1,sub2,ADL,ADL,0.69100535,0.25270468,0.056289997
sub1,ADL,0,RSS,2,1921,15.0,D:\00-FLagship Project\SFU-IMU Dataset\IMU Dataset\sub1\ADLs\JXL_RSS_trial2.xlsx,sub1,sub2,ADL,ADL,0.69300514,0.25028512,0.05670978
sub1,ADL,0,RSS,3,1921,15.0,D:\00-FLagship Project\SFU-IMU Dataset\IMU Dataset\sub1\ADLs\JXL_RSS_trial3.xlsx,sub1,sub2,ADL,Near_Fall,0.12847506,0.83475655,0.03676838
sub1,ADL,0,SQ,1,1921,15.0,D:\00-FLagship Project\SFU-IMU Dataset\IMU Dataset\sub1\ADLs\JXL_SQ_trial1.xlsx,sub1,sub2,ADL,ADL,0.68701166,0.2566495,0.05633886
sub1,ADL,0,SQ,2,1921,15.0,D:\00-FLagship Project\SFU-IMU Dataset\IMU Dataset\sub1\ADLs\JXL_SQ_trial2.xlsx,sub1,sub2,ADL,ADL,0.6915571,0.2519055,0.056537364
sub1,ADL,0,SQ,3,1921,15.0,D:\00-FLagship Project\SFU-IMU Dataset\IMU Dataset\sub1\ADLs\JXL_SQ_trial3.xlsx,sub1,sub2,ADL,ADL,0.6785694,0.26591232,0.05551835
sub1,Fall,2,ITCS,1,1921,15.0,D:\00-FLagship Project\SFU-IMU Dataset\IMU Dataset\sub1\Falls\AXR_ITCS_trial1.xlsx,sub1,sub2,Fall,Fall,0.10265315,0.013765558,0.88358134
sub1,Fall,2,ITCS,3,1921,15.0,D:\00-FLagship Project\SFU-IMU Dataset\IMU Dataset\sub1\Falls\AXR_ITCS_trial3.xlsx,sub1,sub2,Fall,Fall,0.101943515,0.01431928,0.88373727
sub1,Fall,2,ITCS,4,1921,15.0,D:\00-FLagship Project\SFU-IMU Dataset\IMU Dataset\sub1\Falls\AXR_ITCS_trial4.xlsx,sub1,sub2,Fall,Fall,0.09834449,0.012814044,0.8888414
sub1,Fall,2,slip,1,1921,15.0,D:\00-FLagship Project\SFU-IMU Dataset\IMU Dataset\sub1\Falls\AXR_slip_trial1.xlsx,sub1,sub2,Fall,Near_Fall,0.2488951,0.72727084,0.023834094
sub1,Fall,2,slip,2,1921,15.0,D:\00-FLagship Project\SFU-IMU Dataset\IMU Dataset\sub1\Falls\AXR_slip_trial2.xlsx,sub1,sub2,Fall,Fall,0.10202059,0.013603569,0.88437593
sub1,Fall,2,slip,6,1922,15.00781,D:\00-FLagship Project\SFU-IMU Dataset\IMU Dataset\sub1\Falls\AXR_slip_trial6.xlsx,sub1,sub2,Fall,Fall,0.09545691,0.012364844,0.89217824
sub1,Fall,2,HB,2,1921,15.0,D:\00-FLagship Project\SFU-IMU Dataset\IMU Dataset\sub1\Falls\JXL_HB_trial2.xlsx,sub1,sub2,Fall,Fall,0.10200987,0.014314514,0.88367563
sub1,Fall,2,HB,3,1921,15.0,D:\00-FLagship Project\SFU-IMU Dataset\IMU Dataset\sub1\Falls\JXL_HB_trial3.xlsx,sub1,sub2,Fall,Fall,0.10087365,0.015064423,0.88406193
sub1,Fall,2,HB,4,1921,15.0,D:\00-FLagship Project\SFU-IMU Dataset\IMU Dataset\sub1\Falls\JXL_HB_trial4.xlsx,sub1,sub2,Fall,Fall,0.10078941,0.0144370515,0.88477355
sub1,Fall,2,ITDS,1,1921,15.0,D:\00-FLagship Project\SFU-IMU Dataset\IMU Dataset\sub1\Falls\JXL_ITDS_trial1.xlsx,sub1,sub2,Fall,Fall,0.09833651,0.012835379,0.88882816
sub1,Fall,2,ITDS,2,1921,15.0,D:\00-FLagship Project\SFU-IMU Dataset\IMU Dataset\sub1\Falls\JXL_ITDS_trial2.xlsx,sub1,sub2,Fall,Fall,0.1008797,0.013642034,0.8854783
sub1,Fall,2,ITDS,3,1921,15.0,D:\00-FLagship Project\SFU-IMU Dataset\IMU Dataset\sub1\Falls\JXL_ITDS_trial3.xlsx,sub1,sub2,Fall,Fall,0.10293298,0.013832493,0.8832346
sub1,Fall,2,ITRS,1,1921,15.0,D:\00-FLagship Project\SFU-IMU Dataset\IMU Dataset\sub1\Falls\JXL_ITRS_trial1.xlsx,sub1,sub2,Fall,Fall,0.10181598,0.013791674,0.8843923
sub1,Fall,2,ITRS,2,1922,15.00781,D:\00-FLagship Project\SFU-IMU Dataset\IMU Dataset\sub1\Falls\JXL_ITRS_trial2.xlsx,sub1,sub2,Fall,Fall,0.10292064,0.013911118,0.8831683
sub1,Fall,2,ITRS,4,1921,15.0,D:\00-FLagship Project\SFU-IMU Dataset\IMU Dataset\sub1\Falls\JXL_ITRS_trial4.xlsx,sub1,sub2,Fall,Fall,0.101908155,0.0139892865,0.8841025
sub1,Fall,2,LCC,1,1921,15.0,D:\00-FLagship Project\SFU-IMU Dataset\IMU Dataset\sub1\Falls\JXL_LCC_trial1.xlsx,sub1,sub2,Fall,Fall,0.102216564,0.013753502,0.88403
sub1,Fall,2,LCC,2,1921,15.0,D:\00-FLagship Project\SFU-IMU Dataset\IMU Dataset\sub1\Falls\JXL_LCC_trial2.xlsx,sub1,sub2,Fall,Fall,0.10370615,0.0140518835,0.88224196
sub1,Fall,2,LCC,3,1921,15.0,D:\00-FLagship Project\SFU-IMU Dataset\IMU Dataset\sub1\Falls\JXL_LCC_trial3.xlsx,sub1,sub2,Fall,Fall,0.10409356,0.014174419,0.88173205
sub1,Fall,2,trip,1,1921,15.0,D:\00-FLagship Project\SFU-IMU Dataset\IMU Dataset\sub1\Falls\JXL_trip_trial1.xlsx,sub1,sub2,Fall,Fall,0.104644105,0.01707512,0.8782809
sub1,Fall,2,trip,2,1921,15.0,D:\00-FLagship Project\SFU-IMU Dataset\IMU Dataset\sub1\Falls\JXL_trip_trial2.xlsx,sub1,sub2,Fall,Fall,0.09985594,0.014985847,0.8851582
sub1,Fall,2,trip,4,1921,15.0,D:\00-FLagship Project\SFU-IMU Dataset\IMU Dataset\sub1\Falls\JXL_trip_trial4.xlsx,sub1,sub2,Fall,Fall,0.07553951,0.021671558,0.90278894
sub1,Near_Fall,1,ITCS,2,1921,15.0,D:\00-FLagship Project\SFU-IMU Dataset\IMU Dataset\sub1\Near_Falls\AXR_ITCS_trial2.xlsx,sub1,sub2,Near_Fall,Near_Fall,0.06763082,0.8884789,0.04389033
sub1,Near_Fall,1,ITCS,5,1921,15.0,D:\00-FLagship Project\SFU-IMU Dataset\IMU Dataset\sub1\Near_Falls\AXR_ITCS_trial5.xlsx,sub1,sub2,Near_Fall,Near_Fall,0.063273095,0.8935596,0.043167315
sub1,Near_Fall,1,ITCS,6,1921,15.0,D:\00-FLagship Project\SFU-IMU Dataset\IMU Dataset\sub1\Near_Falls\AXR_ITCS_trial6.xlsx,sub1,sub2,Near_Fall,Near_Fall,0.07039838,0.8817717,0.047829915
sub1,Near_Fall,1,slip,3,1921,15.0,D:\00-FLagship Project\SFU-IMU Dataset\IMU Dataset\sub1\Near_Falls\AXR_slip_trial3.xlsx,sub1,sub2,Near_Fall,Near_Fall,0.061002273,0.8997759,0.039221823
sub1,Near_Fall,1,slip,4,1921,15.0,D:\00-FLagship Project\SFU-IMU Dataset\IMU Dataset\sub1\Near_Falls\AXR_slip_trial4.xlsx,sub1,sub2,Near_Fall,Near_Fall,0.058737602,0.897185,0.04407743
sub1,Near_Fall,1,slip,5,1921,15.0,D:\00-FLagship Project\SFU-IMU Dataset\IMU Dataset\sub1\Near_Falls\AXR_slip_trial5.xlsx,sub1,sub2,Near_Fall,Near_Fall,0.058235455,0.9000008,0.04176372
sub1,Near_Fall,1,HB,1,1921,15.0,D:\00-FLagship Project\SFU-IMU Dataset\IMU Dataset\sub1\Near_Falls\JXL_HB_trial1.xlsx,sub1,sub2,Near_Fall,Near_Fall,0.08049191,0.8821441,0.037363984
sub1,Near_Fall,1,HB,5,1921,15.0,D:\00-FLagship Project\SFU-IMU Dataset\IMU Dataset\sub1\Near_Falls\JXL_HB_trial5.xlsx,sub1,sub2,Near_Fall,Near_Fall,0.08050847,0.8679877,0.051503845
sub1,Near_Fall,1,HB,6,1921,15.0,D:\00-FLagship Project\SFU-IMU Dataset\IMU Dataset\sub1\Near_Falls\JXL_HB_trial6.xlsx,sub1,sub2,Near_Fall,Near_Fall,0.11549336,0.84013224,0.044374324
sub1,Near_Fall,1,ITRS,3,1921,15.0,D:\00-FLagship Project\SFU-IMU Dataset\IMU Dataset\sub1\Near_Falls\JXL_ITRS_trial3.xlsx,sub1,sub2,Near_Fall,Near_Fall,0.30488172,0.66988176,0.025236519
sub1,Near_Fall,1,ITRS,5,1921,15.0,D:\00-FLagship Project\SFU-IMU Dataset\IMU Dataset\sub1\Near_Falls\JXL_ITRS_trial5.xlsx,sub1,sub2,Near_Fall,Near_Fall,0.1199945,0.7701872,0.10981825
sub1,Near_Fall,1,ITRS,6,1921,15.0,D:\00-FLagship Project\SFU-IMU Dataset\IMU Dataset\sub1\Near_Falls\JXL_ITRS_trial6.xlsx,sub1,sub2,Near_Fall,Near_Fall,0.1406187,0.6927322,0.16664913
sub1,Near_Fall,1,trip,3,1921,15.0,D:\00-FLagship Project\SFU-IMU Dataset\IMU Dataset\sub1\Near_Falls\JXL_trip_trial3.xlsx,sub1,sub2,Near_Fall,Fall,0.11800074,0.031615168,0.850384
sub1,Near_Fall,1,trip,5,1921,15.0,D:\00-FLagship Project\SFU-IMU Dataset\IMU Dataset\sub1\Near_Falls\JXL_trip_trial5.xlsx,sub1,sub2,Near_Fall,Near_Fall,0.058698267,0.900201,0.041100636
sub1,Near_Fall,1,trip,6,1921,15.0,D:\00-FLagship Project\SFU-IMU Dataset\IMU Dataset\sub1\Near_Falls\JXL_trip_trial6.xlsx,sub1,sub2,Near_Fall,Near_Fall,0.057905965,0.90045893,0.04163511
sub2,ADL,0,AS,1,2561,20.0,D:\00-FLagship Project\SFU-IMU Dataset\IMU Dataset\sub2\ADLs\TXI_AS_trial1.xlsx,sub2,sub3,ADL,ADL,0.6366248,0.31315604,0.050219107
sub2,ADL,0,AS,2,2561,20.0,D:\00-FLagship Project\SFU-IMU Dataset\IMU Dataset\sub2\ADLs\TXI_AS_trial2.xlsx,sub2,sub3,ADL,Near_Fall,0.14638685,0.78498685,0.06862636
sub2,ADL,0,AS,3,2561,20.0,D:\00-FLagship Project\SFU-IMU Dataset\IMU Dataset\sub2\ADLs\TXI_AS_trial3.xlsx,sub2,sub3,ADL,ADL,0.63575125,0.31372985,0.05051887
sub2,ADL,0,DS,1,2561,20.0,D:\00-FLagship Project\SFU-IMU Dataset\IMU Dataset\sub2\ADLs\TXI_DS_trial1.xlsx,sub2,sub3,ADL,Near_Fall,0.14532898,0.7888958,0.06577525
sub2,ADL,0,DS,2,2561,20.0,D:\00-FLagship Project\SFU-IMU Dataset\IMU Dataset\sub2\ADLs\TXI_DS_trial2.xlsx,sub2,sub3,ADL,Near_Fall,0.14830028,0.78252625,0.0691734
sub2,ADL,0,DS,3,2561,20.0,D:\00-FLagship Project\SFU-IMU Dataset\IMU Dataset\sub2\ADLs\TXI_DS_trial3.xlsx,sub2,sub3,ADL,ADL,0.6372073,0.31259948,0.050193146
sub2,ADL,0,DSL,1,1921,15.0,D:\00-FLagship Project\SFU-IMU Dataset\IMU Dataset\sub2\ADLs\TXI_DSL_trial1.xlsx,sub2,sub3,ADL,Fall,0.13389301,0.016732858,0.8493742
sub2,ADL,0,DSL,2,1922,15.00781,D:\00-FLagship Project\SFU-IMU Dataset\IMU Dataset\sub2\ADLs\TXI_DSL_trial2.xlsx,sub2,sub3,ADL,Fall,0.13641404,0.016664667,0.84692127
sub2,ADL,0,DSL,3,1921,15.0,D:\00-FLagship Project\SFU-IMU Dataset\IMU Dataset\sub2\ADLs\TXI_DSL_trial3.xlsx,sub2,sub3,ADL,Fall,0.13574342,0.016512897,0.84774363
sub2,ADL,0,DSS,1,1921,15.0,D:\00-FLagship Project\SFU-IMU Dataset\IMU Dataset\sub2\ADLs\TXI_DSS_trial1.xlsx,sub2,sub3,ADL,Near_Fall,0.14589652,0.7874509,0.0666526
sub2,ADL,0,DSS,2,1921,15.0,D:\00-FLagship Project\SFU-IMU Dataset\IMU Dataset\sub2\ADLs\TXI_DSS_trial2.xlsx,sub2,sub3,ADL,ADL,0.6379935,0.31152022,0.05048625
sub2,ADL,0,DSS,3,1921,15.0,D:\00-FLagship Project\SFU-IMU Dataset\IMU Dataset\sub2\ADLs\TXI_DSS_trial3.xlsx,sub2,sub3,ADL,ADL,0.6355127,0.3144979,0.0499894
sub2,ADL,0,NW,1,1921,15.0,D:\00-FLagship Project\SFU-IMU Dataset\IMU Dataset\sub2\ADLs\TXI_NW_trial1.xlsx,sub2,sub3,ADL,ADL,0.6371603,0.3125364,0.050303284
sub2,ADL,0,NW,2,1921,15.0,D:\00-FLagship Project\SFU-IMU Dataset\IMU Dataset\sub2\ADLs\TXI_NW_trial2.xlsx,sub2,sub3,ADL,ADL,0.63946235,0.30985057,0.050687067
sub2,ADL,0,NW,3,1921,15.0,D:\00-FLagship Project\SFU-IMU Dataset\IMU Dataset\sub2\ADLs\TXI_NW_trial3.xlsx,sub2,sub3,ADL,ADL,0.63993555,0.30943778,0.05062667
sub2,ADL,0,POG,1,1921,15.0,D:\00-FLagship Project\SFU-IMU Dataset\IMU Dataset\sub2\ADLs\TXI_POG_trial1.xlsx,sub2,sub3,ADL,Near_Fall,0.14698587,0.7875953,0.0654188
sub2,ADL,0,POG,2,1921,15.0,D:\00-FLagship Project\SFU-IMU Dataset\IMU Dataset\sub2\ADLs\TXI_POG_trial2.xlsx,sub2,sub3,ADL,Near_Fall,0.14571334,0.7877673,0.0665193
sub2,ADL,0,POG,3,1921,15.0,D:\00-FLagship Project\SFU-IMU Dataset\IMU Dataset\sub2\ADLs\TXI_POG_trial3.xlsx,sub2,sub3,ADL,ADL,0.6359371,0.31400508,0.050057832
sub2,ADL,0,RSS,1,1921,15.0,D:\00-FLagship Project\SFU-IMU Dataset\IMU Dataset\sub2\ADLs\TXI_RSS_trial1.xlsx,sub2,sub3,ADL,ADL,0.6366172,0.31334615,0.050036654
sub2,ADL,0,RSS,2,1921,15.0,D:\00-FLagship Project\SFU-IMU Dataset\IMU Dataset\sub2\ADLs\TXI_RSS_trial2.xlsx,sub2,sub3,ADL,ADL,0.63840413,0.31103364,0.05056221
sub2,ADL,0,RSS,3,1921,15.0,D:\00-FLagship Project\SFU-IMU Dataset\IMU Dataset\sub2\ADLs\TXI_RSS_trial3.xlsx,sub2,sub3,ADL,ADL,0.6378394,0.3117263,0.050434288
sub2,ADL,0,SQ,1,1922,15.00781,D:\00-FLagship Project\SFU-IMU Dataset\IMU Dataset\sub2\ADLs\TXI_SQ_trial1.xlsx,sub2,sub3,ADL,ADL,0.636779,0.31314752,0.05007351
sub2,ADL,0,SQ,2,1921,15.0,D:\00-FLagship Project\SFU-IMU Dataset\IMU Dataset\sub2\ADLs\TXI_SQ_trial2.xlsx,sub2,sub3,ADL,ADL,0.63634706,0.31362596,0.05002699
sub2,ADL,0,SQ,3,1921,15.0,D:\00-FLagship Project\SFU-IMU Dataset\IMU Dataset\sub2\ADLs\TXI_SQ_trial3.xlsx,sub2,sub3,ADL,ADL,0.63616693,0.31388867,0.04994447
sub2,Fall,2,CS,1,1921,15.0,D:\00-FLagship Project\SFU-IMU Dataset\IMU Dataset\sub2\Falls\TXI_CS_trial1.xlsx,sub2,sub3,Fall,Fall,0.12452605,0.014622516,0.8608514
sub2,Fall,2,CS,4,1921,15.0,D:\00-FLagship Project\SFU-IMU Dataset\IMU Dataset\sub2\Falls\TXI_CS_trial4.xlsx,sub2,sub3,Fall,Fall,0.13320798,0.015623191,0.8511688
sub2,Fall,2,CS,5,1921,15.0,D:\00-FLagship Project\SFU-IMU Dataset\IMU Dataset\sub2\Falls\TXI_CS_trial5.xlsx,sub2,sub3,Fall,Fall,0.13592695,0.01603347,0.8480396
sub2,Fall,2,HB,1,1921,15.0,D:\00-FLagship Project\SFU-IMU Dataset\IMU Dataset\sub2\Falls\TXI_HB_trial1.xlsx,sub2,sub3,Fall,Fall,0.1434609,0.017546466,0.8389927
sub2,Fall,2,HB,2,1921,15.0,D:\00-FLagship Project\SFU-IMU Dataset\IMU Dataset\sub2\Falls\TXI_HB_trial2.xlsx,sub2,sub3,Fall,Fall,0.10919879,0.015496518,0.8753047
sub2,Fall,2,HB,4,1921,15.0,D:\00-FLagship Project\SFU-IMU Dataset\IMU Dataset\sub2\Falls\TXI_HB_trial4.xlsx,sub2,sub3,Fall,Fall,0.089618,0.011372615,0.8990094
sub2,Fall,2,ITDS,1,1922,15.00781,D:\00-FLagship Project\SFU-IMU Dataset\IMU Dataset\sub2\Falls\TXI_ITDS_trial1.xlsx,sub2,sub3,Fall,Fall,0.124730654,0.01472578,0.86054367
sub2,Fall,2,ITDS,2,1921,15.0,D:\00-FLagship Project\SFU-IMU Dataset\IMU Dataset\sub2\Falls\TXI_ITDS_trial2.xlsx,sub2,sub3,Fall,Fall,0.13928656,0.016668681,0.84404474
sub2,Fall,2,ITDS,3,1921,15.0,D:\00-FLagship Project\SFU-IMU Dataset\IMU Dataset\sub2\Falls\TXI_ITDS_trial3.xlsx,sub2,sub3,Fall,Fall,0.13050969,0.015141475,0.8543488
sub2,Fall,2,ITRS,2,1921,15.0,D:\00-FLagship Project\SFU-IMU Dataset\IMU Dataset\sub2\Falls\TXI_ITRS_trial2.xlsx,sub2,sub3,Fall,Fall,0.10207092,0.014347404,0.8835817
sub2,Fall,2,ITRS,3,1921,15.0,D:\00-FLagship Project\SFU-IMU Dataset\IMU Dataset\sub2\Falls\TXI_ITRS_trial3.xlsx,sub2,sub3,Fall,Fall,0.07761793,0.013901436,0.90848064
sub2,Fall,2,ITRS,5,1921,15.0,D:\00-FLagship Project\SFU-IMU Dataset\IMU Dataset\sub2\Falls\TXI_ITRS_trial5.xlsx,sub2,sub3,Fall,Fall,0.13340445,0.016665423,0.8499301
sub2,Fall,2,LCC,1,1921,15.0,D:\00-FLagship Project\SFU-IMU Dataset\IMU Dataset\sub2\Falls\TXI_LCC_trial1.xlsx,sub2,sub3,Fall,Fall,0.08759157,0.010671164,0.9017372
sub2,Fall,2,LCC,2,1921,15.0,D:\00-FLagship Project\SFU-IMU Dataset\IMU Dataset\sub2\Falls\TXI_LCC_trial2.xlsx,sub2,sub3,Fall,Fall,0.12644489,0.014916495,0.8586386
sub2,Fall,2,LCC,3,1921,15.0,D:\00-FLagship Project\SFU-IMU Dataset\IMU Dataset\sub2\Falls\TXI_LCC_trial3.xlsx,sub2,sub3,Fall,Fall,0.079491414,0.01442188,0.90608674
sub2,Fall,2,slip,1,1921,15.0,D:\00-FLagship Project\SFU-IMU Dataset\IMU Dataset\sub2\Falls\TXI_slip_trial1.xlsx,sub2,sub3,Fall,Fall,0.13726637,0.016395055,0.8463385
sub2,Fall,2,slip,2,1921,15.0,D:\00-FLagship Project\SFU-IMU Dataset\IMU Dataset\sub2\Falls\TXI_slip_trial2.xlsx,sub2,sub3,Fall,Fall,0.136152,0.016422937,0.84742504
sub2,Fall,2,slip,5,1921,15.0,D:\00-FLagship Project\SFU-IMU Dataset\IMU Dataset\sub2\Falls\TXI_slip_trial5.xlsx,sub2,sub3,Fall,Fall,0.11923983,0.016164152,0.864596
sub2,Fall,2,trip,2,1921,15.0,D:\00-FLagship Project\SFU-IMU Dataset\IMU Dataset\sub2\Falls\TXI_trip_trial2.xlsx,sub2,sub3,Fall,Fall,0.08826489,0.01175799,0.89997715
sub2,Fall,2,trip,4,1921,15.0,D:\00-FLagship Project\SFU-IMU Dataset\IMU Dataset\sub2\Falls\TXI_trip_trial4.xlsx,sub2,sub3,Fall,Fall,0.08675214,0.011986559,0.9012613
sub2,Fall,2,trip,5,1921,15.0,D:\00-FLagship Project\SFU-IMU Dataset\IMU Dataset\sub2\Falls\TXI_trip_trial5.xlsx,sub2,sub3,Fall,Fall,0.08703978,0.011666108,0.90129405
sub2,Near_Fall,1,CS,2,1921,15.0,D:\00-FLagship Project\SFU-IMU Dataset\IMU Dataset\sub2\Near_Falls\TXI_CS_trial2.xlsx,sub2,sub3,Near_Fall,ADL,0.6386704,0.31057373,0.050755855
sub2,Near_Fall,1,CS,3,1921,15.0,D:\00-FLagship Project\SFU-IMU Dataset\IMU Dataset\sub2\Near_Falls\TXI_CS_trial3.xlsx,sub2,sub3,Near_Fall,ADL,0.6366658,0.31302226,0.05031194
sub2,Near_Fall,1,CS,6,1921,15.0,D:\00-FLagship Project\SFU-IMU Dataset\IMU Dataset\sub2\Near_Falls\TXI_CS_trial6.xlsx,sub2,sub3,Near_Fall,Near_Fall,0.14624155,0.788958,0.064800434
sub2,Near_Fall,1,HB,3,1921,15.0,D:\00-FLagship Project\SFU-IMU Dataset\IMU Dataset\sub2\Near_Falls\TXI_HB_trial3.xlsx,sub2,sub3,Near_Fall,Near_Fall,0.14643307,0.7865024,0.06706458
sub2,Near_Fall,1,HB,5,1922,15.00781,D:\00-FLagship Project\SFU-IMU Dataset\IMU Dataset\sub2\Near_Falls\TXI_HB_trial5.xlsx,sub2,sub3,Near_Fall,Near_Fall,0.14466032,0.7895792,0.06576041
sub2,Near_Fall,1,HB,6,1921,15.0,D:\00-FLagship Project\SFU-IMU Dataset\IMU Dataset\sub2\Near_Falls\TXI_HB_trial6.xlsx,sub2,sub3,Near_Fall,Near_Fall,0.14687602,0.785788,0.06733601
sub2,Near_Fall,1,ITRS,1,1921,15.0,D:\00-FLagship Project\SFU-IMU Dataset\IMU Dataset\sub2\Near_Falls\TXI_ITRS_trial1.xlsx,sub2,sub3,Near_Fall,Near_Fall,0.1458228,0.78956264,0.064614564
sub2,Near_Fall,1,ITRS,4,1921,15.0,D:\00-FLagship Project\SFU-IMU Dataset\IMU Dataset\sub2\Near_Falls\TXI_ITRS_trial4.xlsx,sub2,sub3,Near_Fall,Near_Fall,0.1461171,0.7888457,0.06503718
sub2,Near_Fall,1,ITRS,6,1921,15.0,D:\00-FLagship Project\SFU-IMU Dataset\IMU Dataset\sub2\Near_Falls\TXI_ITRS_trial6.xlsx,sub2,sub3,Near_Fall,Near_Fall,0.14532581,0.78678095,0.06789326
sub2,Near_Fall,1,slip,3,1921,15.0,D:\00-FLagship Project\SFU-IMU Dataset\IMU Dataset\sub2\Near_Falls\TXI_slip_trial3.xlsx,sub2,sub3,Near_Fall,Near_Fall,0.14698955,0.7860399,0.06697054
sub2,Near_Fall,1,slip,4,1921,15.0,D:\00-FLagship Project\SFU-IMU Dataset\IMU Dataset\sub2\Near_Falls\TXI_slip_trial4.xlsx,sub2,sub3,Near_Fall,Near_Fall,0.14639232,0.788494,0.065113634
sub2,Near_Fall,1,slip,7,1921,15.0,D:\00-FLagship Project\SFU-IMU Dataset\IMU Dataset\sub2\Near_Falls\TXI_slip_trial7.xlsx,sub2,sub3,Near_Fall,ADL,0.6158768,0.33255702,0.051566083
sub2,Near_Fall,1,trip,1,1921,15.0,D:\00-FLagship Project\SFU-IMU Dataset\IMU Dataset\sub2\Near_Falls\TXI_trip_trial1.xlsx,sub2,sub3,Near_Fall,Near_Fall,0.14618324,0.7881666,0.06565015
sub2,Near_Fall,1,trip,3,1921,15.0,D:\00-FLagship Project\SFU-IMU Dataset\IMU Dataset\sub2\Near_Falls\TXI_trip_trial3.xlsx,sub2,sub3,Near_Fall,Near_Fall,0.14517193,0.78827727,0.06655076
sub2,Near_Fall,1,trip,6,1921,15.0,D:\00-FLagship Project\SFU-IMU Dataset\IMU Dataset\sub2\Near_Falls\TXI_trip_trial6.xlsx,sub2,sub3,Near_Fall,Near_Fall,0.14636561,0.7888635,0.06477086
sub3,ADL,0,AS,1,2561,20.0,D:\00-FLagship Project\SFU-IMU Dataset\IMU Dataset\sub3\ADLs\CXR_AS_trial1.xlsx,sub3,sub4,ADL,Near_Fall,0.20087092,0.77685094,0.022278132
sub3,ADL,0,AS,2,2561,20.0,D:\00-FLagship Project\SFU-IMU Dataset\IMU Dataset\sub3\ADLs\CXR_AS_trial2.xlsx,sub3,sub4,ADL,Near_Fall,0.1859877,0.79073256,0.023279764
sub3,ADL,0,AS,3,2562,20.00781,D:\00-FLagship Project\SFU-IMU Dataset\IMU Dataset\sub3\ADLs\CXR_AS_trial3.xlsx,sub3,sub4,ADL,ADL,0.62987417,0.35762066,0.012505193
sub3,ADL,0,DS,1,2561,20.0,D:\00-FLagship Project\SFU-IMU Dataset\IMU Dataset\sub3\ADLs\CXR_DS_trial1.xlsx,sub3,sub4,ADL,ADL,0.6562582,0.33236706,0.011374638
sub3,ADL,0,DS,2,2561,20.0,D:\00-FLagship Project\SFU-IMU Dataset\IMU Dataset\sub3\ADLs\CXR_DS_trial2.xlsx,sub3,sub4,ADL,ADL,0.65583545,0.33282816,0.01133644
sub3,ADL,0,DS,3,2561,20.0,D:\00-FLagship Project\SFU-IMU Dataset\IMU Dataset\sub3\ADLs\CXR_DS_trial3.xlsx,sub3,sub4,ADL,ADL,0.6550152,0.33356243,0.011422347
sub3,ADL,0,DSL,1,1921,15.0,D:\00-FLagship Project\SFU-IMU Dataset\IMU Dataset\sub3\ADLs\CXR_DSL_trial1.xlsx,sub3,sub4,ADL,Fall,0.1646496,0.012726816,0.8226236
sub3,ADL,0,DSL,2,1921,15.0,D:\00-FLagship Project\SFU-IMU Dataset\IMU Dataset\sub3\ADLs\CXR_DSL_trial2.xlsx,sub3,sub4,ADL,Fall,0.1647362,0.012749498,0.82251424
sub3,ADL,0,DSL,3,1921,15.0,D:\00-FLagship Project\SFU-IMU Dataset\IMU Dataset\sub3\ADLs\CXR_DSL_trial3.xlsx,sub3,sub4,ADL,Fall,0.1666173,0.013054782,0.82032794
sub3,ADL,0,DSS,1,1921,15.0,D:\00-FLagship Project\SFU-IMU Dataset\IMU Dataset\sub3\ADLs\CXR_DSS_trial1.xlsx,sub3,sub4,ADL,ADL,0.66001713,0.32874727,0.011235624
sub3,ADL,0,DSS,2,1921,15.0,D:\00-FLagship Project\SFU-IMU Dataset\IMU Dataset\sub3\ADLs\CXR_DSS_trial2.xlsx,sub3,sub4,ADL,ADL,0.65990394,0.3288313,0.011264786
sub3,ADL,0,DSS,3,1921,15.0,D:\00-FLagship Project\SFU-IMU Dataset\IMU Dataset\sub3\ADLs\CXR_DSS_trial3.xlsx,sub3,sub4,ADL,ADL,0.6628664,0.32593018,0.011203464
sub3,ADL,0,NW,1,1921,15.0,D:\00-FLagship Project\SFU-IMU Dataset\IMU Dataset\sub3\ADLs\CXR_NW_trial1.xlsx,sub3,sub4,ADL,Near_Fall,0.19946598,0.7775182,0.023015851
sub3,ADL,0,NW,2,1921,15.0,D:\00-FLagship Project\SFU-IMU Dataset\IMU Dataset\sub3\ADLs\CXR_NW_trial2.xlsx,sub3,sub4,ADL,Near_Fall,0.21190846,0.76502043,0.023071107
sub3,ADL,0,NW,3,1921,15.0,D:\00-FLagship Project\SFU-IMU Dataset\IMU Dataset\sub3\ADLs\CXR_NW_trial3.xlsx,sub3,sub4,ADL,ADL,0.6491984,0.33921173,0.011589901
sub3,ADL,0,POG,1,1921,15.0,D:\00-FLagship Project\SFU-IMU Dataset\IMU Dataset\sub3\ADLs\CXR_POG_trial1.xlsx,sub3,sub4,ADL,ADL,0.6520581,0.33644938,0.011492458
sub3,ADL,0,POG,2,1921,15.0,D:\00-FLagship Project\SFU-IMU Dataset\IMU Dataset\sub3\ADLs\CXR_POG_trial2.xlsx,sub3,sub4,ADL,ADL,0.6499237,0.33852345,0.011552782
sub3,ADL,0,POG,3,1921,15.0,D:\00-FLagship Project\SFU-IMU Dataset\IMU Dataset\sub3\ADLs\CXR_POG_trial3.xlsx,sub3,sub4,ADL,ADL,0.65545547,0.33311847,0.011426074
sub3,ADL,0,RSS,1,1921,15.0,D:\00-FLagship Project\SFU-IMU Dataset\IMU Dataset\sub3\ADLs\CXR_RSS_trial1.xlsx,sub3,sub4,ADL,ADL,0.6589098,0.32980296,0.01128729
sub3,ADL,0,RSS,2,1921,15.0,D:\00-FLagship Project\SFU-IMU Dataset\IMU Dataset\sub3\ADLs\CXR_RSS_trial2.xlsx,sub3,sub4,ADL,ADL,0.65795,0.33073923,0.011310855
sub3,ADL,0,RSS,3,1921,15.0,D:\00-FLagship Project\SFU-IMU Dataset\IMU Dataset\sub3\ADLs\CXR_RSS_trial3.xlsx,sub3,sub4,ADL,ADL,0.6563587,0.3322811,0.011360209
sub3,ADL,0,SQ,1,1921,15.0,D:\00-FLagship Project\SFU-IMU Dataset\IMU Dataset\sub3\ADLs\CXR_SQ_trial1.xlsx,sub3,sub4,ADL,ADL,0.65874296,0.32995272,0.01130432
sub3,ADL,0,SQ,2,1921,15.0,D:\00-FLagship Project\SFU-IMU Dataset\IMU Dataset\sub3\ADLs\CXR_SQ_trial2.xlsx,sub3,sub4,ADL,ADL,0.656856,0.33180684,0.011337217
sub3,ADL,0,SQ,3,1921,15.0,D:\00-FLagship Project\SFU-IMU Dataset\IMU Dataset\sub3\ADLs\CXR_SQ_trial3.xlsx,sub3,sub4,ADL,ADL,0.656227,0.33242324,0.011349739
sub3,Fall,2,CS,1,1921,15.0,D:\00-FLagship Project\SFU-IMU Dataset\IMU Dataset\sub3\Falls\CXR_CS_trial1.xlsx,sub3,sub4,Fall,ADL,0.66627705,0.32062066,0.013102252
sub3,Fall,2,CS,2,1921,15.0,D:\00-FLagship Project\SFU-IMU Dataset\IMU Dataset\sub3\Falls\CXR_CS_trial2.xlsx,sub3,sub4,Fall,Fall,0.13398871,0.009859251,0.85615206
sub3,Fall,2,CS,4,1921,15.0,D:\00-FLagship Project\SFU-IMU Dataset\IMU Dataset\sub3\Falls\CXR_CS_trial4.xlsx,sub3,sub4,Fall,Fall,0.027557941,0.0021801377,0.97026193
sub3,Fall,2,HB,2,1921,15.0,D:\00-FLagship Project\SFU-IMU Dataset\IMU Dataset\sub3\Falls\CXR_HB_trial2.xlsx,sub3,sub4,Fall,Fall,0.16456257,0.0130009195,0.8224364
sub3,Fall,2,HB,3,1921,15.0,D:\00-FLagship Project\SFU-IMU Dataset\IMU Dataset\sub3\Falls\CXR_HB_trial3.xlsx,sub3,sub4,Fall,Fall,0.1631127,0.012568521,0.8243188
sub3,Fall,2,HB,4,1921,15.0,D:\00-FLagship Project\SFU-IMU Dataset\IMU Dataset\sub3\Falls\CXR_HB_trial4.xlsx,sub3,sub4,Fall,Fall,0.16225962,0.012442611,0.8252978
sub3,Fall,2,ITDS,1,1921,15.0,D:\00-FLagship Project\SFU-IMU Dataset\IMU Dataset\sub3\Falls\CXR_ITDS_trial1.xlsx,sub3,sub4,Fall,Fall,0.16304553,0.012548524,0.82440597
sub3,Fall,2,ITDS,2,1921,15.0,D:\00-FLagship Project\SFU-IMU Dataset\IMU Dataset\sub3\Falls\CXR_ITDS_trial2.xlsx,sub3,sub4,Fall,Fall,0.14904566,0.010745936,0.8402084
sub3,Fall,2,ITDS,3,1922,15.00781,D:\00-FLagship Project\SFU-IMU Dataset\IMU Dataset\sub3\Falls\CXR_ITDS_trial3.xlsx,sub3,sub4,Fall,Fall,0.04181511,0.0027037354,0.9554812
sub3,Fall,2,ITRS,1,1921,15.0,D:\00-FLagship Project\SFU-IMU Dataset\IMU Dataset\sub3\Falls\CXR_ITRS_trial1.xlsx,sub3,sub4,Fall,Fall,0.16571479,0.012879457,0.82140577
sub3,Fall,2,ITRS,3,1921,15.0,D:\00-FLagship Project\SFU-IMU Dataset\IMU Dataset\sub3\Falls\CXR_ITRS_trial3.xlsx,sub3,sub4,Fall,Fall,0.16445535,0.012679465,0.8228652
sub3,Fall,2,ITRS,4,1921,15.0,D:\00-FLagship Project\SFU-IMU Dataset\IMU Dataset\sub3\Falls\CXR_ITRS_trial4.xlsx,sub3,sub4,Fall,Fall,0.16443986,0.0126959905,0.8228642
sub3,Fall,2,LCC,1,1921,15.0,D:\00-FLagship Project\SFU-IMU Dataset\IMU Dataset\sub3\Falls\CXR_LCC_trial1.xlsx,sub3,sub4,Fall,Fall,0.16715944,0.013122297,0.8197183
sub3,Fall,2,LCC,2,1921,15.0,D:\00-FLagship Project\SFU-IMU Dataset\IMU Dataset\sub3\Falls\CXR_LCC_trial2.xlsx,sub3,sub4,Fall,Fall,0.15896183,0.011924747,0.8291135
sub3,Fall,2,LCC,3,1921,15.0,D:\00-FLagship Project\SFU-IMU Dataset\IMU Dataset\sub3\Falls\CXR_LCC_trial3.xlsx,sub3,sub4,Fall,Fall,0.04726709,0.002970344,0.9497626
sub3,Fall,2,slip,1,1921,15.0,D:\00-FLagship Project\SFU-IMU Dataset\IMU Dataset\sub3\Falls\CXR_slip_trial1.xlsx,sub3,sub4,Fall,Near_Fall,0.25343284,0.72301847,0.02354869
sub3,Fall,2,slip,2,1921,15.0,D:\00-FLagship Project\SFU-IMU Dataset\IMU Dataset\sub3\Falls\CXR_slip_trial2.xlsx,sub3,sub4,Fall,ADL,0.6534217,0.33506185,0.011516431
sub3,Fall,2,slip,5,1921,15.0,D:\00-FLagship Project\SFU-IMU Dataset\IMU Dataset\sub3\Falls\CXR_slip_trial5.xlsx,sub3,sub4,Fall,ADL,0.6560451,0.33263394,0.011321013
sub3,Fall,2,trip,1,1921,15.0,D:\00-FLagship Project\SFU-IMU Dataset\IMU Dataset\sub3\Falls\CXR_trip_trial1.xlsx,sub3,sub4,Fall,ADL,0.6564082,0.3323934,0.011198313
sub3,Fall,2,trip,2,1921,15.0,D:\00-FLagship Project\SFU-IMU Dataset\IMU Dataset\sub3\Falls\CXR_trip_trial2.xlsx,sub3,sub4,Fall,Fall,0.029849729,0.002764051,0.9673863
sub3,Fall,2,trip,5,1921,15.0,D:\00-FLagship Project\SFU-IMU Dataset\IMU Dataset\sub3\Falls\CXR_trip_trial5.xlsx,sub3,sub4,Fall,Near_Fall,0.17364305,0.8025415,0.023815459
sub3,Near_Fall,1,CS,3,1921,15.0,D:\00-FLagship Project\SFU-IMU Dataset\IMU Dataset\sub3\Near_Falls\CXR_CS_trial3.xlsx,sub3,sub4,Near_Fall,Near_Fall,0.18853253,0.7880228,0.02344459
sub3,Near_Fall,1,CS,5,1921,15.0,D:\00-FLagship Project\SFU-IMU Dataset\IMU Dataset\sub3\Near_Falls\CXR_CS_trial5.xlsx,sub3,sub4,Near_Fall,Near_Fall,0.19221255,0.7839359,0.023851497
sub3,Near_Fall,1,CS,6,1921,15.0,D:\00-FLagship Project\SFU-IMU Dataset\IMU Dataset\sub3\Near_Falls\CXR_CS_trial6.xlsx,sub3,sub4,Near_Fall,ADL,0.65038306,0.338094,0.011522916
sub3,Near_Fall,1,HB,1,1921,15.0,D:\00-FLagship Project\SFU-IMU Dataset\IMU Dataset\sub3\Near_Falls\CXR_HB_trial1.xlsx,sub3,sub4,Near_Fall,Near_Fall,0.21505392,0.7620881,0.022857966
sub3,Near_Fall,1,HB,5,1921,15.0,D:\00-FLagship Project\SFU-IMU Dataset\IMU Dataset\sub3\Near_Falls\CXR_HB_trial5.xlsx,sub3,sub4,Near_Fall,Near_Fall,0.20279467,0.77439,0.022815384
sub3,Near_Fall,1,HB,6,1921,15.0,D:\00-FLagship Project\SFU-IMU Dataset\IMU Dataset\sub3\Near_Falls\CXR_HB_trial6.xlsx,sub3,sub4,Near_Fall,Near_Fall,0.20342854,0.77418435,0.022387061
sub3,Near_Fall,1,ITRS,2,1921,15.0,D:\00-FLagship Project\SFU-IMU Dataset\IMU Dataset\sub3\Near_Falls\CXR_ITRS_trial2.xlsx,sub3,sub4,Near_Fall,Near_Fall,0.19568776,0.78005815,0.024254078
sub3,Near_Fall,1,ITRS,5,1921,15.0,D:\00-FLagship Project\SFU-IMU Dataset\IMU Dataset\sub3\Near_Falls\CXR_ITRS_trial5.xlsx,sub3,sub4,Near_Fall,Near_Fall,0.20515855,0.7718817,0.022959752
sub3,Near_Fall,1,ITRS,6,1921,15.0,D:\00-FLagship Project\SFU-IMU Dataset\IMU Dataset\sub3\Near_Falls\CXR_ITRS_trial6.xlsx,sub3,sub4,Near_Fall,Near_Fall,0.1949438,0.781205,0.023851208
sub3,Near_Fall,1,slip,3,1921,15.0,D:\00-FLagship Project\SFU-IMU Dataset\IMU Dataset\sub3\Near_Falls\CXR_slip_trial3.xlsx,sub3,sub4,Near_Fall,Near_Fall,0.20412444,0.77288175,0.02299379
sub3,Near_Fall,1,slip,4,1921,15.0,D:\00-FLagship Project\SFU-IMU Dataset\IMU Dataset\sub3\Near_Falls\CXR_slip_trial4.xlsx,sub3,sub4,Near_Fall,Near_Fall,0.18452336,0.7919571,0.023519544
sub3,Near_Fall,1,slip,6,1922,15.007819999999999,D:\00-FLagship Project\SFU-IMU Dataset\IMU Dataset\sub3\Near_Falls\CXR_slip_trial6.xlsx,sub3,sub4,Near_Fall,Near_Fall,0.21253033,0.76361805,0.023851587
sub3,Near_Fall,1,trip,3,1921,15.0,D:\00-FLagship Project\SFU-IMU Dataset\IMU Dataset\sub3\Near_Falls\CXR_trip_trial3.xlsx,sub3,sub4,Near_Fall,Near_Fall,0.20632233,0.77079695,0.022880763
sub3,Near_Fall,1,trip,4,1921,15.0,D:\00-FLagship Project\SFU-IMU Dataset\IMU Dataset\sub3\Near_Falls\CXR_trip_trial4.xlsx,sub3,sub4,Near_Fall,Near_Fall,0.20920035,0.7685631,0.022236543
sub3,Near_Fall,1,trip,6,1921,15.0,D:\00-FLagship Project\SFU-IMU Dataset\IMU Dataset\sub3\Near_Falls\CXR_trip_trial6.xlsx,sub3,sub4,Near_Fall,ADL,0.65154326,0.3369866,0.011470134
sub4,ADL,0,AS,1,2561,20.0,D:\00-FLagship Project\SFU-IMU Dataset\IMU Dataset\sub4\ADLs\AXJ_AS_trial1.xlsx,sub4,sub5,ADL,ADL,0.62704575,0.32171527,0.051239006
sub4,ADL,0,AS,2,2561,20.0,D:\00-FLagship Project\SFU-IMU Dataset\IMU Dataset\sub4\ADLs\AXJ_AS_trial2.xlsx,sub4,sub5,ADL,ADL,0.6259473,0.3228821,0.05117064
sub4,ADL,0,AS,3,2561,20.0,D:\00-FLagship Project\SFU-IMU Dataset\IMU Dataset\sub4\ADLs\AXJ_AS_trial3.xlsx,sub4,sub5,ADL,ADL,0.6271408,0.32187796,0.050981205
sub4,ADL,0,DS,1,2561,20.0,D:\00-FLagship Project\SFU-IMU Dataset\IMU Dataset\sub4\ADLs\AXJ_DS_trial1.xlsx,sub4,sub5,ADL,ADL,0.6180485,0.33274466,0.049206845
sub4,ADL,0,DS,2,2561,20.0,D:\00-FLagship Project\SFU-IMU Dataset\IMU Dataset\sub4\ADLs\AXJ_DS_trial2.xlsx,sub4,sub5,ADL,ADL,0.61813414,0.3282056,0.05366033
sub4,ADL,0,DS,3,2561,20.0,D:\00-FLagship Project\SFU-IMU Dataset\IMU Dataset\sub4\ADLs\AXJ_DS_trial3.xlsx,sub4,sub5,ADL,ADL,0.6269398,0.3222286,0.05083169
sub4,ADL,0,DSL,1,1921,15.0,D:\00-FLagship Project\SFU-IMU Dataset\IMU Dataset\sub4\ADLs\AXJ_DSL_trial1.xlsx,sub4,sub5,ADL,Fall,0.10579999,0.009152994,0.8850471
sub4,ADL,0,DSL,2,1921,15.0,D:\00-FLagship Project\SFU-IMU Dataset\IMU Dataset\sub4\ADLs\AXJ_DSL_trial2.xlsx,sub4,sub5,ADL,Fall,0.10827054,0.008748512,0.8829809
sub4,ADL,0,DSL,3,1921,15.0,D:\00-FLagship Project\SFU-IMU Dataset\IMU Dataset\sub4\ADLs\AXJ_DSL_trial3.xlsx,sub4,sub5,ADL,Fall,0.10628944,0.008782906,0.88492763
sub4,ADL,0,DSS,1,1921,15.0,D:\00-FLagship Project\SFU-IMU Dataset\IMU Dataset\sub4\ADLs\AXJ_DSS_trial1.xlsx,sub4,sub5,ADL,ADL,0.625636,0.32348427,0.050879758
sub4,ADL,0,DSS,2,1921,15.0,D:\00-FLagship Project\SFU-IMU Dataset\IMU Dataset\sub4\ADLs\AXJ_DSS_trial2.xlsx,sub4,sub5,ADL,Near_Fall,0.09516212,0.8572355,0.047602404
sub4,ADL,0,DSS,4,1921,15.0,D:\00-FLagship Project\SFU-IMU Dataset\IMU Dataset\sub4\ADLs\AXJ_DSS_trial4.xlsx,sub4,sub5,ADL,Fall,0.24390337,0.17985493,0.57624173
sub4,ADL,0,NW,1,1921,15.0,D:\00-FLagship Project\SFU-IMU Dataset\IMU Dataset\sub4\ADLs\AXJ_NW_trial1.xlsx,sub4,sub5,ADL,ADL,0.611797,0.3387125,0.049490485
sub4,ADL,0,NW,2,1921,15.0,D:\00-FLagship Project\SFU-IMU Dataset\IMU Dataset\sub4\ADLs\AXJ_NW_trial2.xlsx,sub4,sub5,ADL,ADL,0.527673,0.4165801,0.05574695
sub4,ADL,0,NW,3,1921,15.0,D:\00-FLagship Project\SFU-IMU Dataset\IMU Dataset\sub4\ADLs\AXJ_NW_trial3.xlsx,sub4,sub5,ADL,Near_Fall,0.19168687,0.754959,0.05335415
sub4,ADL,0,POG,1,1921,15.0,D:\00-FLagship Project\SFU-IMU Dataset\IMU Dataset\sub4\ADLs\AXJ_POG_trial1.xlsx,sub4,sub5,ADL,ADL,0.62428916,0.32643235,0.049278613
sub4,ADL,0,POG,2,1921,15.0,D:\00-FLagship Project\SFU-IMU Dataset\IMU Dataset\sub4\ADLs\AXJ_POG_trial2.xlsx,sub4,sub5,ADL,ADL,0.62528396,0.32496285,0.04975324
sub4,ADL,0,POG,3,1921,15.0,D:\00-FLagship Project\SFU-IMU Dataset\IMU Dataset\sub4\ADLs\AXJ_POG_trial3.xlsx,sub4,sub5,ADL,ADL,0.6257322,0.32465953,0.04960828
sub4,ADL,0,RSS,1,1921,15.0,D:\00-FLagship Project\SFU-IMU Dataset\IMU Dataset\sub4\ADLs\AXJ_RSS_trial1.xlsx,sub4,sub5,ADL,Near_Fall,0.0924742,0.8713469,0.036178946
sub4,ADL,0,RSS,2,1921,15.0,D:\00-FLagship Project\SFU-IMU Dataset\IMU Dataset\sub4\ADLs\AXJ_RSS_trial2.xlsx,sub4,sub5,ADL,ADL,0.62655026,0.3238421,0.04960762
sub4,ADL,0,RSS,3,1921,15.0,D:\00-FLagship Project\SFU-IMU Dataset\IMU Dataset\sub4\ADLs\AXJ_RSS_trial3.xlsx,sub4,sub5,ADL,ADL,0.62552613,0.32518917,0.0492847
sub4,ADL,0,SQ,1,1921,15.0,D:\00-FLagship Project\SFU-IMU Dataset\IMU Dataset\sub4\ADLs\AXJ_SQ_trial1.xlsx,sub4,sub5,ADL,ADL,0.6246622,0.3246036,0.050734118
sub4,ADL,0,SQ,2,1921,15.0,D:\00-FLagship Project\SFU-IMU Dataset\IMU Dataset\sub4\ADLs\AXJ_SQ_trial2.xlsx,sub4,sub5,ADL,ADL,0.6234992,0.32753322,0.048967537
sub4,ADL,0,SQ,3,1921,15.0,D:\00-FLagship Project\SFU-IMU Dataset\IMU Dataset\sub4\ADLs\AXJ_SQ_trial3.xlsx,sub4,sub5,ADL,ADL,0.62174016,0.32917953,0.04908026
sub4,Fall,2,CS,1,1921,15.0,D:\00-FLagship Project\SFU-IMU Dataset\IMU Dataset\sub4\Falls\AXJ_CS_trial1.xlsx,sub4,sub5,Fall,Fall,0.108186364,0.008732607,0.8830811
sub4,Fall,2,CS,2,1921,15.0,D:\00-FLagship Project\SFU-IMU Dataset\IMU Dataset\sub4\Falls\AXJ_CS_trial2.xlsx,sub4,sub5,Fall,Fall,0.10770022,0.008674788,0.8836251
sub4,Fall,2,CS,4,1911,15.0,D:\00-FLagship Project\SFU-IMU Dataset\IMU Dataset\sub4\Falls\AXJ_CS_trial4.xlsx,sub4,sub5,Fall,Fall,0.10774125,0.008667716,0.8835911
sub4,Fall,2,HB,2,1922,15.00781,D:\00-FLagship Project\SFU-IMU Dataset\IMU Dataset\sub4\Falls\AXJ_HB_trial2.xlsx,sub4,sub5,Fall,Fall,0.10817368,0.008798233,0.8830281
sub4,Fall,2,HB,3,1921,15.0,D:\00-FLagship Project\SFU-IMU Dataset\IMU Dataset\sub4\Falls\AXJ_HB_trial3.xlsx,sub4,sub5,Fall,Fall,0.1078823,0.008877937,0.8832397
sub4,Fall,2,HB,4,1921,15.0,D:\00-FLagship Project\SFU-IMU Dataset\IMU Dataset\sub4\Falls\AXJ_HB_trial4.xlsx,sub4,sub5,Fall,Fall,0.108253695,0.008751421,0.8829949
sub4,Fall,2,ITDS,1,1921,15.0,D:\00-FLagship Project\SFU-IMU Dataset\IMU Dataset\sub4\Falls\AXJ_ITDS_trial1.xlsx,sub4,sub5,Fall,Fall,0.10563806,0.009166415,0.88519555
sub4,Fall,2,ITDS,2,1921,15.0,D:\00-FLagship Project\SFU-IMU Dataset\IMU Dataset\sub4\Falls\AXJ_ITDS_trial2.xlsx,sub4,sub5,Fall,Fall,0.10583311,0.009096183,0.8850707
sub4,Fall,2,ITDS,3,1922,15.00781,D:\00-FLagship Project\SFU-IMU Dataset\IMU Dataset\sub4\Falls\AXJ_ITDS_trial3.xlsx,sub4,sub5,Fall,Fall,0.10494556,0.008956901,0.8860975
sub4,Fall,2,ITRS,1,1921,15.0,D:\00-FLagship Project\SFU-IMU Dataset\IMU Dataset\sub4\Falls\AXJ_ITRS_trial1.xlsx,sub4,sub5,Fall,Fall,0.106473744,0.009124328,0.8844019
sub4,Fall,2,ITRS,2,1921,15.0,D:\00-FLagship Project\SFU-IMU Dataset\IMU Dataset\sub4\Falls\AXJ_ITRS_trial2.xlsx,sub4,sub5,Fall,Fall,0.10527929,0.008912058,0.88580865
sub4,Fall,2,ITRS,5,1921,15.0,D:\00-FLagship Project\SFU-IMU Dataset\IMU Dataset\sub4\Falls\AXJ_ITRS_trial5.xlsx,sub4,sub5,Fall,Fall,0.10620984,0.009154314,0.88463587
sub4,Fall,2,LCC,1,1921,15.0,D:\00-FLagship Project\SFU-IMU Dataset\IMU Dataset\sub4\Falls\AXJ_LCC_trial1.xlsx,sub4,sub5,Fall,Fall,0.107959494,0.008830066,0.8832104
sub4,Fall,2,LCC,2,1921,15.0,D:\00-FLagship Project\SFU-IMU Dataset\IMU Dataset\sub4\Falls\AXJ_LCC_trial2.xlsx,sub4,sub5,Fall,Fall,0.105808295,0.008844314,0.8853475
sub4,Fall,2,LCC,3,1921,15.0,D:\00-FLagship Project\SFU-IMU Dataset\IMU Dataset\sub4\Falls\AXJ_LCC_trial3.xlsx,sub4,sub5,Fall,Fall,0.106510475,0.008752377,0.8847372
sub4,Fall,2,slip,1,1921,15.0,D:\00-FLagship Project\SFU-IMU Dataset\IMU Dataset\sub4\Falls\AXJ_slip_trial1.xlsx,sub4,sub5,Fall,Fall,0.10810463,0.008700508,0.8831948
sub4,Fall,2,slip,4,1921,15.0,D:\00-FLagship Project\SFU-IMU Dataset\IMU Dataset\sub4\Falls\AXJ_slip_trial4.xlsx,sub4,sub5,Fall,Fall,0.10808988,0.00870278,0.8832073
sub4,Fall,2,slip,5,1921,15.0,D:\00-FLagship Project\SFU-IMU Dataset\IMU Dataset\sub4\Falls\AXJ_slip_trial5.xlsx,sub4,sub5,Fall,Fall,0.10801266,0.008687669,0.8832997
sub4,Fall,2,trip,1,1921,15.0,D:\00-FLagship Project\SFU-IMU Dataset\IMU Dataset\sub4\Falls\AXJ_trip_trial1.xlsx,sub4,sub5,Fall,Fall,0.10793527,0.008707245,0.8833575
sub4,Fall,2,trip,3,1921,15.0,D:\00-FLagship Project\SFU-IMU Dataset\IMU Dataset\sub4\Falls\AXJ_trip_trial3.xlsx,sub4,sub5,Fall,Fall,0.10826833,0.008756568,0.8829751
sub4,Fall,2,trip,4,1921,15.0,D:\00-FLagship Project\SFU-IMU Dataset\IMU Dataset\sub4\Falls\AXJ_trip_trial4.xlsx,sub4,sub5,Fall,Fall,0.106951006,0.008737209,0.88431185
sub4,Near_Fall,1,CS,3,1922,15.00781,D:\00-FLagship Project\SFU-IMU Dataset\IMU Dataset\sub4\Near_Falls\AXJ_CS_trial3.xlsx,sub4,sub5,Near_Fall,ADL,0.6275178,0.32217425,0.050307944
sub4,Near_Fall,1,CS,5,1922,15.00781,D:\00-FLagship Project\SFU-IMU Dataset\IMU Dataset\sub4\Near_Falls\AXJ_CS_trial5.xlsx,sub4,sub5,Near_Fall,ADL,0.62469083,0.32518303,0.050126113
sub4,Near_Fall,1,CS,6,1921,15.0,D:\00-FLagship Project\SFU-IMU Dataset\IMU Dataset\sub4\Near_Falls\AXJ_CS_trial6.xlsx,sub4,sub5,Near_Fall,ADL,0.62447715,0.3250331,0.050489698
sub4,Near_Fall,1,HB,1,1921,15.0,D:\00-FLagship Project\SFU-IMU Dataset\IMU Dataset\sub4\Near_Falls\AXJ_HB_trial1.xlsx,sub4,sub5,Near_Fall,ADL,0.6156259,0.3326001,0.05177399
sub4,Near_Fall,1,HB,5,1921,15.0,D:\00-FLagship Project\SFU-IMU Dataset\IMU Dataset\sub4\Near_Falls\AXJ_HB_trial5.xlsx,sub4,sub5,Near_Fall,Near_Fall,0.085145995,0.8680118,0.046842244
sub4,Near_Fall,1,HB,6,1921,15.0,D:\00-FLagship Project\SFU-IMU Dataset\IMU Dataset\sub4\Near_Falls\AXJ_HB_trial6.xlsx,sub4,sub5,Near_Fall,Near_Fall,0.456546,0.47710842,0.066345565
sub4,Near_Fall,1,ITRS,3,1921,15.0,D:\00-FLagship Project\SFU-IMU Dataset\IMU Dataset\sub4\Near_Falls\AXJ_ITRS_trial3.xlsx,sub4,sub5,Near_Fall,Near_Fall,0.27396446,0.6710775,0.05495807
sub4,Near_Fall,1,ITRS,4,1921,15.0,D:\00-FLagship Project\SFU-IMU Dataset\IMU Dataset\sub4\Near_Falls\AXJ_ITRS_trial4.xlsx,sub4,sub5,Near_Fall,ADL,0.62322927,0.32656497,0.050205786
sub4,Near_Fall,1,ITRS,6,1921,15.0,D:\00-FLagship Project\SFU-IMU Dataset\IMU Dataset\sub4\Near_Falls\AXJ_ITRS_trial6.xlsx,sub4,sub5,Near_Fall,ADL,0.62250745,0.32697213,0.05052037
sub4,Near_Fall,1,slip,2,1921,15.0,D:\00-FLagship Project\SFU-IMU Dataset\IMU Dataset\sub4\Near_Falls\AXJ_slip_trial2.xlsx,sub4,sub5,Near_Fall,ADL,0.622305,0.32721794,0.050476987
sub4,Near_Fall,1,slip,3,1921,15.0,D:\00-FLagship Project\SFU-IMU Dataset\IMU Dataset\sub4\Near_Falls\AXJ_slip_trial3.xlsx,sub4,sub5,Near_Fall,ADL,0.61761576,0.3306653,0.05171892
sub4,Near_Fall,1,slip,6,1921,15.0,D:\00-FLagship Project\SFU-IMU Dataset\IMU Dataset\sub4\Near_Falls\AXJ_slip_trial6.xlsx,sub4,sub5,Near_Fall,ADL,0.6254915,0.32475796,0.04975056
sub4,Near_Fall,1,trip,2,1921,15.0,D:\00-FLagship Project\SFU-IMU Dataset\IMU Dataset\sub4\Near_Falls\AXJ_trip_trial2.xlsx,sub4,sub5,Near_Fall,Near_Fall,0.09187918,0.8552499,0.052870966
sub4,Near_Fall,1,trip,5,1921,15.0,D:\00-FLagship Project\SFU-IMU Dataset\IMU Dataset\sub4\Near_Falls\AXJ_trip_trial5.xlsx,sub4,sub5,Near_Fall,ADL,0.5802563,0.36113784,0.058605857
sub4,Near_Fall,1,trip,6,1921,15.0,D:\00-FLagship Project\SFU-IMU Dataset\IMU Dataset\sub4\Near_Falls\AXJ_trip_trial6.xlsx,sub4,sub5,Near_Fall,ADL,0.6206421,0.33041584,0.048941966
sub5,ADL,0,AS,1,2561,20.0,D:\00-FLagship Project\SFU-IMU Dataset\IMU Dataset\sub5\ADLs\AXJ_AS_trial1.xlsx,sub5,sub6,ADL,Near_Fall,0.39901975,0.56150264,0.03947764
sub5,ADL,0,AS,2,2561,20.0,D:\00-FLagship Project\SFU-IMU Dataset\IMU Dataset\sub5\ADLs\AXJ_AS_trial2.xlsx,sub5,sub6,ADL,ADL,0.6381086,0.32487458,0.03701684
sub5,ADL,0,AS,3,2561,20.0,D:\00-FLagship Project\SFU-IMU Dataset\IMU Dataset\sub5\ADLs\AXJ_AS_trial3.xlsx,sub5,sub6,ADL,ADL,0.40852487,0.28089973,0.31057546
sub5,ADL,0,DS,1,2561,20.0,D:\00-FLagship Project\SFU-IMU Dataset\IMU Dataset\sub5\ADLs\AXJ_DS_trial1.xlsx,sub5,sub6,ADL,ADL,0.65374154,0.30901772,0.037240747
sub5,ADL,0,DS,2,2561,20.0,D:\00-FLagship Project\SFU-IMU Dataset\IMU Dataset\sub5\ADLs\AXJ_DS_trial2.xlsx,sub5,sub6,ADL,ADL,0.43251765,0.25265425,0.31482807
sub5,ADL,0,DS,3,2561,20.0,D:\00-FLagship Project\SFU-IMU Dataset\IMU Dataset\sub5\ADLs\AXJ_DS_trial3.xlsx,sub5,sub6,ADL,ADL,0.56115955,0.4054903,0.033350103
sub5,ADL,0,DSL,1,1921,15.0,D:\00-FLagship Project\SFU-IMU Dataset\IMU Dataset\sub5\ADLs\AXJ_DSL_trial1.xlsx,sub5,sub6,ADL,Fall,0.092128225,0.019954305,0.8879175
sub5,ADL,0,DSL,2,1921,15.0,D:\00-FLagship Project\SFU-IMU Dataset\IMU Dataset\sub5\ADLs\AXJ_DSL_trial2.xlsx,sub5,sub6,ADL,Fall,0.09146093,0.019982325,0.8885568
sub5,ADL,0,DSL,3,1921,15.0,D:\00-FLagship Project\SFU-IMU Dataset\IMU Dataset\sub5\ADLs\AXJ_DSL_trial3.xlsx,sub5,sub6,ADL,Fall,0.09088095,0.019916276,0.8892028
sub5,ADL,0,DSS,1,1921,15.0,D:\00-FLagship Project\SFU-IMU Dataset\IMU Dataset\sub5\ADLs\AXJ_DSS_trial1.xlsx,sub5,sub6,ADL,ADL,0.6732364,0.27901804,0.04774555
sub5,ADL,0,DSS,2,1921,15.0,D:\00-FLagship Project\SFU-IMU Dataset\IMU Dataset\sub5\ADLs\AXJ_DSS_trial2.xlsx,sub5,sub6,ADL,ADL,0.6386715,0.32272696,0.038601544
sub5,ADL,0,DSS,3,1921,15.0,D:\00-FLagship Project\SFU-IMU Dataset\IMU Dataset\sub5\ADLs\AXJ_DSS_trial3.xlsx,sub5,sub6,ADL,Fall,0.2833342,0.068236716,0.6484291
sub5,ADL,0,NW,1,1921,15.0,D:\00-FLagship Project\SFU-IMU Dataset\IMU Dataset\sub5\ADLs\AXJ_NW_trial1.xlsx,sub5,sub6,ADL,ADL,0.54280895,0.4244633,0.032727756
sub5,ADL,0,NW,2,1921,15.0,D:\00-FLagship Project\SFU-IMU Dataset\IMU Dataset\sub5\ADLs\AXJ_NW_trial2.xlsx,sub5,sub6,ADL,ADL,0.5884254,0.3779001,0.0336745
sub5,ADL,0,NW,3,1921,15.0,D:\00-FLagship Project\SFU-IMU Dataset\IMU Dataset\sub5\ADLs\AXJ_NW_trial3.xlsx,sub5,sub6,ADL,ADL,0.5794226,0.3845689,0.036008522
sub5,ADL,0,POG,1,1921,15.0,D:\00-FLagship Project\SFU-IMU Dataset\IMU Dataset\sub5\ADLs\AXJ_POG_trial1.xlsx,sub5,sub6,ADL,Near_Fall,0.4303108,0.5381788,0.031510398
sub5,ADL,0,POG,2,1922,15.00781,D:\00-FLagship Project\SFU-IMU Dataset\IMU Dataset\sub5\ADLs\AXJ_POG_trial2.xlsx,sub5,sub6,ADL,ADL,0.62619066,0.3396783,0.034131028
sub5,ADL,0,POG,3,1921,15.0,D:\00-FLagship Project\SFU-IMU Dataset\IMU Dataset\sub5\ADLs\AXJ_POG_trial3.xlsx,sub5,sub6,ADL,ADL,0.63156,0.33227816,0.036161713
sub5,ADL,0,RSS,1,1921,15.0,D:\00-FLagship Project\SFU-IMU Dataset\IMU Dataset\sub5\ADLs\AXJ_RSS_trial1.xlsx,sub5,sub6,ADL,ADL,0.6561999,0.30773246,0.036067646
sub5,ADL,0,RSS,2,1921,15.0,D:\00-FLagship Project\SFU-IMU Dataset\IMU Dataset\sub5\ADLs\AXJ_RSS_trial2.xlsx,sub5,sub6,ADL,ADL,0.6550247,0.30916253,0.035812758
sub5,ADL,0,RSS,3,1921,15.0,D:\00-FLagship Project\SFU-IMU Dataset\IMU Dataset\sub5\ADLs\AXJ_RSS_trial3.xlsx,sub5,sub6,ADL,ADL,0.6664962,0.29499486,0.038508862
sub5,ADL,0,SQ,1,1921,15.0,D:\00-FLagship Project\SFU-IMU Dataset\IMU Dataset\sub5\ADLs\AXJ_SQ_trial1.xlsx,sub5,sub6,ADL,ADL,0.6076273,0.3577677,0.034605
sub5,ADL,0,SQ,2,1921,15.0,D:\00-FLagship Project\SFU-IMU Dataset\IMU Dataset\sub5\ADLs\AXJ_SQ_trial2.xlsx,sub5,sub6,ADL,ADL,0.6243962,0.33916128,0.036442596
sub5,ADL,0,SQ,3,1921,15.0,D:\00-FLagship Project\SFU-IMU Dataset\IMU Dataset\sub5\ADLs\AXJ_SQ_trial3.xlsx,sub5,sub6,ADL,ADL,0.53383726,0.4328103,0.033352446
sub5,Fall,2,HB,2,1921,15.0,D:\00-FLagship Project\SFU-IMU Dataset\IMU Dataset\sub5\Falls\AXJ_HB_trial2.xlsx,sub5,sub6,Fall,Fall,0.08431559,0.020250909,0.8954335
sub5,Fall,2,HB,3,1921,15.0,D:\00-FLagship Project\SFU-IMU Dataset\IMU Dataset\sub5\Falls\AXJ_HB_trial3.xlsx,sub5,sub6,Fall,Fall,0.08621842,0.019927807,0.8938537
sub5,Fall,2,HB,6,1921,15.0,D:\00-FLagship Project\SFU-IMU Dataset\IMU Dataset\sub5\Falls\AXJ_HB_trial6.xlsx,sub5,sub6,Fall,Fall,0.08073572,0.02132029,0.8979439
sub5,Fall,2,ITDS,1,1921,15.0,D:\00-FLagship Project\SFU-IMU Dataset\IMU Dataset\sub5\Falls\AXJ_ITDS_trial1.xlsx,sub5,sub6,Fall,Fall,0.09033725,0.01995286,0.88970995
sub5,Fall,2,ITDS,2,1921,15.0,D:\00-FLagship Project\SFU-IMU Dataset\IMU Dataset\sub5\Falls\AXJ_ITDS_trial2.xlsx,sub5,sub6,Fall,Fall,0.08830745,0.019959468,0.8917331
sub5,Fall,2,ITDS,3,1921,15.0,D:\00-FLagship Project\SFU-IMU Dataset\IMU Dataset\sub5\Falls\AXJ_ITDS_trial3.xlsx,sub5,sub6,Fall,Fall,0.09045812,0.019966934,0.88957494
sub5,Fall,2,ITRS,1,1921,15.0,D:\00-FLagship Project\SFU-IMU Dataset\IMU Dataset\sub5\Falls\AXJ_ITRS_trial1.xlsx,sub5,sub6,Fall,Fall,0.08158924,0.02265554,0.89575523
sub5,Fall,2,ITRS,2,1921,15.0,D:\00-FLagship Project\SFU-IMU Dataset\IMU Dataset\sub5\Falls\AXJ_ITRS_trial2.xlsx,sub5,sub6,Fall,Fall,0.086077824,0.025332319,0.88858986
sub5,Fall,2,ITRS,4,1921,15.0,D:\00-FLagship Project\SFU-IMU Dataset\IMU Dataset\sub5\Falls\AXJ_ITRS_trial4.xlsx,sub5,sub6,Fall,Fall,0.08222178,0.02225477,0.89552355
sub5,Fall,2,LCC,1,1921,15.0,D:\00-FLagship Project\SFU-IMU Dataset\IMU Dataset\sub5\Falls\AXJ_LCC_trial1.xlsx,sub5,sub6,Fall,Fall,0.08127042,0.021179631,0.89755
sub5,Fall,2,LCC,2,1921,15.0,D:\00-FLagship Project\SFU-IMU Dataset\IMU Dataset\sub5\Falls\AXJ_LCC_trial2.xlsx,sub5,sub6,Fall,Fall,0.082623675,0.020694092,0.8966822
sub5,Fall,2,LCC,3,1922,15.00781,D:\00-FLagship Project\SFU-IMU Dataset\IMU Dataset\sub5\Falls\AXJ_LCC_trial3.xlsx,sub5,sub6,Fall,Fall,0.080511235,0.021506617,0.8979821
sub5,Fall,2,trip,1,1921,15.0,D:\00-FLagship Project\SFU-IMU Dataset\IMU Dataset\sub5\Falls\AXJ_trip_trial1.xlsx,sub5,sub6,Fall,Fall,0.0870467,0.019920038,0.89303327
sub5,Fall,2,trip,3,1921,15.0,D:\00-FLagship Project\SFU-IMU Dataset\IMU Dataset\sub5\Falls\AXJ_trip_trial3.xlsx,sub5,sub6,Fall,Fall,0.089794934,0.019604035,0.8906011
sub5,Fall,2,trip,4,1921,15.0,D:\00-FLagship Project\SFU-IMU Dataset\IMU Dataset\sub5\Falls\AXJ_trip_trial4.xlsx,sub5,sub6,Fall,Fall,0.09091777,0.01963623,0.889446
sub5,Fall,2,CS,1,1922,15.007819999999999,D:\00-FLagship Project\SFU-IMU Dataset\IMU Dataset\sub5\Falls\EXA_CS_trial1.xlsx,sub5,sub6,Fall,Fall,0.08964378,0.01984097,0.8905152
sub5,Fall,2,CS,2,1921,15.0,D:\00-FLagship Project\SFU-IMU Dataset\IMU Dataset\sub5\Falls\EXA_CS_trial2.xlsx,sub5,sub6,Fall,Fall,0.09144911,0.019694472,0.8888564
sub5,Fall,2,CS,4,1921,15.0,D:\00-FLagship Project\SFU-IMU Dataset\IMU Dataset\sub5\Falls\EXA_CS_trial4.xlsx,sub5,sub6,Fall,Fall,0.09070857,0.019626873,0.8896646
sub5,Fall,2,slip,1,1921,15.0,D:\00-FLagship Project\SFU-IMU Dataset\IMU Dataset\sub5\Falls\EXA_slip_trial1.xlsx,sub5,sub6,Fall,Fall,0.0919877,0.019957814,0.8880546
sub5,Fall,2,slip,2,1921,15.0,D:\00-FLagship Project\SFU-IMU Dataset\IMU Dataset\sub5\Falls\EXA_slip_trial2.xlsx,sub5,sub6,Fall,Fall,0.0900923,0.019935124,0.8899726
sub5,Fall,2,slip,6,1921,15.0,D:\00-FLagship Project\SFU-IMU Dataset\IMU Dataset\sub5\Falls\EXA_slip_trial6.xlsx,sub5,sub6,Fall,Fall,0.09097593,0.019934162,0.8890898
sub5,Near_Fall,1,HB,1,1921,15.0,D:\00-FLagship Project\SFU-IMU Dataset\IMU Dataset\sub5\Near_Falls\AXJ_HB_trial1.xlsx,sub5,sub6,Near_Fall,Near_Fall,0.18690948,0.78130424,0.031786323
sub5,Near_Fall,1,HB,4,1921,15.0,D:\00-FLagship Project\SFU-IMU Dataset\IMU Dataset\sub5\Near_Falls\AXJ_HB_trial4.xlsx,sub5,sub6,Near_Fall,Near_Fall,0.18424743,0.7820634,0.0336891
sub5,Near_Fall,1,HB,5,1921,15.0,D:\00-FLagship Project\SFU-IMU Dataset\IMU Dataset\sub5\Near_Falls\AXJ_HB_trial5.xlsx,sub5,sub6,Near_Fall,Near_Fall,0.18394926,0.7829569,0.033093896
sub5,Near_Fall,1,ITRS,3,1921,15.0,D:\00-FLagship Project\SFU-IMU Dataset\IMU Dataset\sub5\Near_Falls\AXJ_ITRS_trial3.xlsx,sub5,sub6,Near_Fall,Near_Fall,0.1875099,0.77727497,0.035215072
sub5,Near_Fall,1,ITRS,5,1921,15.0,D:\00-FLagship Project\SFU-IMU Dataset\IMU Dataset\sub5\Near_Falls\AXJ_ITRS_trial5.xlsx,sub5,sub6,Near_Fall,Near_Fall,0.3769563,0.5903452,0.032698512
sub5,Near_Fall,1,ITRS,6,1921,15.0,D:\00-FLagship Project\SFU-IMU Dataset\IMU Dataset\sub5\Near_Falls\AXJ_ITRS_trial6.xlsx,sub5,sub6,Near_Fall,Near_Fall,0.18663616,0.7785412,0.034822598
sub5,Near_Fall,1,trip,2,1921,15.0,D:\00-FLagship Project\SFU-IMU Dataset\IMU Dataset\sub5\Near_Falls\AXJ_trip_trial2.xlsx,sub5,sub6,Near_Fall,ADL,0.6478553,0.3154543,0.03669047
sub5,Near_Fall,1,trip,5,1921,15.0,D:\00-FLagship Project\SFU-IMU Dataset\IMU Dataset\sub5\Near_Falls\AXJ_trip_trial5.xlsx,sub5,sub6,Near_Fall,ADL,0.5795991,0.3853371,0.035063855
sub5,Near_Fall,1,trip,6,1921,15.0,D:\00-FLagship Project\SFU-IMU Dataset\IMU Dataset\sub5\Near_Falls\AXJ_trip_trial6.xlsx,sub5,sub6,Near_Fall,Near_Fall,0.18987884,0.7372637,0.07285751
sub5,Near_Fall,1,CS,3,1921,15.0,D:\00-FLagship Project\SFU-IMU Dataset\IMU Dataset\sub5\Near_Falls\EXA_CS_trial3.xlsx,sub5,sub6,Near_Fall,ADL,0.62568885,0.33910957,0.035201576
sub5,Near_Fall,1,CS,5,1921,15.0,D:\00-FLagship Project\SFU-IMU Dataset\IMU Dataset\sub5\Near_Falls\EXA_CS_trial5.xlsx,sub5,sub6,Near_Fall,Near_Fall,0.36197895,0.58955747,0.048463546
sub5,Near_Fall,1,CS,6,1921,15.0,D:\00-FLagship Project\SFU-IMU Dataset\IMU Dataset\sub5\Near_Falls\EXA_CS_trial6.xlsx,sub5,sub6,Near_Fall,Near_Fall,0.18700919,0.7797289,0.033261906
sub5,Near_Fall,1,slip,3,1921,15.0,D:\00-FLagship Project\SFU-IMU Dataset\IMU Dataset\sub5\Near_Falls\EXA_slip_trial3.xlsx,sub5,sub6,Near_Fall,Near_Fall,0.1803442,0.7799354,0.03972041
sub5,Near_Fall,1,slip,4,1921,15.0,D:\00-FLagship Project\SFU-IMU Dataset\IMU Dataset\sub5\Near_Falls\EXA_slip_trial4.xlsx,sub5,sub6,Near_Fall,Near_Fall,0.17885154,0.7762734,0.044875015
sub5,Near_Fall,1,slip,5,1921,15.0,D:\00-FLagship Project\SFU-IMU Dataset\IMU Dataset\sub5\Near_Falls\EXA_slip_trial5.xlsx,sub5,sub6,Near_Fall,Near_Fall,0.17905438,0.7813558,0.03958981
sub6,ADL,0,AS,1,2561,20.0,D:\00-FLagship Project\SFU-IMU Dataset\IMU Dataset\sub6\ADLs\AXM_AS_trial1.xlsx,sub6,sub7,ADL,ADL,0.6368347,0.33844113,0.024724253
sub6,ADL,0,AS,2,2561,20.0,D:\00-FLagship Project\SFU-IMU Dataset\IMU Dataset\sub6\ADLs\AXM_AS_trial2.xlsx,sub6,sub7,ADL,ADL,0.6372398,0.33793092,0.024829306
sub6,ADL,0,AS,3,2561,20.0,D:\00-FLagship Project\SFU-IMU Dataset\IMU Dataset\sub6\ADLs\AXM_AS_trial3.xlsx,sub6,sub7,ADL,ADL,0.6372535,0.33793658,0.024809927
sub6,ADL,0,DS,1,2561,20.0,D:\00-FLagship Project\SFU-IMU Dataset\IMU Dataset\sub6\ADLs\AXM_DS_trial1.xlsx,sub6,sub7,ADL,ADL,0.63686955,0.33841696,0.024713483
sub6,ADL,0,DS,2,2561,20.0,D:\00-FLagship Project\SFU-IMU Dataset\IMU Dataset\sub6\ADLs\AXM_DS_trial2.xlsx,sub6,sub7,ADL,ADL,0.63712484,0.33812615,0.024748966
sub6,ADL,0,DS,3,2561,20.0,D:\00-FLagship Project\SFU-IMU Dataset\IMU Dataset\sub6\ADLs\AXM_DS_trial3.xlsx,sub6,sub7,ADL,ADL,0.6365205,0.33881524,0.024664242
sub6,ADL,0,DSL,1,1921,15.0,D:\00-FLagship Project\SFU-IMU Dataset\IMU Dataset\sub6\ADLs\AXM_DSL_trial1.xlsx,sub6,sub7,ADL,Fall,0.11445719,0.015912425,0.8696304
sub6,ADL,0,DSL,2,1921,15.0,D:\00-FLagship Project\SFU-IMU Dataset\IMU Dataset\sub6\ADLs\AXM_DSL_trial2.xlsx,sub6,sub7,ADL,Fall,0.1298613,0.018175848,0.85196286
sub6,ADL,0,DSL,3,1921,15.0,D:\00-FLagship Project\SFU-IMU Dataset\IMU Dataset\sub6\ADLs\AXM_DSL_trial3.xlsx,sub6,sub7,ADL,Fall,0.12910491,0.018090354,0.85280466
sub6,ADL,0,DSS,1,1921,15.0,D:\00-FLagship Project\SFU-IMU Dataset\IMU Dataset\sub6\ADLs\AXM_DSS_trial1.xlsx,sub6,sub7,ADL,ADL,0.6367873,0.33858213,0.024630608
sub6,ADL,0,DSS,2,1921,15.0,D:\00-FLagship Project\SFU-IMU Dataset\IMU Dataset\sub6\ADLs\AXM_DSS_trial2.xlsx,sub6,sub7,ADL,ADL,0.637272,0.33782986,0.024898173
sub6,ADL,0,DSS,3,1921,15.0,D:\00-FLagship Project\SFU-IMU Dataset\IMU Dataset\sub6\ADLs\AXM_DSS_trial3.xlsx,sub6,sub7,ADL,ADL,0.6350242,0.3406645,0.024311306
sub6,ADL,0,NW,1,1921,15.0,D:\00-FLagship Project\SFU-IMU Dataset\IMU Dataset\sub6\ADLs\AXM_NW_trial1.xlsx,sub6,sub7,ADL,ADL,0.6356468,0.33972597,0.024627177
sub6,ADL,0,NW,2,1921,15.0,D:\00-FLagship Project\SFU-IMU Dataset\IMU Dataset\sub6\ADLs\AXM_NW_trial2.xlsx,sub6,sub7,ADL,ADL,0.63647217,0.33890653,0.024621215
sub6,ADL,0,NW,3,1921,15.0,D:\00-FLagship Project\SFU-IMU Dataset\IMU Dataset\sub6\ADLs\AXM_NW_trial3.xlsx,sub6,sub7,ADL,ADL,0.6333757,0.3417918,0.024832537
sub6,ADL,0,POG,1,1921,15.0,D:\00-FLagship Project\SFU-IMU Dataset\IMU Dataset\sub6\ADLs\AXM_POG_trial1.xlsx,sub6,sub7,ADL,Near_Fall,0.34804296,0.6215418,0.030415183
sub6,ADL,0,POG,2,1921,15.0,D:\00-FLagship Project\SFU-IMU Dataset\IMU Dataset\sub6\ADLs\AXM_POG_trial2.xlsx,sub6,sub7,ADL,Near_Fall,0.348155,0.62163293,0.03021206
sub6,ADL,0,POG,3,1921,15.0,D:\00-FLagship Project\SFU-IMU Dataset\IMU Dataset\sub6\ADLs\AXM_POG_trial3.xlsx,sub6,sub7,ADL,ADL,0.6364401,0.33896095,0.024598882
sub6,ADL,0,RSS,1,1921,15.0,D:\00-FLagship Project\SFU-IMU Dataset\IMU Dataset\sub6\ADLs\AXM_RSS_trial1.xlsx,sub6,sub7,ADL,ADL,0.6370347,0.33824298,0.02472234
sub6,ADL,0,RSS,2,1921,15.0,D:\00-FLagship Project\SFU-IMU Dataset\IMU Dataset\sub6\ADLs\AXM_RSS_trial2.xlsx,sub6,sub7,ADL,ADL,0.6369568,0.33822238,0.024820726
sub6,ADL,0,RSS,3,1921,15.0,D:\00-FLagship Project\SFU-IMU Dataset\IMU Dataset\sub6\ADLs\AXM_RSS_trial3.xlsx,sub6,sub7,ADL,ADL,0.63695204,0.33838314,0.024664834
sub6,ADL,0,SQ,1,1921,15.0,D:\00-FLagship Project\SFU-IMU Dataset\IMU Dataset\sub6\ADLs\AXM_SQ_trial1.xlsx,sub6,sub7,ADL,ADL,0.6361557,0.33924985,0.024594344
sub6,ADL,0,SQ,2,1921,15.0,D:\00-FLagship Project\SFU-IMU Dataset\IMU Dataset\sub6\ADLs\AXM_SQ_trial2.xlsx,sub6,sub7,ADL,ADL,0.63593644,0.33943838,0.024625156
sub6,ADL,0,SQ,3,1921,15.0,D:\00-FLagship Project\SFU-IMU Dataset\IMU Dataset\sub6\ADLs\AXM_SQ_trial3.xlsx,sub6,sub7,ADL,ADL,0.63597757,0.3394263,0.024596123
sub6,Fall,2,CS,1,1921,15.0,D:\00-FLagship Project\SFU-IMU Dataset\IMU Dataset\sub6\Falls\AXM_CS_trial1.xlsx,sub6,sub7,Fall,Fall,0.055396855,0.009964592,0.93463856
sub6,Fall,2,CS,2,1921,15.0,D:\00-FLagship Project\SFU-IMU Dataset\IMU Dataset\sub6\Falls\AXM_CS_trial2.xlsx,sub6,sub7,Fall,Fall,0.050884414,0.010070335,0.9390452
sub6,Fall,2,CS,4,1921,15.0,D:\00-FLagship Project\SFU-IMU Dataset\IMU Dataset\sub6\Falls\AXM_CS_trial4.xlsx,sub6,sub7,Fall,Fall,0.051591173,0.010092257,0.93831664
sub6,Fall,2,HB,1,1921,15.0,D:\00-FLagship Project\SFU-IMU Dataset\IMU Dataset\sub6\Falls\AXM_HB_trial1.xlsx,sub6,sub7,Fall,Fall,0.12542273,0.017664649,0.8569126
sub6,Fall,2,HB,4,1921,15.0,D:\00-FLagship Project\SFU-IMU Dataset\IMU Dataset\sub6\Falls\AXM_HB_trial4.xlsx,sub6,sub7,Fall,Fall,0.053788323,0.010221287,0.9359904
sub6,Fall,2,HB,5,1921,15.0,D:\00-FLagship Project\SFU-IMU Dataset\IMU Dataset\sub6\Falls\AXM_HB_trial5.xlsx,sub6,sub7,Fall,Fall,0.08925751,0.012829834,0.8979127
sub6,Fall,2,ITDS,1,1921,15.0,D:\00-FLagship Project\SFU-IMU Dataset\IMU Dataset\sub6\Falls\AXM_ITDS_trial1.xlsx,sub6,sub7,Fall,Fall,0.125099,0.017664362,0.8572366
sub6,Fall,2,ITDS,2,1921,15.0,D:\00-FLagship Project\SFU-IMU Dataset\IMU Dataset\sub6\Falls\AXM_ITDS_trial2.xlsx,sub6,sub7,Fall,Fall,0.12757945,0.017967964,0.8544526
sub6,Fall,2,ITDS,3,1921,15.0,D:\00-FLagship Project\SFU-IMU Dataset\IMU Dataset\sub6\Falls\AXM_ITDS_trial3.xlsx,sub6,sub7,Fall,Fall,0.12894501,0.018066086,0.85298884
sub6,Fall,2,ITRS,1,1921,15.0,D:\00-FLagship Project\SFU-IMU Dataset\IMU Dataset\sub6\Falls\AXM_ITRS_trial1.xlsx,sub6,sub7,Fall,Fall,0.050852615,0.009989606,0.9391578
sub6,Fall,2,ITRS,3,1921,15.0,D:\00-FLagship Project\SFU-IMU Dataset\IMU Dataset\sub6\Falls\AXM_ITRS_trial3.xlsx,sub6,sub7,Fall,Fall,0.051616117,0.0100557,0.9383282
sub6,Fall,2,ITRS,4,1921,15.0,D:\00-FLagship Project\SFU-IMU Dataset\IMU Dataset\sub6\Falls\AXM_ITRS_trial4.xlsx,sub6,sub7,Fall,Fall,0.050775986,0.010012936,0.9392111
sub6,Fall,2,LCC,1,1920,15.0,D:\00-FLagship Project\SFU-IMU Dataset\IMU Dataset\sub6\Falls\AXM_LCC_trial1.xlsx,sub6,sub7,Fall,Fall,0.05085028,0.009998736,0.9391509
sub6,Fall,2,LCC,2,1921,15.0,D:\00-FLagship Project\SFU-IMU Dataset\IMU Dataset\sub6\Falls\AXM_LCC_trial2.xlsx,sub6,sub7,Fall,Fall,0.052587602,0.010085292,0.9373271
sub6,Fall,2,LCC,3,1921,15.0,D:\00-FLagship Project\SFU-IMU Dataset\IMU Dataset\sub6\Falls\AXM_LCC_trial3.xlsx,sub6,sub7,Fall,Fall,0.052222252,0.01010182,0.9376759
sub6,Fall,2,slip,1,1921,15.0,D:\00-FLagship Project\SFU-IMU Dataset\IMU Dataset\sub6\Falls\AXM_slip_trial1.xlsx,sub6,sub7,Fall,Fall,0.09823763,0.014027121,0.8877351
sub6,Fall,2,slip,2,1921,15.0,D:\00-FLagship Project\SFU-IMU Dataset\IMU Dataset\sub6\Falls\AXM_slip_trial2.xlsx,sub6,sub7,Fall,Fall,0.12632963,0.017804036,0.85586625
sub6,Fall,2,slip,6,1921,15.0,D:\00-FLagship Project\SFU-IMU Dataset\IMU Dataset\sub6\Falls\AXM_slip_trial6.xlsx,sub6,sub7,Fall,Fall,0.12789331,0.0179808,0.8541259
sub6,Fall,2,trip,2,1921,15.0,D:\00-FLagship Project\SFU-IMU Dataset\IMU Dataset\sub6\Falls\AXM_trip_trial2.xlsx,sub6,sub7,Fall,Fall,0.0536184,0.010135292,0.93624634
sub6,Fall,2,trip,3,1921,15.0,D:\00-FLagship Project\SFU-IMU Dataset\IMU Dataset\sub6\Falls\AXM_trip_trial3.xlsx,sub6,sub7,Fall,Fall,0.05089955,0.009928163,0.9391722
sub6,Fall,2,trip,4,1921,15.0,D:\00-FLagship Project\SFU-IMU Dataset\IMU Dataset\sub6\Falls\AXM_trip_trial4.xlsx,sub6,sub7,Fall,Fall,0.050775625,0.010011007,0.9392133
sub6,Near_Fall,1,CS,3,1921,15.0,D:\00-FLagship Project\SFU-IMU Dataset\IMU Dataset\sub6\Near_Falls\AXM_CS_trial3.xlsx,sub6,sub7,Near_Fall,Near_Fall,0.33256215,0.6412484,0.026189394
sub6,Near_Fall,1,CS,5,1921,15.0,D:\00-FLagship Project\SFU-IMU Dataset\IMU Dataset\sub6\Near_Falls\AXM_CS_trial5.xlsx,sub6,sub7,Near_Fall,Near_Fall,0.33259562,0.6411892,0.02621514
sub6,Near_Fall,1,CS,6,1921,15.0,D:\00-FLagship Project\SFU-IMU Dataset\IMU Dataset\sub6\Near_Falls\AXM_CS_trial6.xlsx,sub6,sub7,Near_Fall,Near_Fall,0.33285636,0.64081943,0.026324207
sub6,Near_Fall,1,HB,2,1921,15.0,D:\00-FLagship Project\SFU-IMU Dataset\IMU Dataset\sub6\Near_Falls\AXM_HB_trial2.xlsx,sub6,sub7,Near_Fall,Near_Fall,0.33526808,0.63815886,0.026573034
sub6,Near_Fall,1,HB,3,1921,15.0,D:\00-FLagship Project\SFU-IMU Dataset\IMU Dataset\sub6\Near_Falls\AXM_HB_trial3.xlsx,sub6,sub7,Near_Fall,Near_Fall,0.33848608,0.6341376,0.027376402
sub6,Near_Fall,1,HB,6,1921,15.0,D:\00-FLagship Project\SFU-IMU Dataset\IMU Dataset\sub6\Near_Falls\AXM_HB_trial6.xlsx,sub6,sub7,Near_Fall,Near_Fall,0.33740854,0.6354996,0.027091851
sub6,Near_Fall,1,ITRS,2,1921,15.0,D:\00-FLagship Project\SFU-IMU Dataset\IMU Dataset\sub6\Near_Falls\AXM_ITRS_trial2.xlsx,sub6,sub7,Near_Fall,Near_Fall,0.33298904,0.6404847,0.02652626
sub6,Near_Fall,1,ITRS,5,1921,15.0,D:\00-FLagship Project\SFU-IMU Dataset\IMU Dataset\sub6\Near_Falls\AXM_ITRS_trial5.xlsx,sub6,sub7,Near_Fall,Near_Fall,0.34102267,0.63106,0.027917348
sub6,Near_Fall,1,ITRS,6,1921,15.0,D:\00-FLagship Project\SFU-IMU Dataset\IMU Dataset\sub6\Near_Falls\AXM_ITRS_trial6.xlsx,sub6,sub7,Near_Fall,Near_Fall,0.33298165,0.64077485,0.02624349
sub6,Near_Fall,1,slip,3,1921,15.0,D:\00-FLagship Project\SFU-IMU Dataset\IMU Dataset\sub6\Near_Falls\AXM_slip_trial3.xlsx,sub6,sub7,Near_Fall,Near_Fall,0.33289936,0.64061624,0.026484452
sub6,Near_Fall,1,slip,4,1921,15.0,D:\00-FLagship Project\SFU-IMU Dataset\IMU Dataset\sub6\Near_Falls\AXM_slip_trial4.xlsx,sub6,sub7,Near_Fall,Near_Fall,0.3333581,0.6404094,0.026232531
sub6,Near_Fall,1,slip,5,1921,15.0,D:\00-FLagship Project\SFU-IMU Dataset\IMU Dataset\sub6\Near_Falls\AXM_slip_trial5.xlsx,sub6,sub7,Near_Fall,Near_Fall,0.33296058,0.640682,0.02635745
sub6,Near_Fall,1,trip,1,1921,15.0,D:\00-FLagship Project\SFU-IMU Dataset\IMU Dataset\sub6\Near_Falls\AXM_trip_trial1.xlsx,sub6,sub7,Near_Fall,Near_Fall,0.33302906,0.64079523,0.026175668
sub6,Near_Fall,1,trip,5,1921,15.0,D:\00-FLagship Project\SFU-IMU Dataset\IMU Dataset\sub6\Near_Falls\AXM_trip_trial5.xlsx,sub6,sub7,Near_Fall,Near_Fall,0.33282465,0.64104754,0.02612784
sub6,Near_Fall,1,trip,6,1921,15.0,D:\00-FLagship Project\SFU-IMU Dataset\IMU Dataset\sub6\Near_Falls\AXM_trip_trial6.xlsx,sub6,sub7,Near_Fall,Near_Fall,0.33672222,0.63596225,0.02731555
sub7,ADL,0,AS,1,2561,20.0,D:\00-FLagship Project\SFU-IMU Dataset\IMU Dataset\sub7\ADLs\HXE_AS_trial1.xlsx,sub7,sub8,ADL,Near_Fall,0.14965163,0.7199984,0.13034993
sub7,ADL,0,AS,2,2561,20.0,D:\00-FLagship Project\SFU-IMU Dataset\IMU Dataset\sub7\ADLs\HXE_AS_trial2.xlsx,sub7,sub8,ADL,ADL,0.61852676,0.35150346,0.029969782
sub7,ADL,0,AS,3,2561,20.0,D:\00-FLagship Project\SFU-IMU Dataset\IMU Dataset\sub7\ADLs\HXE_AS_trial3.xlsx,sub7,sub8,ADL,ADL,0.6161049,0.35479128,0.029103873
sub7,ADL,0,DS,1,2561,20.0,D:\00-FLagship Project\SFU-IMU Dataset\IMU Dataset\sub7\ADLs\HXE_DS_trial1.xlsx,sub7,sub8,ADL,ADL,0.6387681,0.33030158,0.03093028
sub7,ADL,0,DS,2,2561,20.0,D:\00-FLagship Project\SFU-IMU Dataset\IMU Dataset\sub7\ADLs\HXE_DS_trial2.xlsx,sub7,sub8,ADL,ADL,0.6231026,0.34627977,0.03061764
sub7,ADL,0,DS,3,2561,20.0,D:\00-FLagship Project\SFU-IMU Dataset\IMU Dataset\sub7\ADLs\HXE_DS_trial3.xlsx,sub7,sub8,ADL,ADL,0.6332905,0.33785677,0.028852742
sub7,ADL,0,DSL,1,1921,15.0,D:\00-FLagship Project\SFU-IMU Dataset\IMU Dataset\sub7\ADLs\HXE_DSL_trial1.xlsx,sub7,sub8,ADL,Fall,0.16130997,0.027332276,0.81135774
sub7,ADL,0,DSL,2,1921,15.0,D:\00-FLagship Project\SFU-IMU Dataset\IMU Dataset\sub7\ADLs\HXE_DSL_trial2.xlsx,sub7,sub8,ADL,Fall,0.16104464,0.027225686,0.8117296
sub7,ADL,0,DSL,3,1921,15.0,D:\00-FLagship Project\SFU-IMU Dataset\IMU Dataset\sub7\ADLs\HXE_DSL_trial3.xlsx,sub7,sub8,ADL,Fall,0.1612551,0.027307637,0.8114373
sub7,ADL,0,DSS,1,1921,15.0,D:\00-FLagship Project\SFU-IMU Dataset\IMU Dataset\sub7\ADLs\HXE_DSS_trial1.xlsx,sub7,sub8,ADL,ADL,0.61146367,0.36011857,0.028417783
sub7,ADL,0,DSS,2,1921,15.0,D:\00-FLagship Project\SFU-IMU Dataset\IMU Dataset\sub7\ADLs\HXE_DSS_trial2.xlsx,sub7,sub8,ADL,ADL,0.6243407,0.3449411,0.030718187
sub7,ADL,0,DSS,3,1921,15.0,D:\00-FLagship Project\SFU-IMU Dataset\IMU Dataset\sub7\ADLs\HXE_DSS_trial3.xlsx,sub7,sub8,ADL,ADL,0.6100683,0.3603118,0.02961983
sub7,ADL,0,NW,1,1922,15.00781,D:\00-FLagship Project\SFU-IMU Dataset\IMU Dataset\sub7\ADLs\HXE_NW_trial1.xlsx,sub7,sub8,ADL,ADL,0.5461351,0.41780162,0.03606326
sub7,ADL,0,NW,2,1921,15.0,D:\00-FLagship Project\SFU-IMU Dataset\IMU Dataset\sub7\ADLs\HXE_NW_trial2.xlsx,sub7,sub8,ADL,ADL,0.6069723,0.36212006,0.030907683
sub7,ADL,0,NW,3,1921,15.0,D:\00-FLagship Project\SFU-IMU Dataset\IMU Dataset\sub7\ADLs\HXE_NW_trial3.xlsx,sub7,sub8,ADL,ADL,0.608453,0.3609578,0.030589217
sub7,ADL,0,POG,1,1921,15.0,D:\00-FLagship Project\SFU-IMU Dataset\IMU Dataset\sub7\ADLs\HXE_POG_trial1.xlsx,sub7,sub8,ADL,ADL,0.6189657,0.34934092,0.031693336
sub7,ADL,0,POG,2,1921,15.0,D:\00-FLagship Project\SFU-IMU Dataset\IMU Dataset\sub7\ADLs\HXE_POG_trial2.xlsx,sub7,sub8,ADL,ADL,0.6109064,0.3589118,0.030181792
sub7,ADL,0,POG,3,1921,15.0,D:\00-FLagship Project\SFU-IMU Dataset\IMU Dataset\sub7\ADLs\HXE_POG_trial3.xlsx,sub7,sub8,ADL,ADL,0.6218735,0.34766328,0.03046318
sub7,ADL,0,RSS,1,1921,15.0,D:\00-FLagship Project\SFU-IMU Dataset\IMU Dataset\sub7\ADLs\HXE_RSS_trial1.xlsx,sub7,sub8,ADL,ADL,0.63060796,0.33948827,0.029903736
sub7,ADL,0,RSS,2,1921,15.0,D:\00-FLagship Project\SFU-IMU Dataset\IMU Dataset\sub7\ADLs\HXE_RSS_trial2.xlsx,sub7,sub8,ADL,ADL,0.6352146,0.3338388,0.030946625
sub7,ADL,0,RSS,3,1921,15.0,D:\00-FLagship Project\SFU-IMU Dataset\IMU Dataset\sub7\ADLs\HXE_RSS_trial3.xlsx,sub7,sub8,ADL,ADL,0.63582253,0.33068463,0.033492852
sub7,ADL,0,SQ,1,1921,15.0,D:\00-FLagship Project\SFU-IMU Dataset\IMU Dataset\sub7\ADLs\HXE_SQ_trial1.xlsx,sub7,sub8,ADL,ADL,0.6144837,0.355152,0.03036429
sub7,ADL,0,SQ,2,1921,15.0,D:\00-FLagship Project\SFU-IMU Dataset\IMU Dataset\sub7\ADLs\HXE_SQ_trial2.xlsx,sub7,sub8,ADL,ADL,0.6152112,0.3548374,0.029951476
sub7,ADL,0,SQ,3,1921,15.0,D:\00-FLagship Project\SFU-IMU Dataset\IMU Dataset\sub7\ADLs\HXE_SQ_trial3.xlsx,sub7,sub8,ADL,ADL,0.60535705,0.3635313,0.03111163
sub7,Fall,2,CS,3,1921,15.0,D:\00-FLagship Project\SFU-IMU Dataset\IMU Dataset\sub7\Falls\HXE_CS_trial3.xlsx,sub7,sub8,Fall,Fall,0.16075918,0.027144056,0.8120968
sub7,Fall,2,CS,4,1911,15.0,D:\00-FLagship Project\SFU-IMU Dataset\IMU Dataset\sub7\Falls\HXE_CS_trial4.xlsx,sub7,sub8,Fall,Fall,0.16004996,0.026988193,0.8129618
sub7,Fall,2,CS,5,1921,15.0,D:\00-FLagship Project\SFU-IMU Dataset\IMU Dataset\sub7\Falls\HXE_CS_trial5.xlsx,sub7,sub8,Fall,Fall,0.16126293,0.027304973,0.81143206
sub7,Fall,2,HB,1,1921,15.0,D:\00-FLagship Project\SFU-IMU Dataset\IMU Dataset\sub7\Falls\HXE_HB_trial1.xlsx,sub7,sub8,Fall,Fall,0.16114567,0.027257212,0.81159705
sub7,Fall,2,HB,3,1922,15.007819999999999,D:\00-FLagship Project\SFU-IMU Dataset\IMU Dataset\sub7\Falls\HXE_HB_trial3.xlsx,sub7,sub8,Fall,Fall,0.16111092,0.027270418,0.8116187
sub7,Fall,2,HB,4,1921,15.0,D:\00-FLagship Project\SFU-IMU Dataset\IMU Dataset\sub7\Falls\HXE_HB_trial4.xlsx,sub7,sub8,Fall,Fall,0.16139218,0.027397735,0.81121016
sub7,Fall,2,ITDS,1,1921,15.0,D:\00-FLagship Project\SFU-IMU Dataset\IMU Dataset\sub7\Falls\HXE_ITDS_trial1.xlsx,sub7,sub8,Fall,Fall,0.16110548,0.027235515,0.81165904
sub7,Fall,2,ITDS,2,1921,15.0,D:\00-FLagship Project\SFU-IMU Dataset\IMU Dataset\sub7\Falls\HXE_ITDS_trial2.xlsx,sub7,sub8,Fall,Fall,0.16107072,0.027235437,0.8116938
sub7,Fall,2,ITDS,3,1921,15.0,D:\00-FLagship Project\SFU-IMU Dataset\IMU Dataset\sub7\Falls\HXE_ITDS_trial3.xlsx,sub7,sub8,Fall,Fall,0.160838,0.027170852,0.8119911
sub7,Fall,2,ITRS,1,1921,15.0,D:\00-FLagship Project\SFU-IMU Dataset\IMU Dataset\sub7\Falls\HXE_ITRS_trial1.xlsx,sub7,sub8,Fall,Fall,0.1611721,0.02729749,0.8115304
sub7,Fall,2,ITRS,2,1921,15.0,D:\00-FLagship Project\SFU-IMU Dataset\IMU Dataset\sub7\Falls\HXE_ITRS_trial2.xlsx,sub7,sub8,Fall,Fall,0.16196717,0.02799874,0.8100341
sub7,Fall,2,ITRS,4,1921,15.0,D:\00-FLagship Project\SFU-IMU Dataset\IMU Dataset\sub7\Falls\HXE_ITRS_trial4.xlsx,sub7,sub8,Fall,Fall,0.16148499,0.02745717,0.8110578
sub7,Fall,2,LCC,1,1921,15.0,D:\00-FLagship Project\SFU-IMU Dataset\IMU Dataset\sub7\Falls\HXE_LCC_trial1.xlsx,sub7,sub8,Fall,Fall,0.16086468,0.02718115,0.8119542
sub7,Fall,2,LCC,2,1921,15.0,D:\00-FLagship Project\SFU-IMU Dataset\IMU Dataset\sub7\Falls\HXE_LCC_trial2.xlsx,sub7,sub8,Fall,Fall,0.15946978,0.026904795,0.8136254
sub7,Fall,2,LCC,3,1921,15.0,D:\00-FLagship Project\SFU-IMU Dataset\IMU Dataset\sub7\Falls\HXE_LCC_trial3.xlsx,sub7,sub8,Fall,Fall,0.16105783,0.027233336,0.8117088
sub7,Fall,2,slip,1,1921,15.0,D:\00-FLagship Project\SFU-IMU Dataset\IMU Dataset\sub7\Falls\HXE_slip_trial1.xlsx,sub7,sub8,Fall,Fall,0.16518,0.030100882,0.8047191
sub7,Fall,2,slip,2,1921,15.0,D:\00-FLagship Project\SFU-IMU Dataset\IMU Dataset\sub7\Falls\HXE_slip_trial2.xlsx,sub7,sub8,Fall,Fall,0.16101605,0.027222902,0.811761
sub7,Fall,2,slip,3,1921,15.0,D:\00-FLagship Project\SFU-IMU Dataset\IMU Dataset\sub7\Falls\HXE_slip_trial3.xlsx,sub7,sub8,Fall,Fall,0.16103047,0.027233604,0.811736
sub7,Fall,2,trip,1,1921,15.0,D:\00-FLagship Project\SFU-IMU Dataset\IMU Dataset\sub7\Falls\HXE_trip_trial1.xlsx,sub7,sub8,Fall,Fall,0.1592128,0.026885064,0.81390214
sub7,Fall,2,trip,3,1921,15.0,D:\00-FLagship Project\SFU-IMU Dataset\IMU Dataset\sub7\Falls\HXE_trip_trial3.xlsx,sub7,sub8,Fall,Fall,0.16456525,0.029962594,0.8054722
sub7,Fall,2,trip,4,1921,15.0,D:\00-FLagship Project\SFU-IMU Dataset\IMU Dataset\sub7\Falls\HXE_trip_trial4.xlsx,sub7,sub8,Fall,Fall,0.16093913,0.027706124,0.81135476
sub7,Near_Fall,1,CS,1,1922,15.00781,D:\00-FLagship Project\SFU-IMU Dataset\IMU Dataset\sub7\Near_Falls\HXE_CS_trial1.xlsx,sub7,sub8,Near_Fall,ADL,0.59726506,0.36999393,0.032741062
sub7,Near_Fall,1,CS,2,1921,15.0,D:\00-FLagship Project\SFU-IMU Dataset\IMU Dataset\sub7\Near_Falls\HXE_CS_trial2.xlsx,sub7,sub8,Near_Fall,ADL,0.5876039,0.37883976,0.03355625
sub7,Near_Fall,1,CS,6,1921,15.0,D:\00-FLagship Project\SFU-IMU Dataset\IMU Dataset\sub7\Near_Falls\HXE_CS_trial6.xlsx,sub7,sub8,Near_Fall,ADL,0.6076633,0.3627574,0.029579323
sub7,Near_Fall,1,HB,2,1921,15.0,D:\00-FLagship Project\SFU-IMU Dataset\IMU Dataset\sub7\Near_Falls\HXE_HB_trial2.xlsx,sub7,sub8,Near_Fall,Near_Fall,0.43467355,0.51166016,0.053666268
sub7,Near_Fall,1,HB,5,1921,15.0,D:\00-FLagship Project\SFU-IMU Dataset\IMU Dataset\sub7\Near_Falls\HXE_HB_trial5.xlsx,sub7,sub8,Near_Fall,ADL,0.59756184,0.35269955,0.049738657
sub7,Near_Fall,1,HB,6,1921,15.0,D:\00-FLagship Project\SFU-IMU Dataset\IMU Dataset\sub7\Near_Falls\HXE_HB_trial6.xlsx,sub7,sub8,Near_Fall,ADL,0.6031334,0.3637654,0.033101212
sub7,Near_Fall,1,ITRS,3,1921,15.0,D:\00-FLagship Project\SFU-IMU Dataset\IMU Dataset\sub7\Near_Falls\HXE_ITRS_trial3.xlsx,sub7,sub8,Near_Fall,ADL,0.56463933,0.40102232,0.034338318
sub7,Near_Fall,1,ITRS,6,1921,15.0,D:\00-FLagship Project\SFU-IMU Dataset\IMU Dataset\sub7\Near_Falls\HXE_ITRS_trial6.xlsx,sub7,sub8,Near_Fall,Near_Fall,0.28908223,0.6168546,0.0940631
sub7,Near_Fall,1,ITRS,7,1921,15.0,D:\00-FLagship Project\SFU-IMU Dataset\IMU Dataset\sub7\Near_Falls\HXE_ITRS_trial7.xlsx,sub7,sub8,Near_Fall,ADL,0.60788065,0.3618714,0.030248018
sub7,Near_Fall,1,slip,4,1921,15.0,D:\00-FLagship Project\SFU-IMU Dataset\IMU Dataset\sub7\Near_Falls\HXE_slip_trial4.xlsx,sub7,sub8,Near_Fall,ADL,0.58659947,0.38112074,0.032279827
sub7,Near_Fall,1,slip,5,1922,15.00781,D:\00-FLagship Project\SFU-IMU Dataset\IMU Dataset\sub7\Near_Falls\HXE_slip_trial5.xlsx,sub7,sub8,Near_Fall,ADL,0.49424943,0.4628421,0.042908415
sub7,Near_Fall,1,slip,6,1921,15.0,D:\00-FLagship Project\SFU-IMU Dataset\IMU Dataset\sub7\Near_Falls\HXE_slip_trial6.xlsx,sub7,sub8,Near_Fall,ADL,0.5835453,0.38387668,0.03257802
sub7,Near_Fall,1,trip,2,1921,15.0,D:\00-FLagship Project\SFU-IMU Dataset\IMU Dataset\sub7\Near_Falls\HXE_trip_trial2.xlsx,sub7,sub8,Near_Fall,ADL,0.60293275,0.3675494,0.029517887
sub7,Near_Fall,1,trip,5,1921,15.0,D:\00-FLagship Project\SFU-IMU Dataset\IMU Dataset\sub7\Near_Falls\HXE_trip_trial5.xlsx,sub7,sub8,Near_Fall,ADL,0.60752034,0.36285466,0.029625066
sub7,Near_Fall,1,trip,6,1921,15.0,D:\00-FLagship Project\SFU-IMU Dataset\IMU Dataset\sub7\Near_Falls\HXE_trip_trial6.xlsx,sub7,sub8,Near_Fall,ADL,0.57275,0.39392865,0.03332134
sub8,ADL,0,AS,1,2561,20.0,D:\00-FLagship Project\SFU-IMU Dataset\IMU Dataset\sub8\ADLs\RXV_AS_trial1.xlsx,sub8,sub9,ADL,ADL,0.624244,0.34535062,0.030405382
sub8,ADL,0,AS,2,2561,20.0,D:\00-FLagship Project\SFU-IMU Dataset\IMU Dataset\sub8\ADLs\RXV_AS_trial2.xlsx,sub8,sub9,ADL,ADL,0.70330936,0.26580358,0.03088707
sub8,ADL,0,AS,3,2562,20.00782,D:\00-FLagship Project\SFU-IMU Dataset\IMU Dataset\sub8\ADLs\RXV_AS_trial3.xlsx,sub8,sub9,ADL,ADL,0.735738,0.23335618,0.03090578
sub8,ADL,0,DS,1,2561,20.0,D:\00-FLagship Project\SFU-IMU Dataset\IMU Dataset\sub8\ADLs\RXV_DS_trial1.xlsx,sub8,sub9,ADL,Near_Fall,0.40423056,0.5710994,0.024670012
sub8,ADL,0,DS,2,2561,20.0,D:\00-FLagship Project\SFU-IMU Dataset\IMU Dataset\sub8\ADLs\RXV_DS_trial2.xlsx,sub8,sub9,ADL,Near_Fall,0.38758487,0.5884176,0.023997502
sub8,ADL,0,DS,3,2561,20.0,D:\00-FLagship Project\SFU-IMU Dataset\IMU Dataset\sub8\ADLs\RXV_DS_trial3.xlsx,sub8,sub9,ADL,ADL,0.49715662,0.47574016,0.027103255
sub8,ADL,0,DSL,1,1921,15.0,D:\00-FLagship Project\SFU-IMU Dataset\IMU Dataset\sub8\ADLs\RXV_DSL_trial1.xlsx,sub8,sub9,ADL,Fall,0.07134639,0.010770285,0.9178834
sub8,ADL,0,DSL,2,1921,15.0,D:\00-FLagship Project\SFU-IMU Dataset\IMU Dataset\sub8\ADLs\RXV_DSL_trial2.xlsx,sub8,sub9,ADL,Fall,0.17713133,0.022113297,0.80075544
sub8,ADL,0,DSL,3,1921,15.0,D:\00-FLagship Project\SFU-IMU Dataset\IMU Dataset\sub8\ADLs\RXV_DSL_trial3.xlsx,sub8,sub9,ADL,Fall,0.16209273,0.020341946,0.8175653
sub8,ADL,0,DSS,1,1921,15.0,D:\00-FLagship Project\SFU-IMU Dataset\IMU Dataset\sub8\ADLs\RXV_DSS_trial1.xlsx,sub8,sub9,ADL,ADL,0.6452336,0.32425982,0.030506624
sub8,ADL,0,DSS,2,1921,15.0,D:\00-FLagship Project\SFU-IMU Dataset\IMU Dataset\sub8\ADLs\RXV_DSS_trial2.xlsx,sub8,sub9,ADL,ADL,0.6697798,0.29919964,0.03102057
sub8,ADL,0,DSS,3,1921,15.0,D:\00-FLagship Project\SFU-IMU Dataset\IMU Dataset\sub8\ADLs\RXV_DSS_trial3.xlsx,sub8,sub9,ADL,ADL,0.6632782,0.30588344,0.030838318
sub8,ADL,0,NW,1,1921,15.0,D:\00-FLagship Project\SFU-IMU Dataset\IMU Dataset\sub8\ADLs\RXV_NW_trial1.xlsx,sub8,sub9,ADL,Near_Fall,0.36667705,0.60963386,0.023689145
sub8,ADL,0,NW,2,1921,15.0,D:\00-FLagship Project\SFU-IMU Dataset\IMU Dataset\sub8\ADLs\RXV_NW_trial2.xlsx,sub8,sub9,ADL,Near_Fall,0.43216145,0.54248494,0.025353616
sub8,ADL,0,NW,3,1921,15.0,D:\00-FLagship Project\SFU-IMU Dataset\IMU Dataset\sub8\ADLs\RXV_NW_trial3.xlsx,sub8,sub9,ADL,Near_Fall,0.42304918,0.5517437,0.025207099
sub8,ADL,0,POG,1,1921,15.0,D:\00-FLagship Project\SFU-IMU Dataset\IMU Dataset\sub8\ADLs\RXV_POG_trial1.xlsx,sub8,sub9,ADL,Near_Fall,0.43201712,0.541632,0.026350882
sub8,ADL,0,POG,2,1922,15.00781,D:\00-FLagship Project\SFU-IMU Dataset\IMU Dataset\sub8\ADLs\RXV_POG_trial2.xlsx,sub8,sub9,ADL,ADL,0.5093182,0.46335965,0.027322153
sub8,ADL,0,POG,3,1922,15.00781,D:\00-FLagship Project\SFU-IMU Dataset\IMU Dataset\sub8\ADLs\RXV_POG_trial3.xlsx,sub8,sub9,ADL,Near_Fall,0.4042793,0.57106835,0.024652407
sub8,ADL,0,RSS,1,1921,15.0,D:\00-FLagship Project\SFU-IMU Dataset\IMU Dataset\sub8\ADLs\RXV_RSS_trial1.xlsx,sub8,sub9,ADL,ADL,0.5996294,0.37088883,0.029481806
sub8,ADL,0,RSS,2,1921,15.0,D:\00-FLagship Project\SFU-IMU Dataset\IMU Dataset\sub8\ADLs\RXV_RSS_trial2.xlsx,sub8,sub9,ADL,ADL,0.6120715,0.358077,0.029851468
sub8,ADL,0,RSS,3,1921,15.0,D:\00-FLagship Project\SFU-IMU Dataset\IMU Dataset\sub8\ADLs\RXV_RSS_trial3.xlsx,sub8,sub9,ADL,ADL,0.6450983,0.32435662,0.030545123
sub8,ADL,0,SQ,1,1921,15.0,D:\00-FLagship Project\SFU-IMU Dataset\IMU Dataset\sub8\ADLs\RXV_SQ_trial1.xlsx,sub8,sub9,ADL,Near_Fall,0.4811953,0.49213412,0.02667063
sub8,ADL,0,SQ,2,1921,15.0,D:\00-FLagship Project\SFU-IMU Dataset\IMU Dataset\sub8\ADLs\RXV_SQ_trial2.xlsx,sub8,sub9,ADL,Near_Fall,0.4549377,0.519172,0.025890302
sub8,ADL,0,SQ,3,1921,15.0,D:\00-FLagship Project\SFU-IMU Dataset\IMU Dataset\sub8\ADLs\RXV_SQ_trial3.xlsx,sub8,sub9,ADL,Near_Fall,0.4275076,0.54730237,0.025189996
sub8,Fall,2,CS,1,1921,15.0,D:\00-FLagship Project\SFU-IMU Dataset\IMU Dataset\sub8\Falls\RXV_CS_trial1.xlsx,sub8,sub9,Fall,Fall,0.04552792,0.008663199,0.9458089
sub8,Fall,2,CS,4,1921,15.0,D:\00-FLagship Project\SFU-IMU Dataset\IMU Dataset\sub8\Falls\RXV_CS_trial4.xlsx,sub8,sub9,Fall,Fall,0.050860424,0.008857745,0.94028187
sub8,Fall,2,CS,6,1921,15.0,D:\00-FLagship Project\SFU-IMU Dataset\IMU Dataset\sub8\Falls\RXV_CS_trial6.xlsx,sub8,sub9,Fall,Fall,0.054555643,0.009156417,0.93628794
sub8,Fall,2,HB,2,1921,15.0,D:\00-FLagship Project\SFU-IMU Dataset\IMU Dataset\sub8\Falls\RXV_HB_trial2.xlsx,sub8,sub9,Fall,Fall,0.14502187,0.020272156,0.8347059
sub8,Fall,2,HB,3,1921,15.0,D:\00-FLagship Project\SFU-IMU Dataset\IMU Dataset\sub8\Falls\RXV_HB_trial3.xlsx,sub8,sub9,Fall,Fall,0.13604362,0.019960202,0.84399617
sub8,Fall,2,HB,5,1921,15.0,D:\00-FLagship Project\SFU-IMU Dataset\IMU Dataset\sub8\Falls\RXV_HB_trial5.xlsx,sub8,sub9,Fall,Fall,0.143119,0.020218436,0.83666253
sub8,Fall,2,ITDS,1,1921,15.0,D:\00-FLagship Project\SFU-IMU Dataset\IMU Dataset\sub8\Falls\RXV_ITDS_trial1.xlsx,sub8,sub9,Fall,Fall,0.05071513,0.0088427225,0.9404421
sub8,Fall,2,ITDS,2,1921,15.0,D:\00-FLagship Project\SFU-IMU Dataset\IMU Dataset\sub8\Falls\RXV_ITDS_trial2.xlsx,sub8,sub9,Fall,Fall,0.14425547,0.020084744,0.83565974
sub8,Fall,2,ITDS,3,1921,15.0,D:\00-FLagship Project\SFU-IMU Dataset\IMU Dataset\sub8\Falls\RXV_ITDS_trial3.xlsx,sub8,sub9,Fall,Fall,0.17752361,0.022100506,0.8003758
sub8,Fall,2,ITRS,1,1921,15.0,D:\00-FLagship Project\SFU-IMU Dataset\IMU Dataset\sub8\Falls\RXV_ITRS_trial1.xlsx,sub8,sub9,Fall,Fall,0.061149057,0.009741737,0.92910916
sub8,Fall,2,ITRS,3,1922,15.007819999999999,D:\00-FLagship Project\SFU-IMU Dataset\IMU Dataset\sub8\Falls\RXV_ITRS_trial3.xlsx,sub8,sub9,Fall,Fall,0.17081454,0.021239748,0.80794567
sub8,Fall,2,ITRS,4,1921,15.0,D:\00-FLagship Project\SFU-IMU Dataset\IMU Dataset\sub8\Falls\RXV_ITRS_trial4.xlsx,sub8,sub9,Fall,Fall,0.16364236,0.020453582,0.815904
sub8,Fall,2,LCC,1,1921,15.0,D:\00-FLagship Project\SFU-IMU Dataset\IMU Dataset\sub8\Falls\RXV_LCC_trial1.xlsx,sub8,sub9,Fall,Fall,0.044837873,0.008716755,0.9464454
sub8,Fall,2,LCC,2,1921,15.0,D:\00-FLagship Project\SFU-IMU Dataset\IMU Dataset\sub8\Falls\RXV_LCC_trial2.xlsx,sub8,sub9,Fall,Fall,0.19127183,0.024493422,0.78423476
sub8,Fall,2,LCC,3,1921,15.0,D:\00-FLagship Project\SFU-IMU Dataset\IMU Dataset\sub8\Falls\RXV_LCC_trial3.xlsx,sub8,sub9,Fall,Fall,0.13117409,0.019865446,0.84896046
sub8,Fall,2,slip,1,1921,15.0,D:\00-FLagship Project\SFU-IMU Dataset\IMU Dataset\sub8\Falls\RXV_slip_trial1.xlsx,sub8,sub9,Fall,Near_Fall,0.13320667,0.725641,0.14115237
sub8,Fall,2,slip,2,1921,15.0,D:\00-FLagship Project\SFU-IMU Dataset\IMU Dataset\sub8\Falls\RXV_slip_trial2.xlsx,sub8,sub9,Fall,Fall,0.14907244,0.020183342,0.83074427
sub8,Fall,2,slip,6,1922,15.00781,D:\00-FLagship Project\SFU-IMU Dataset\IMU Dataset\sub8\Falls\RXV_slip_trial6.xlsx,sub8,sub9,Fall,Fall,0.18265142,0.022835085,0.7945135
sub8,Fall,2,trip,1,1921,15.0,D:\00-FLagship Project\SFU-IMU Dataset\IMU Dataset\sub8\Falls\RXV_trip_trial1.xlsx,sub8,sub9,Fall,Near_Fall,0.13304202,0.8425115,0.024446497
sub8,Fall,2,trip,3,1921,15.0,D:\00-FLagship Project\SFU-IMU Dataset\IMU Dataset\sub8\Falls\RXV_trip_trial3.xlsx,sub8,sub9,Fall,Near_Fall,0.12824604,0.84675485,0.024999095
sub8,Fall,2,trip,6,1921,15.0,D:\00-FLagship Project\SFU-IMU Dataset\IMU Dataset\sub8\Falls\RXV_trip_trial6.xlsx,sub8,sub9,Fall,Fall,0.09969436,0.09711105,0.80319464
sub8,Near_Fall,1,CS,2,1921,15.0,D:\00-FLagship Project\SFU-IMU Dataset\IMU Dataset\sub8\Near_Falls\RXV_CS_trial2.xlsx,sub8,sub9,Near_Fall,Near_Fall,0.3127394,0.6632822,0.023978382
sub8,Near_Fall,1,CS,3,1921,15.0,D:\00-FLagship Project\SFU-IMU Dataset\IMU Dataset\sub8\Near_Falls\RXV_CS_trial3.xlsx,sub8,sub9,Near_Fall,Near_Fall,0.29574108,0.68085766,0.023401279
sub8,Near_Fall,1,CS,5,1921,15.0,D:\00-FLagship Project\SFU-IMU Dataset\IMU Dataset\sub8\Near_Falls\RXV_CS_trial5.xlsx,sub8,sub9,Near_Fall,Near_Fall,0.25003543,0.49712485,0.25283968
sub8,Near_Fall,1,HB,1,1921,15.0,D:\00-FLagship Project\SFU-IMU Dataset\IMU Dataset\sub8\Near_Falls\RXV_HB_trial1.xlsx,sub8,sub9,Near_Fall,Near_Fall,0.16209117,0.7976608,0.04024802
sub8,Near_Fall,1,HB,4,1921,15.0,D:\00-FLagship Project\SFU-IMU Dataset\IMU Dataset\sub8\Near_Falls\RXV_HB_trial4.xlsx,sub8,sub9,Near_Fall,ADL,0.7225546,0.24674049,0.030704897
sub8,Near_Fall,1,HB,6,1921,15.0,D:\00-FLagship Project\SFU-IMU Dataset\IMU Dataset\sub8\Near_Falls\RXV_HB_trial6.xlsx,sub8,sub9,Near_Fall,ADL,0.7432495,0.2257632,0.030987328
sub8,Near_Fall,1,ITRS,2,1921,15.0,D:\00-FLagship Project\SFU-IMU Dataset\IMU Dataset\sub8\Near_Falls\RXV_ITRS_trial2.xlsx,sub8,sub9,Near_Fall,ADL,0.53356963,0.4385807,0.027849685
sub8,Near_Fall,1,ITRS,5,1921,15.0,D:\00-FLagship Project\SFU-IMU Dataset\IMU Dataset\sub8\Near_Falls\RXV_ITRS_trial5.xlsx,sub8,sub9,Near_Fall,Near_Fall,0.3829811,0.5928978,0.02412113
sub8,Near_Fall,1,ITRS,6,1921,15.0,D:\00-FLagship Project\SFU-IMU Dataset\IMU Dataset\sub8\Near_Falls\RXV_ITRS_trial6.xlsx,sub8,sub9,Near_Fall,Near_Fall,0.27669126,0.7015546,0.021754164
sub8,Near_Fall,1,slip,3,1921,15.0,D:\00-FLagship Project\SFU-IMU Dataset\IMU Dataset\sub8\Near_Falls\RXV_slip_trial3.xlsx,sub8,sub9,Near_Fall,ADL,0.5373312,0.43391362,0.028755162
sub8,Near_Fall,1,slip,4,1921,15.0,D:\00-FLagship Project\SFU-IMU Dataset\IMU Dataset\sub8\Near_Falls\RXV_slip_trial4.xlsx,sub8,sub9,Near_Fall,Near_Fall,0.15891969,0.8156152,0.025465123
sub8,Near_Fall,1,slip,5,1921,15.0,D:\00-FLagship Project\SFU-IMU Dataset\IMU Dataset\sub8\Near_Falls\RXV_slip_trial5.xlsx,sub8,sub9,Near_Fall,Near_Fall,0.13820927,0.8356956,0.026095161
sub8,Near_Fall,1,trip,2,1921,15.0,D:\00-FLagship Project\SFU-IMU Dataset\IMU Dataset\sub8\Near_Falls\RXV_trip_trial2.xlsx,sub8,sub9,Near_Fall,Near_Fall,0.27230805,0.70606166,0.021630256
sub8,Near_Fall,1,trip,4,1921,15.0,D:\00-FLagship Project\SFU-IMU Dataset\IMU Dataset\sub8\Near_Falls\RXV_trip_trial4.xlsx,sub8,sub9,Near_Fall,Near_Fall,0.23738557,0.7412153,0.021399107
sub8,Near_Fall,1,trip,5,1921,15.0,D:\00-FLagship Project\SFU-IMU Dataset\IMU Dataset\sub8\Near_Falls\RXV_trip_trial5.xlsx,sub8,sub9,Near_Fall,Near_Fall,0.22901341,0.74961454,0.02137207
sub9,ADL,0,AS,1,2561,20.0,D:\00-FLagship Project\SFU-IMU Dataset\IMU Dataset\sub9\ADLs\SXT_AS_trial1.xlsx,sub9,sub10,ADL,ADL,0.76879394,0.17305739,0.058148693
sub9,ADL,0,AS,2,2561,20.0,D:\00-FLagship Project\SFU-IMU Dataset\IMU Dataset\sub9\ADLs\SXT_AS_trial2.xlsx,sub9,sub10,ADL,ADL,0.77146417,0.16955255,0.058983285
sub9,ADL,0,AS,3,2561,20.0,D:\00-FLagship Project\SFU-IMU Dataset\IMU Dataset\sub9\ADLs\SXT_AS_trial3.xlsx,sub9,sub10,ADL,ADL,0.7772785,0.15802583,0.06469566
sub9,ADL,0,DS,1,2562,20.00781,D:\00-FLagship Project\SFU-IMU Dataset\IMU Dataset\sub9\ADLs\SXT_DS_trial1.xlsx,sub9,sub10,ADL,ADL,0.7752474,0.16326892,0.061483588
sub9,ADL,0,DS,2,2561,20.0,D:\00-FLagship Project\SFU-IMU Dataset\IMU Dataset\sub9\ADLs\SXT_DS_trial2.xlsx,sub9,sub10,ADL,ADL,0.770598,0.1708289,0.058573186
sub9,ADL,0,DS,3,2561,20.0,D:\00-FLagship Project\SFU-IMU Dataset\IMU Dataset\sub9\ADLs\SXT_DS_trial3.xlsx,sub9,sub10,ADL,ADL,0.76615745,0.1765187,0.057323817
sub9,ADL,0,DSL,1,1921,15.0,D:\00-FLagship Project\SFU-IMU Dataset\IMU Dataset\sub9\ADLs\SXT_DSL_trial1.xlsx,sub9,sub10,ADL,Fall,0.08679138,0.02467908,0.88852954
sub9,ADL,0,DSL,2,1921,15.0,D:\00-FLagship Project\SFU-IMU Dataset\IMU Dataset\sub9\ADLs\SXT_DSL_trial2.xlsx,sub9,sub10,ADL,Fall,0.089355074,0.025398273,0.88524663
sub9,ADL,0,DSL,3,1921,15.0,D:\00-FLagship Project\SFU-IMU Dataset\IMU Dataset\sub9\ADLs\SXT_DSL_trial3.xlsx,sub9,sub10,ADL,Fall,0.08899158,0.025274757,0.88573366
sub9,ADL,0,DSS,1,1921,15.0,D:\00-FLagship Project\SFU-IMU Dataset\IMU Dataset\sub9\ADLs\SXT_DSS_trial1.xlsx,sub9,sub10,ADL,ADL,0.7695473,0.17229463,0.058158066
sub9,ADL,0,DSS,2,1921,15.0,D:\00-FLagship Project\SFU-IMU Dataset\IMU Dataset\sub9\ADLs\SXT_DSS_trial2.xlsx,sub9,sub10,ADL,ADL,0.77204514,0.16840763,0.059547182
sub9,ADL,0,DSS,3,1921,15.0,D:\00-FLagship Project\SFU-IMU Dataset\IMU Dataset\sub9\ADLs\SXT_DSS_trial3.xlsx,sub9,sub10,ADL,ADL,0.71618885,0.23403378,0.049777426
sub9,ADL,0,NW,1,1921,15.0,D:\00-FLagship Project\SFU-IMU Dataset\IMU Dataset\sub9\ADLs\SXT_NW_trial1.xlsx,sub9,sub10,ADL,Near_Fall,0.4219675,0.5381638,0.039868705
sub9,ADL,0,NW,2,1921,15.0,D:\00-FLagship Project\SFU-IMU Dataset\IMU Dataset\sub9\ADLs\SXT_NW_trial2.xlsx,sub9,sub10,ADL,Near_Fall,0.46660176,0.4926895,0.04070877
sub9,ADL,0,NW,3,1921,15.0,D:\00-FLagship Project\SFU-IMU Dataset\IMU Dataset\sub9\ADLs\SXT_NW_trial3.xlsx,sub9,sub10,ADL,Near_Fall,0.35541683,0.6103068,0.034276456
sub9,ADL,0,POG,1,1921,15.0,D:\00-FLagship Project\SFU-IMU Dataset\IMU Dataset\sub9\ADLs\SXT_POG_trial1.xlsx,sub9,sub10,ADL,ADL,0.76848745,0.17361146,0.057901055
sub9,ADL,0,POG,2,1921,15.0,D:\00-FLagship Project\SFU-IMU Dataset\IMU Dataset\sub9\ADLs\SXT_POG_trial2.xlsx,sub9,sub10,ADL,ADL,0.7557826,0.18585874,0.05835866
sub9,ADL,0,POG,3,1921,15.0,D:\00-FLagship Project\SFU-IMU Dataset\IMU Dataset\sub9\ADLs\SXT_POG_trial3.xlsx,sub9,sub10,ADL,ADL,0.7499058,0.19621757,0.053876605
sub9,ADL,0,RSS,1,1921,15.0,D:\00-FLagship Project\SFU-IMU Dataset\IMU Dataset\sub9\ADLs\SXT_RSS_trial1.xlsx,sub9,sub10,ADL,ADL,0.70776004,0.24344021,0.04879983
sub9,ADL,0,RSS,2,1921,15.0,D:\00-FLagship Project\SFU-IMU Dataset\IMU Dataset\sub9\ADLs\SXT_RSS_trial2.xlsx,sub9,sub10,ADL,ADL,0.7613109,0.18299961,0.05568952
sub9,ADL,0,RSS,3,1921,15.0,D:\00-FLagship Project\SFU-IMU Dataset\IMU Dataset\sub9\ADLs\SXT_RSS_trial3.xlsx,sub9,sub10,ADL,ADL,0.74945486,0.19706237,0.05348282
sub9,ADL,0,SQ,1,1921,15.0,D:\00-FLagship Project\SFU-IMU Dataset\IMU Dataset\sub9\ADLs\SXT_SQ_trial1.xlsx,sub9,sub10,ADL,ADL,0.7523407,0.19352785,0.05413152
sub9,ADL,0,SQ,2,1921,15.0,D:\00-FLagship Project\SFU-IMU Dataset\IMU Dataset\sub9\ADLs\SXT_SQ_trial2.xlsx,sub9,sub10,ADL,ADL,0.729675,0.21919216,0.051132746
sub9,ADL,0,SQ,3,1921,15.0,D:\00-FLagship Project\SFU-IMU Dataset\IMU Dataset\sub9\ADLs\SXT_SQ_trial3.xlsx,sub9,sub10,ADL,ADL,0.72310233,0.22638187,0.05051582
sub9,Fall,2,CS,1,1921,15.0,D:\00-FLagship Project\SFU-IMU Dataset\IMU Dataset\sub9\Falls\SXT_CS_trial1.xlsx,sub9,sub10,Fall,Fall,0.08916554,0.02546487,0.8853696
sub9,Fall,2,CS,2,1921,15.0,D:\00-FLagship Project\SFU-IMU Dataset\IMU Dataset\sub9\Falls\SXT_CS_trial2.xlsx,sub9,sub10,Fall,Fall,0.08709361,0.024804337,0.8881022
sub9,Fall,2,CS,4,1921,15.0,D:\00-FLagship Project\SFU-IMU Dataset\IMU Dataset\sub9\Falls\SXT_CS_trial4.xlsx,sub9,sub10,Fall,Fall,0.08679683,0.024906559,0.88829654
sub9,Fall,2,HB,2,1922,15.007819999999999,D:\00-FLagship Project\SFU-IMU Dataset\IMU Dataset\sub9\Falls\SXT_HB_trial2.xlsx,sub9,sub10,Fall,Fall,0.092026,0.026362825,0.8816111
sub9,Fall,2,HB,3,1921,15.0,D:\00-FLagship Project\SFU-IMU Dataset\IMU Dataset\sub9\Falls\SXT_HB_trial3.xlsx,sub9,sub10,Fall,Fall,0.0913519,0.026347475,0.8823006
sub9,Fall,2,HB,6,1921,15.0,D:\00-FLagship Project\SFU-IMU Dataset\IMU Dataset\sub9\Falls\SXT_HB_trial6.xlsx,sub9,sub10,Fall,Fall,0.091203615,0.026448656,0.88234776
sub9,Fall,2,ITDS,1,1921,15.0,D:\00-FLagship Project\SFU-IMU Dataset\IMU Dataset\sub9\Falls\SXT_ITDS_trial1.xlsx,sub9,sub10,Fall,Fall,0.08978512,0.025578456,0.8846364
sub9,Fall,2,ITDS,2,1921,15.0,D:\00-FLagship Project\SFU-IMU Dataset\IMU Dataset\sub9\Falls\SXT_ITDS_trial2.xlsx,sub9,sub10,Fall,Fall,0.096271664,0.029333573,0.87439483
sub9,Fall,2,ITDS,3,1921,15.0,D:\00-FLagship Project\SFU-IMU Dataset\IMU Dataset\sub9\Falls\SXT_ITDS_trial3.xlsx,sub9,sub10,Fall,Fall,0.09288153,0.027508436,0.87960994
sub9,Fall,2,ITRS,1,1921,15.0,D:\00-FLagship Project\SFU-IMU Dataset\IMU Dataset\sub9\Falls\SXT_ITRS_trial1.xlsx,sub9,sub10,Fall,Fall,0.08670061,0.02478189,0.88851744
sub9,Fall,2,ITRS,2,1921,15.0,D:\00-FLagship Project\SFU-IMU Dataset\IMU Dataset\sub9\Falls\SXT_ITRS_trial2.xlsx,sub9,sub10,Fall,Fall,0.08692153,0.025005868,0.8880726
sub9,Fall,2,ITRS,4,1921,15.0,D:\00-FLagship Project\SFU-IMU Dataset\IMU Dataset\sub9\Falls\SXT_ITRS_trial4.xlsx,sub9,sub10,Fall,Fall,0.08950369,0.025486344,0.8850099
sub9,Fall,2,LCC,1,1921,15.0,D:\00-FLagship Project\SFU-IMU Dataset\IMU Dataset\sub9\Falls\SXT_LCC_trial1.xlsx,sub9,sub10,Fall,Fall,0.08765397,0.024902835,0.88744324
sub9,Fall,2,LCC,2,1921,15.0,D:\00-FLagship Project\SFU-IMU Dataset\IMU Dataset\sub9\Falls\SXT_LCC_trial2.xlsx,sub9,sub10,Fall,Fall,0.09213276,0.027210284,0.88065696
sub9,Fall,2,LCC,3,1922,15.00781,D:\00-FLagship Project\SFU-IMU Dataset\IMU Dataset\sub9\Falls\SXT_LCC_trial3.xlsx,sub9,sub10,Fall,Fall,0.091942765,0.027116291,0.880941
sub9,Fall,2,slip,1,1921,15.0,D:\00-FLagship Project\SFU-IMU Dataset\IMU Dataset\sub9\Falls\SXT_slip_trial1.xlsx,sub9,sub10,Fall,Fall,0.088548094,0.02538277,0.8860691
sub9,Fall,2,slip,2,1921,15.0,D:\00-FLagship Project\SFU-IMU Dataset\IMU Dataset\sub9\Falls\SXT_slip_trial2.xlsx,sub9,sub10,Fall,Fall,0.08735763,0.024873955,0.8877685
sub9,Fall,2,slip,4,1921,15.0,D:\00-FLagship Project\SFU-IMU Dataset\IMU Dataset\sub9\Falls\SXT_slip_trial4.xlsx,sub9,sub10,Fall,Fall,0.08675761,0.024731385,0.88851094
sub9,Fall,2,trip,1,1921,15.0,D:\00-FLagship Project\SFU-IMU Dataset\IMU Dataset\sub9\Falls\SXT_trip_trial1.xlsx,sub9,sub10,Fall,Fall,0.09112459,0.026033157,0.8828423
sub9,Fall,2,trip,2,1921,15.0,D:\00-FLagship Project\SFU-IMU Dataset\IMU Dataset\sub9\Falls\SXT_trip_trial2.xlsx,sub9,sub10,Fall,Fall,0.091936834,0.02637765,0.8816855
sub9,Fall,2,trip,4,1921,15.0,D:\00-FLagship Project\SFU-IMU Dataset\IMU Dataset\sub9\Falls\SXT_trip_trial4.xlsx,sub9,sub10,Fall,Fall,0.0895306,0.025464604,0.88500476
sub9,Near_Fall,1,CS,3,1921,15.0,D:\00-FLagship Project\SFU-IMU Dataset\IMU Dataset\sub9\Near_Falls\SXT_CS_trial3.xlsx,sub9,sub10,Near_Fall,ADL,0.7750197,0.16357668,0.061403543
sub9,Near_Fall,1,CS,5,1921,15.0,D:\00-FLagship Project\SFU-IMU Dataset\IMU Dataset\sub9\Near_Falls\SXT_CS_trial5.xlsx,sub9,sub10,Near_Fall,ADL,0.76583046,0.17687997,0.057289585
sub9,Near_Fall,1,CS,6,1921,15.0,D:\00-FLagship Project\SFU-IMU Dataset\IMU Dataset\sub9\Near_Falls\SXT_CS_trial6.xlsx,sub9,sub10,Near_Fall,ADL,0.74933225,0.194904,0.055763736
sub9,Near_Fall,1,HB,1,1921,15.0,D:\00-FLagship Project\SFU-IMU Dataset\IMU Dataset\sub9\Near_Falls\SXT_HB_trial1.xlsx,sub9,sub10,Near_Fall,ADL,0.76427263,0.17913894,0.056588434
sub9,Near_Fall,1,HB,4,1921,15.0,D:\00-FLagship Project\SFU-IMU Dataset\IMU Dataset\sub9\Near_Falls\SXT_HB_trial4.xlsx,sub9,sub10,Near_Fall,ADL,0.7646068,0.17871794,0.056675274
sub9,Near_Fall,1,HB,5,1921,15.0,D:\00-FLagship Project\SFU-IMU Dataset\IMU Dataset\sub9\Near_Falls\SXT_HB_trial5.xlsx,sub9,sub10,Near_Fall,ADL,0.7717932,0.16882251,0.059384298
sub9,Near_Fall,1,ITRS,3,1921,15.0,D:\00-FLagship Project\SFU-IMU Dataset\IMU Dataset\sub9\Near_Falls\SXT_ITRS_trial3.xlsx,sub9,sub10,Near_Fall,ADL,0.76072717,0.18290055,0.05637227
sub9,Near_Fall,1,ITRS,5,1921,15.0,D:\00-FLagship Project\SFU-IMU Dataset\IMU Dataset\sub9\Near_Falls\SXT_ITRS_trial5.xlsx,sub9,sub10,Near_Fall,Near_Fall,0.37798902,0.5852131,0.036797788
sub9,Near_Fall,1,ITRS,6,1922,15.007819999999999,D:\00-FLagship Project\SFU-IMU Dataset\IMU Dataset\sub9\Near_Falls\SXT_ITRS_trial6.xlsx,sub9,sub10,Near_Fall,ADL,0.6214421,0.33503106,0.043526847
sub9,Near_Fall,1,slip,3,1921,15.0,D:\00-FLagship Project\SFU-IMU Dataset\IMU Dataset\sub9\Near_Falls\SXT_slip_trial3.xlsx,sub9,sub10,Near_Fall,Near_Fall,0.38057572,0.58244747,0.036976848
sub9,Near_Fall,1,slip,5,1921,15.0,D:\00-FLagship Project\SFU-IMU Dataset\IMU Dataset\sub9\Near_Falls\SXT_slip_trial5.xlsx,sub9,sub10,Near_Fall,Near_Fall,0.41054997,0.55016106,0.03928893
sub9,Near_Fall,1,slip,6,1921,15.0,D:\00-FLagship Project\SFU-IMU Dataset\IMU Dataset\sub9\Near_Falls\SXT_slip_trial6.xlsx,sub9,sub10,Near_Fall,ADL,0.4918278,0.46209866,0.046073586
sub9,Near_Fall,1,trip,3,1921,15.0,D:\00-FLagship Project\SFU-IMU Dataset\IMU Dataset\sub9\Near_Falls\SXT_trip_trial3.xlsx,sub9,sub10,Near_Fall,ADL,0.70784134,0.24342766,0.048731003
sub9,Near_Fall,1,trip,5,1921,15.0,D:\00-FLagship Project\SFU-IMU Dataset\IMU Dataset\sub9\Near_Falls\SXT_trip_trial5.xlsx,sub9,sub10,Near_Fall,ADL,0.7770113,0.15874712,0.064241625
sub9,Near_Fall,1,trip,6,1921,15.0,D:\00-FLagship Project\SFU-IMU Dataset\IMU Dataset\sub9\Near_Falls\SXT_trip_trial6.xlsx,sub9,sub10,Near_Fall,ADL,0.7756012,0.1619773,0.06242145
sub10,ADL,0,AS,1,2561,20.0,D:\00-FLagship Project\SFU-IMU Dataset\IMU Dataset\sub10\ADLs\VXM_AS_trial1.xlsx,sub10,sub1,ADL,ADL,0.67303586,0.25958928,0.067374885
sub10,ADL,0,AS,2,2561,20.0,D:\00-FLagship Project\SFU-IMU Dataset\IMU Dataset\sub10\ADLs\VXM_AS_trial2.xlsx,sub10,sub1,ADL,ADL,0.67356485,0.25970954,0.066725545
sub10,ADL,0,AS,3,2561,20.0,D:\00-FLagship Project\SFU-IMU Dataset\IMU Dataset\sub10\ADLs\VXM_AS_trial3.xlsx,sub10,sub1,ADL,ADL,0.6707799,0.25958428,0.069635846
sub10,ADL,0,DS,1,2561,20.0,D:\00-FLagship Project\SFU-IMU Dataset\IMU Dataset\sub10\ADLs\VXM_DS_trial1.xlsx,sub10,sub1,ADL,ADL,0.6694024,0.2648689,0.06572864
sub10,ADL,0,DS,2,2561,20.0,D:\00-FLagship Project\SFU-IMU Dataset\IMU Dataset\sub10\ADLs\VXM_DS_trial2.xlsx,sub10,sub1,ADL,ADL,0.6700409,0.26331717,0.06664199
sub10,ADL,0,DS,3,2561,20.0,D:\00-FLagship Project\SFU-IMU Dataset\IMU Dataset\sub10\ADLs\VXM_DS_trial3.xlsx,sub10,sub1,ADL,ADL,0.6704028,0.26357642,0.066020735
sub10,ADL,0,DSL,1,1921,15.0,D:\00-FLagship Project\SFU-IMU Dataset\IMU Dataset\sub10\ADLs\VXM_DSL_trial1.xlsx,sub10,sub1,ADL,Fall,0.21328269,0.16007043,0.6266469
sub10,ADL,0,DSL,2,1921,15.0,D:\00-FLagship Project\SFU-IMU Dataset\IMU Dataset\sub10\ADLs\VXM_DSL_trial2.xlsx,sub10,sub1,ADL,Fall,0.2082164,0.15543748,0.6363461
sub10,ADL,0,DSL,3,1921,15.0,D:\00-FLagship Project\SFU-IMU Dataset\IMU Dataset\sub10\ADLs\VXM_DSL_trial3.xlsx,sub10,sub1,ADL,Fall,0.19085892,0.15642257,0.6527185
sub10,ADL,0,DSS,1,1921,15.0,D:\00-FLagship Project\SFU-IMU Dataset\IMU Dataset\sub10\ADLs\VXM_DSS_trial1.xlsx,sub10,sub1,ADL,ADL,0.6704433,0.26333714,0.06621955
sub10,ADL,0,DSS,2,1921,15.0,D:\00-FLagship Project\SFU-IMU Dataset\IMU Dataset\sub10\ADLs\VXM_DSS_trial2.xlsx,sub10,sub1,ADL,ADL,0.67116135,0.2623563,0.066482365
sub10,ADL,0,DSS,3,1921,15.0,D:\00-FLagship Project\SFU-IMU Dataset\IMU Dataset\sub10\ADLs\VXM_DSS_trial3.xlsx,sub10,sub1,ADL,ADL,0.6591027,0.27486616,0.066031106
sub10,ADL,0,NW,1,1921,15.0,D:\00-FLagship Project\SFU-IMU Dataset\IMU Dataset\sub10\ADLs\VXM_NW_trial1.xlsx,sub10,sub1,ADL,ADL,0.63586384,0.2954448,0.068691336
sub10,ADL,0,NW,2,1921,15.0,D:\00-FLagship Project\SFU-IMU Dataset\IMU Dataset\sub10\ADLs\VXM_NW_trial2.xlsx,sub10,sub1,ADL,ADL,0.6423823,0.29044443,0.06717323
sub10,ADL,0,NW,3,1921,15.0,D:\00-FLagship Project\SFU-IMU Dataset\IMU Dataset\sub10\ADLs\VXM_NW_trial3.xlsx,sub10,sub1,ADL,ADL,0.571533,0.35296392,0.075503066
sub10,ADL,0,POG,1,1921,15.0,D:\00-FLagship Project\SFU-IMU Dataset\IMU Dataset\sub10\ADLs\VXM_POG_trial1.xlsx,sub10,sub1,ADL,Near_Fall,0.42522705,0.47674996,0.098023
sub10,ADL,0,POG,2,1921,15.0,D:\00-FLagship Project\SFU-IMU Dataset\IMU Dataset\sub10\ADLs\VXM_POG_trial2.xlsx,sub10,sub1,ADL,ADL,0.6514877,0.28153378,0.066978544
sub10,ADL,0,POG,3,1921,15.0,D:\00-FLagship Project\SFU-IMU Dataset\IMU Dataset\sub10\ADLs\VXM_POG_trial3.xlsx,sub10,sub1,ADL,ADL,0.66414833,0.27008858,0.06576302
sub10,ADL,0,RSS,1,1921,15.0,D:\00-FLagship Project\SFU-IMU Dataset\IMU Dataset\sub10\ADLs\VXM_RSS_trial1.xlsx,sub10,sub1,ADL,ADL,0.66726285,0.26670977,0.066027306
sub10,ADL,0,RSS,2,1921,15.0,D:\00-FLagship Project\SFU-IMU Dataset\IMU Dataset\sub10\ADLs\VXM_RSS_trial2.xlsx,sub10,sub1,ADL,ADL,0.6697017,0.26428992,0.0660083
sub10,ADL,0,RSS,3,1921,15.0,D:\00-FLagship Project\SFU-IMU Dataset\IMU Dataset\sub10\ADLs\VXM_RSS_trial3.xlsx,sub10,sub1,ADL,ADL,0.65455735,0.27886668,0.06657602
sub10,ADL,0,SQ,1,1921,15.0,D:\00-FLagship Project\SFU-IMU Dataset\IMU Dataset\sub10\ADLs\VXM_SQ_trial1.xlsx,sub10,sub1,ADL,ADL,0.66333395,0.27079856,0.065867476
sub10,ADL,0,SQ,2,1921,15.0,D:\00-FLagship Project\SFU-IMU Dataset\IMU Dataset\sub10\ADLs\VXM_SQ_trial2.xlsx,sub10,sub1,ADL,ADL,0.6680555,0.26629958,0.06564498
sub10,ADL,0,SQ,3,1921,15.0,D:\00-FLagship Project\SFU-IMU Dataset\IMU Dataset\sub10\ADLs\VXM_SQ_trial3.xlsx,sub10,sub1,ADL,ADL,0.66754234,0.26660496,0.06585275
sub10,Fall,2,CS,2,1921,15.0,D:\00-FLagship Project\SFU-IMU Dataset\IMU Dataset\sub10\Falls\VXM_CS_trial2.xlsx,sub10,sub1,Fall,Fall,0.2203933,0.16209114,0.6175155
sub10,Fall,2,CS,3,1921,15.0,D:\00-FLagship Project\SFU-IMU Dataset\IMU Dataset\sub10\Falls\VXM_CS_trial3.xlsx,sub10,sub1,Fall,Fall,0.2187206,0.15953891,0.6217405
sub10,Fall,2,CS,4,1921,15.0,D:\00-FLagship Project\SFU-IMU Dataset\IMU Dataset\sub10\Falls\VXM_CS_trial4.xlsx,sub10,sub1,Fall,Fall,0.2198198,0.15977795,0.62040216
sub10,Fall,2,HB,2,1921,15.0,D:\00-FLagship Project\SFU-IMU Dataset\IMU Dataset\sub10\Falls\VXM_HB_trial2.xlsx,sub10,sub1,Fall,Fall,0.20500046,0.1543809,0.64061856
sub10,Fall,2,HB,3,1921,15.0,D:\00-FLagship Project\SFU-IMU Dataset\IMU Dataset\sub10\Falls\VXM_HB_trial3.xlsx,sub10,sub1,Fall,Fall,0.20574626,0.1546591,0.6395946
sub10,Fall,2,HB,5,1921,15.0,D:\00-FLagship Project\SFU-IMU Dataset\IMU Dataset\sub10\Falls\VXM_HB_trial5.xlsx,sub10,sub1,Fall,Fall,0.21255104,0.15649714,0.6309518
sub10,Fall,2,ITDS,1,1921,15.0,D:\00-FLagship Project\SFU-IMU Dataset\IMU Dataset\sub10\Falls\VXM_ITDS_trial1.xlsx,sub10,sub1,Fall,Fall,0.2045548,0.15423022,0.641215
sub10,Fall,2,ITDS,2,1921,15.0,D:\00-FLagship Project\SFU-IMU Dataset\IMU Dataset\sub10\Falls\VXM_ITDS_trial2.xlsx,sub10,sub1,Fall,Fall,0.20810364,0.1550959,0.6368005
sub10,Fall,2,ITDS,3,1921,15.0,D:\00-FLagship Project\SFU-IMU Dataset\IMU Dataset\sub10\Falls\VXM_ITDS_trial3.xlsx,sub10,sub1,Fall,Fall,0.20569114,0.15448917,0.63981974
sub10,Fall,2,ITRS,1,1921,15.0,D:\00-FLagship Project\SFU-IMU Dataset\IMU Dataset\sub10\Falls\VXM_ITRS_trial1.xlsx,sub10,sub1,Fall,Fall,0.21984567,0.16083948,0.6193148
sub10,Fall,2,ITRS,2,1921,15.0,D:\00-FLagship Project\SFU-IMU Dataset\IMU Dataset\sub10\Falls\VXM_ITRS_trial2.xlsx,sub10,sub1,Fall,Fall,0.21789443,0.16526225,0.61684334
sub10,Fall,2,ITRS,4,1921,15.0,D:\00-FLagship Project\SFU-IMU Dataset\IMU Dataset\sub10\Falls\VXM_ITRS_trial4.xlsx,sub10,sub1,Fall,Fall,0.21980178,0.1627806,0.61741763
sub10,Fall,2,LCC,1,1921,15.0,D:\00-FLagship Project\SFU-IMU Dataset\IMU Dataset\sub10\Falls\VXM_LCC_trial1.xlsx,sub10,sub1,Fall,Fall,0.19095947,0.15914564,0.6498949
sub10,Fall,2,LCC,2,1921,15.0,D:\00-FLagship Project\SFU-IMU Dataset\IMU Dataset\sub10\Falls\VXM_LCC_trial2.xlsx,sub10,sub1,Fall,Fall,0.20357066,0.15444103,0.6419883
sub10,Fall,2,LCC,3,1921,15.0,D:\00-FLagship Project\SFU-IMU Dataset\IMU Dataset\sub10\Falls\VXM_LCC_trial3.xlsx,sub10,sub1,Fall,Fall,0.20436037,0.1543671,0.6412725
sub10,Fall,2,slip,1,1921,15.0,D:\00-FLagship Project\SFU-IMU Dataset\IMU Dataset\sub10\Falls\VXM_slip_trial1.xlsx,sub10,sub1,Fall,Fall,0.20981273,0.15593326,0.634254
sub10,Fall,2,slip,2,1921,15.0,D:\00-FLagship Project\SFU-IMU Dataset\IMU Dataset\sub10\Falls\VXM_slip_trial2.xlsx,sub10,sub1,Fall,Fall,0.20855634,0.15541913,0.63602453
sub10,Fall,2,slip,5,1921,15.0,D:\00-FLagship Project\SFU-IMU Dataset\IMU Dataset\sub10\Falls\VXM_slip_trial5.xlsx,sub10,sub1,Fall,Fall,0.20769005,0.15556592,0.636744
sub10,Fall,2,trip,1,1921,15.0,D:\00-FLagship Project\SFU-IMU Dataset\IMU Dataset\sub10\Falls\VXM_trip_trial1.xlsx,sub10,sub1,Fall,Fall,0.22989175,0.21886598,0.55124223
sub10,Fall,2,trip,4,1921,15.0,D:\00-FLagship Project\SFU-IMU Dataset\IMU Dataset\sub10\Falls\VXM_trip_trial4.xlsx,sub10,sub1,Fall,Fall,0.1909131,0.1618897,0.6471972
sub10,Fall,2,trip,5,1921,15.0,D:\00-FLagship Project\SFU-IMU Dataset\IMU Dataset\sub10\Falls\VXM_trip_trial5.xlsx,sub10,sub1,Fall,Fall,0.21695705,0.16958113,0.6134619
sub10,Near_Fall,1,CS,1,1921,15.0,D:\00-FLagship Project\SFU-IMU Dataset\IMU Dataset\sub10\Near_Falls\VXM_CS_trial1.xlsx,sub10,sub1,Near_Fall,Near_Fall,0.26598167,0.5963762,0.13764213
sub10,Near_Fall,1,CS,5,1921,15.0,D:\00-FLagship Project\SFU-IMU Dataset\IMU Dataset\sub10\Near_Falls\VXM_CS_trial5.xlsx,sub10,sub1,Near_Fall,Near_Fall,0.2137376,0.5765435,0.20971885
sub10,Near_Fall,1,CS,6,1921,15.0,D:\00-FLagship Project\SFU-IMU Dataset\IMU Dataset\sub10\Near_Falls\VXM_CS_trial6.xlsx,sub10,sub1,Near_Fall,Near_Fall,0.3915499,0.50432146,0.10412861
sub10,Near_Fall,1,HB,1,1921,15.0,D:\00-FLagship Project\SFU-IMU Dataset\IMU Dataset\sub10\Near_Falls\VXM_HB_trial1.xlsx,sub10,sub1,Near_Fall,ADL,0.66754043,0.26765668,0.0648029
sub10,Near_Fall,1,HB,4,1921,15.0,D:\00-FLagship Project\SFU-IMU Dataset\IMU Dataset\sub10\Near_Falls\VXM_HB_trial4.xlsx,sub10,sub1,Near_Fall,ADL,0.6569868,0.2743828,0.06863046
sub10,Near_Fall,1,HB,6,1921,15.0,D:\00-FLagship Project\SFU-IMU Dataset\IMU Dataset\sub10\Near_Falls\VXM_HB_trial6.xlsx,sub10,sub1,Near_Fall,ADL,0.6594875,0.27567294,0.06483966
sub10,Near_Fall,1,ITRS,3,1921,15.0,D:\00-FLagship Project\SFU-IMU Dataset\IMU Dataset\sub10\Near_Falls\VXM_ITRS_trial3.xlsx,sub10,sub1,Near_Fall,ADL,0.5915974,0.33528692,0.07311563
sub10,Near_Fall,1,ITRS,5,1921,15.0,D:\00-FLagship Project\SFU-IMU Dataset\IMU Dataset\sub10\Near_Falls\VXM_ITRS_trial5.xlsx,sub10,sub1,Near_Fall,ADL,0.6558584,0.2778257,0.066315904
sub10,Near_Fall,1,ITRS,6,1921,15.0,D:\00-FLagship Project\SFU-IMU Dataset\IMU Dataset\sub10\Near_Falls\VXM_ITRS_trial6.xlsx,sub10,sub1,Near_Fall,ADL,0.601773,0.3270107,0.07121627
sub10,Near_Fall,1,slip,3,1921,15.0,D:\00-FLagship Project\SFU-IMU Dataset\IMU Dataset\sub10\Near_Falls\VXM_slip_trial3.xlsx,sub10,sub1,Near_Fall,Near_Fall,0.31854418,0.5694497,0.11200617
sub10,Near_Fall,1,slip,4,1921,15.0,D:\00-FLagship Project\SFU-IMU Dataset\IMU Dataset\sub10\Near_Falls\VXM_slip_trial4.xlsx,sub10,sub1,Near_Fall,Near_Fall,0.27647102,0.5895407,0.13398829
sub10,Near_Fall,1,slip,6,1921,15.0,D:\00-FLagship Project\SFU-IMU Dataset\IMU Dataset\sub10\Near_Falls\VXM_slip_trial6.xlsx,sub10,sub1,Near_Fall,Near_Fall,0.32472026,0.55329657,0.12198317
sub10,Near_Fall,1,trip,2,1921,15.0,D:\00-FLagship Project\SFU-IMU Dataset\IMU Dataset\sub10\Near_Falls\VXM_trip_trial2.xlsx,sub10,sub1,Near_Fall,ADL,0.56067735,0.36277333,0.0765494
sub10,Near_Fall,1,trip,3,1921,15.0,D:\00-FLagship Project\SFU-IMU Dataset\IMU Dataset\sub10\Near_Falls\VXM_trip_trial3.xlsx,sub10,sub1,Near_Fall,ADL,0.6524179,0.28084397,0.06673808
sub10,Near_Fall,1,trip,6,1921,15.0,D:\00-FLagship Project\SFU-IMU Dataset\IMU Dataset\sub10\Near_Falls\VXM_trip_trial6.xlsx,sub10,sub1,Near_Fall,ADL,0.5521157,0.37050095,0.07738338
