subject,label,label_id,scenario,repetition,original_samples,duration_seconds,path,fold_test_subject,validation_subject,true_label,predicted_label,probability_ADL,probability_Near_Fall,probability_Fall
sub1,ADL,0,AS,1,1921,15.0,D:\00-FLagship Project\SFU-IMU Dataset\IMU Dataset\sub1\ADLs\AXR_AS_trial1.xlsx,sub1,sub2,ADL,ADL,0.99781215,0.0021878567,2.9315972e-08
sub1,ADL,0,AS,2,2561,20.0,D:\00-FLagship Project\SFU-IMU Dataset\IMU Dataset\sub1\ADLs\AXR_AS_trial2.xlsx,sub1,sub2,ADL,ADL,0.99994016,5.987154e-05,5.904996e-10
sub1,ADL,0,AS,3,2561,20.0,D:\00-FLagship Project\SFU-IMU Dataset\IMU Dataset\sub1\ADLs\AXR_AS_trial3.xlsx,sub1,sub2,ADL,ADL,0.9999721,2.7896262e-05,1.437343e-10
sub1,ADL,0,DS,1,2561,20.0,D:\00-FLagship Project\SFU-IMU Dataset\IMU Dataset\sub1\ADLs\AXR_DS_trial1.xlsx,sub1,sub2,ADL,ADL,0.98860395,0.0113961,1.8641483e-08
sub1,ADL,0,DS,2,2562,20.00781,D:\00-FLagship Project\SFU-IMU Dataset\IMU Dataset\sub1\ADLs\AXR_DS_trial2.xlsx,sub1,sub2,ADL,ADL,0.9999049,9.5110234e-05,9.194166e-11
sub1,ADL,0,DS,3,2561,20.0,D:\00-FLagship Project\SFU-IMU Dataset\IMU Dataset\sub1\ADLs\AXR_DS_trial3.xlsx,sub1,sub2,ADL,ADL,0.9996828,0.00031721563,2.0443235e-10
sub1,ADL,0,DSL,1,1921,15.0,D:\00-FLagship Project\SFU-IMU Dataset\IMU Dataset\sub1\ADLs\JXL_DSL_trial1.xlsx,sub1,sub2,ADL,ADL,0.9932928,5.072296e-08,0.0067072073
sub1,ADL,0,DSL,2,1921,15.0,D:\00-FLagship Project\SFU-IMU Dataset\IMU Dataset\sub1\ADLs\JXL_DSL_trial2.xlsx,sub1,sub2,ADL,ADL,0.99999845,5.1219435e-11,1.5813814e-06
sub1,ADL,0,DSL,3,1921,15.0,D:\00-FLagship Project\SFU-IMU Dataset\IMU Dataset\sub1\ADLs\JXL_DSL_trial3.xlsx,sub1,sub2,ADL,ADL,0.99999976,3.1726742e-08,2.4580055e-07
sub1,ADL,0,DSS,1,1921,15.0,D:\00-FLagship Project\SFU-IMU Dataset\IMU Dataset\sub1\ADLs\JXL_DSS_trial1.xlsx,sub1,sub2,ADL,ADL,0.9459293,0.054058082,1.2670594e-05
sub1,ADL,0,DSS,2,1921,15.0,D:\00-FLagship Project\SFU-IMU Dataset\IMU Dataset\sub1\ADLs\JXL_DSS_trial2.xlsx,sub1,sub2,ADL,ADL,0.92167556,0.078313984,1.03992625e-05
sub1,ADL,0,DSS,3,1921,15.0,D:\00-FLagship Project\SFU-IMU Dataset\IMU Dataset\sub1\ADLs\JXL_DSS_trial3.xlsx,sub1,sub2,ADL,ADL,0.9823965,0.017602028,1.5259668e-06
sub1,ADL,0,NW,1,1921,15.0,D:\00-FLagship Project\SFU-IMU Dataset\IMU Dataset\sub1\ADLs\JXL_NW_trial1.xlsx,sub1,sub2,ADL,ADL,0.9984682,0.0015314707,1.8241032e-07
sub1,ADL,0,NW,2,1921,15.0,D:\00-FLagship Project\SFU-IMU Dataset\IMU Dataset\sub1\ADLs\JXL_NW_trial2.xlsx,sub1,sub2,ADL,ADL,0.99936575,0.00063425396,5.576204e-08
sub1,ADL,0,NW,3,1921,15.0,D:\00-FLagship Project\SFU-IMU Dataset\IMU Dataset\sub1\ADLs\JXL_NW_trial3.xlsx,sub1,sub2,ADL,ADL,0.9972916,0.0027078008,6.240445e-07
sub1,ADL,0,POG,1,1921,15.0,D:\00-FLagship Project\SFU-IMU Dataset\IMU Dataset\sub1\ADLs\JXL_POG_trial1.xlsx,sub1,sub2,ADL,ADL,0.99926656,0.0007334551,5.0316586e-08
sub1,ADL,0,POG,2,1921,15.0,D:\00-FLagship Project\SFU-IMU Dataset\IMU Dataset\sub1\ADLs\JXL_POG_trial2.xlsx,sub1,sub2,ADL,ADL,0.9996414,0.0003585549,2.0675847e-08
sub1,ADL,0,POG,3,1921,15.0,D:\00-FLagship Project\SFU-IMU Dataset\IMU Dataset\sub1\ADLs\JXL_POG_trial3.xlsx,sub1,sub2,ADL,ADL,0.99938416,0.000615794,3.5498406e-08
sub1,ADL,0,RSS,1,1921,15.0,D:\00-FLagship Project\SFU-IMU Dataset\IMU Dataset\sub1\ADLs\JXL_RSS_trial1.xlsx,sub1,sub2,ADL,ADL,0.96624047,0.033735782,2.374649e-05
sub1,ADL,0,RSS,2,1921,15.0,D:\00-FLagship Project\SFU-IMU Dataset\IMU Dataset\sub1\ADLs\JXL_RSS_trial2.xlsx,sub1,sub2,ADL,Near_Fall,0.2799937,0.7185071,0.0014991662
sub1,ADL,0,RSS,3,1921,15.0,D:\00-FLagship Project\SFU-IMU Dataset\IMU Dataset\sub1\ADLs\JXL_RSS_trial3.xlsx,sub1,sub2,ADL,ADL,0.88581187,0.114140145,4.8096994e-05
sub1,ADL,0,SQ,1,1921,15.0,D:\00-FLagship Project\SFU-IMU Dataset\IMU Dataset\sub1\ADLs\JXL_SQ_trial1.xlsx,sub1,sub2,ADL,ADL,0.9972748,0.0027225935,2.6622438e-06
sub1,ADL,0,SQ,2,1921,15.0,D:\00-FLagship Project\SFU-IMU Dataset\IMU Dataset\sub1\ADLs\JXL_SQ_trial2.xlsx,sub1,sub2,ADL,ADL,0.99725765,0.0027393503,2.9997964e-06
sub1,ADL,0,SQ,3,1921,15.0,D:\00-FLagship Project\SFU-IMU Dataset\IMU Dataset\sub1\ADLs\JXL_SQ_trial3.xlsx,sub1,sub2,ADL,ADL,0.9965276,0.0034698884,2.5494007e-06
sub1,Fall,2,ITCS,1,1921,15.0,D:\00-FLagship Project\SFU-IMU Dataset\IMU Dataset\sub1\Falls\AXR_ITCS_trial1.xlsx,sub1,sub2,Fall,Fall,2.114664e-06,0.0020446586,0.9979532
sub1,Fall,2,ITCS,3,1921,15.0,D:\00-FLagship Project\SFU-IMU Dataset\IMU Dataset\sub1\Falls\AXR_ITCS_trial3.xlsx,sub1,sub2,Fall,Fall,0.00029667086,0.04080291,0.95890045
sub1,Fall,2,ITCS,4,1921,15.0,D:\00-FLagship Project\SFU-IMU Dataset\IMU Dataset\sub1\Falls\AXR_ITCS_trial4.xlsx,sub1,sub2,Fall,Fall,1.0061965e-12,1.7417061e-07,0.9999999
sub1,Fall,2,slip,1,1921,15.0,D:\00-FLagship Project\SFU-IMU Dataset\IMU Dataset\sub1\Falls\AXR_slip_trial1.xlsx,sub1,sub2,Fall,Fall,1.0141021e-15,0.00023276561,0.99976724
sub1,Fall,2,slip,2,1921,15.0,D:\00-FLagship Project\SFU-IMU Dataset\IMU Dataset\sub1\Falls\AXR_slip_trial2.xlsx,sub1,sub2,Fall,Fall,1.8894077e-10,1.4715953e-07,0.9999999
sub1,Fall,2,slip,6,1922,15.00781,D:\00-FLagship Project\SFU-IMU Dataset\IMU Dataset\sub1\Falls\AXR_slip_trial6.xlsx,sub1,sub2,Fall,Fall,2.8203195e-11,1.9969025e-11,1.0
sub1,Fall,2,HB,2,1921,15.0,D:\00-FLagship Project\SFU-IMU Dataset\IMU Dataset\sub1\Falls\JXL_HB_trial2.xlsx,sub1,sub2,Fall,Fall,1.1442571e-06,4.5042509e-10,0.9999988
sub1,Fall,2,HB,3,1921,15.0,D:\00-FLagship Project\SFU-IMU Dataset\IMU Dataset\sub1\Falls\JXL_HB_trial3.xlsx,sub1,sub2,Fall,Fall,0.00011613364,1.0200694e-06,0.9998828
sub1,Fall,2,HB,4,1921,15.0,D:\00-FLagship Project\SFU-IMU Dataset\IMU Dataset\sub1\Falls\JXL_HB_trial4.xlsx,sub1,sub2,Fall,Fall,1.8835342e-08,2.67232e-10,1.0
sub1,Fall,2,ITDS,1,1921,15.0,D:\00-FLagship Project\SFU-IMU Dataset\IMU Dataset\sub1\Falls\JXL_ITDS_trial1.xlsx,sub1,sub2,Fall,Fall,4.2424324e-07,6.4896394e-10,0.9999995
sub1,Fall,2,ITDS,2,1921,15.0,D:\00-FLagship Project\SFU-IMU Dataset\IMU Dataset\sub1\Falls\JXL_ITDS_trial2.xlsx,sub1,sub2,Fall,Fall,6.494751e-07,8.709214e-09,0.9999994
sub1,Fall,2,ITDS,3,1921,15.0,D:\00-FLagship Project\SFU-IMU Dataset\IMU Dataset\sub1\Falls\JXL_ITDS_trial3.xlsx,sub1,sub2,Fall,Fall,2.201352e-09,1.4508947e-06,0.99999857
sub1,Fall,2,ITRS,1,1921,15.0,D:\00-FLagship Project\SFU-IMU Dataset\IMU Dataset\sub1\Falls\JXL_ITRS_trial1.xlsx,sub1,sub2,Fall,Fall,5.917977e-14,1.4773585e-10,1.0
sub1,Fall,2,ITRS,2,1922,15.00781,D:\00-FLagship Project\SFU-IMU Dataset\IMU Dataset\sub1\Falls\JXL_ITRS_trial2.xlsx,sub1,sub2,Fall,Fall,8.905511e-08,3.575824e-06,0.9999963
sub1,Fall,2,ITRS,4,1921,15.0,D:\00-FLagship Project\SFU-IMU Dataset\IMU Dataset\sub1\Falls\JXL_ITRS_trial4.xlsx,sub1,sub2,Fall,Fall,3.9962327e-09,2.2490906e-07,0.99999976
sub1,Fall,2,LCC,1,1921,15.0,D:\00-FLagship Project\SFU-IMU Dataset\IMU Dataset\sub1\Falls\JXL_LCC_trial1.xlsx,sub1,sub2,Fall,Fall,3.3239678e-10,7.192967e-09,1.0
sub1,Fall,2,LCC,2,1921,15.0,D:\00-FLagship Project\SFU-IMU Dataset\IMU Dataset\sub1\Falls\JXL_LCC_trial2.xlsx,sub1,sub2,Fall,Fall,1.1019598e-05,1.6663771e-05,0.99997234
sub1,Fall,2,LCC,3,1921,15.0,D:\00-FLagship Project\SFU-IMU Dataset\IMU Dataset\sub1\Falls\JXL_LCC_trial3.xlsx,sub1,sub2,Fall,Fall,1.0828979e-06,0.0058358675,0.9941631
sub1,Fall,2,trip,1,1921,15.0,D:\00-FLagship Project\SFU-IMU Dataset\IMU Dataset\sub1\Falls\JXL_trip_trial1.xlsx,sub1,sub2,Fall,Fall,0.010238451,2.0601882e-09,0.98976153
sub1,Fall,2,trip,2,1921,15.0,D:\00-FLagship Project\SFU-IMU Dataset\IMU Dataset\sub1\Falls\JXL_trip_trial2.xlsx,sub1,sub2,Fall,Fall,3.9461476e-05,1.187364e-09,0.99996054
sub1,Fall,2,trip,4,1921,15.0,D:\00-FLagship Project\SFU-IMU Dataset\IMU Dataset\sub1\Falls\JXL_trip_trial4.xlsx,sub1,sub2,Fall,Fall,1.9194462e-12,5.3741314e-06,0.99999464
sub1,Near_Fall,1,ITCS,2,1921,15.0,D:\00-FLagship Project\SFU-IMU Dataset\IMU Dataset\sub1\Near_Falls\AXR_ITCS_trial2.xlsx,sub1,sub2,Near_Fall,Near_Fall,0.034327284,0.9654596,0.00021316846
sub1,Near_Fall,1,ITCS,5,1921,15.0,D:\00-FLagship Project\SFU-IMU Dataset\IMU Dataset\sub1\Near_Falls\AXR_ITCS_trial5.xlsx,sub1,sub2,Near_Fall,ADL,0.9963102,0.00368971,1.6256003e-07
sub1,Near_Fall,1,ITCS,6,1921,15.0,D:\00-FLagship Project\SFU-IMU Dataset\IMU Dataset\sub1\Near_Falls\AXR_ITCS_trial6.xlsx,sub1,sub2,Near_Fall,ADL,0.96970147,0.030297795,7.931078e-07
sub1,Near_Fall,1,slip,3,1921,15.0,D:\00-FLagship Project\SFU-IMU Dataset\IMU Dataset\sub1\Near_Falls\AXR_slip_trial3.xlsx,sub1,sub2,Near_Fall,Near_Fall,0.00023157413,0.9992304,0.000538023
sub1,Near_Fall,1,slip,4,1921,15.0,D:\00-FLagship Project\SFU-IMU Dataset\IMU Dataset\sub1\Near_Falls\AXR_slip_trial4.xlsx,sub1,sub2,Near_Fall,Near_Fall,0.00015447105,0.9996427,0.00020280413
sub1,Near_Fall,1,slip,5,1921,15.0,D:\00-FLagship Project\SFU-IMU Dataset\IMU Dataset\sub1\Near_Falls\AXR_slip_trial5.xlsx,sub1,sub2,Near_Fall,Near_Fall,0.47709513,0.52287245,3.2388078e-05
sub1,Near_Fall,1,HB,1,1921,15.0,D:\00-FLagship Project\SFU-IMU Dataset\IMU Dataset\sub1\Near_Falls\JXL_HB_trial1.xlsx,sub1,sub2,Near_Fall,ADL,0.97377825,0.026220296,1.401135e-06
sub1,Near_Fall,1,HB,5,1921,15.0,D:\00-FLagship Project\SFU-IMU Dataset\IMU Dataset\sub1\Near_Falls\JXL_HB_trial5.xlsx,sub1,sub2,Near_Fall,Near_Fall,1.0612963e-05,0.999173,0.0008163582
sub1,Near_Fall,1,HB,6,1921,15.0,D:\00-FLagship Project\SFU-IMU Dataset\IMU Dataset\sub1\Near_Falls\JXL_HB_trial6.xlsx,sub1,sub2,Near_Fall,Near_Fall,0.17883945,0.82107997,8.060823e-05
sub1,Near_Fall,1,ITRS,3,1921,15.0,D:\00-FLagship Project\SFU-IMU Dataset\IMU Dataset\sub1\Near_Falls\JXL_ITRS_trial3.xlsx,sub1,sub2,Near_Fall,ADL,0.9299876,0.07001049,1.8564917e-06
sub1,Near_Fall,1,ITRS,5,1921,15.0,D:\00-FLagship Project\SFU-IMU Dataset\IMU Dataset\sub1\Near_Falls\JXL_ITRS_trial5.xlsx,sub1,sub2,Near_Fall,Near_Fall,0.30238545,0.6975926,2.1903923e-05
sub1,Near_Fall,1,ITRS,6,1921,15.0,D:\00-FLagship Project\SFU-IMU Dataset\IMU Dataset\sub1\Near_Falls\JXL_ITRS_trial6.xlsx,sub1,sub2,Near_Fall,Near_Fall,0.13966091,0.86031324,2.5910336e-05
sub1,Near_Fall,1,trip,3,1921,15.0,D:\00-FLagship Project\SFU-IMU Dataset\IMU Dataset\sub1\Near_Falls\JXL_trip_trial3.xlsx,sub1,sub2,Near_Fall,Near_Fall,0.0012538278,0.99827874,0.00046740012
sub1,Near_Fall,1,trip,5,1921,15.0,D:\00-FLagship Project\SFU-IMU Dataset\IMU Dataset\sub1\Near_Falls\JXL_trip_trial5.xlsx,sub1,sub2,Near_Fall,ADL,0.9986669,0.0013331003,5.785023e-09
sub1,Near_Fall,1,trip,6,1921,15.0,D:\00-FLagship Project\SFU-IMU Dataset\IMU Dataset\sub1\Near_Falls\JXL_trip_trial6.xlsx,sub1,sub2,Near_Fall,ADL,0.99969244,0.00030755744,9.3035535e-10
sub2,ADL,0,AS,1,2561,20.0,D:\00-FLagship Project\SFU-IMU Dataset\IMU Dataset\sub2\ADLs\TXI_AS_trial1.xlsx,sub2,sub3,ADL,ADL,0.99624217,0.0037527697,5.113849e-06
sub2,ADL,0,AS,2,2561,20.0,D:\00-FLagship Project\SFU-IMU Dataset\IMU Dataset\sub2\ADLs\TXI_AS_trial2.xlsx,sub2,sub3,ADL,ADL,0.99288565,0.007104561,9.79386e-06
sub2,ADL,0,AS,3,2561,20.0,D:\00-FLagship Project\SFU-IMU Dataset\IMU Dataset\sub2\ADLs\TXI_AS_trial3.xlsx,sub2,sub3,ADL,ADL,0.9841224,0.015855256,2.2365159e-05
sub2,ADL,0,DS,1,2561,20.0,D:\00-FLagship Project\SFU-IMU Dataset\IMU Dataset\sub2\ADLs\TXI_DS_trial1.xlsx,sub2,sub3,ADL,ADL,0.7246563,0.27512723,0.00021646249
sub2,ADL,0,DS,2,2561,20.0,D:\00-FLagship Project\SFU-IMU Dataset\IMU Dataset\sub2\ADLs\TXI_DS_trial2.xlsx,sub2,sub3,ADL,ADL,0.8862661,0.11365185,8.2056315e-05
sub2,ADL,0,DS,3,2561,20.0,D:\00-FLagship Project\SFU-IMU Dataset\IMU Dataset\sub2\ADLs\TXI_DS_trial3.xlsx,sub2,sub3,ADL,ADL,0.9474114,0.052552972,3.5604546e-05
sub2,ADL,0,DSL,1,1921,15.0,D:\00-FLagship Project\SFU-IMU Dataset\IMU Dataset\sub2\ADLs\TXI_DSL_trial1.xlsx,sub2,sub3,ADL,ADL,0.9348979,4.194529e-05,0.06506022
sub2,ADL,0,DSL,2,1922,15.00781,D:\00-FLagship Project\SFU-IMU Dataset\IMU Dataset\sub2\ADLs\TXI_DSL_trial2.xlsx,sub2,sub3,ADL,ADL,0.99061906,2.5588645e-06,0.0093783615
sub2,ADL,0,DSL,3,1921,15.0,D:\00-FLagship Project\SFU-IMU Dataset\IMU Dataset\sub2\ADLs\TXI_DSL_trial3.xlsx,sub2,sub3,ADL,ADL,0.7414496,5.4370263e-05,0.25849608
sub2,ADL,0,DSS,1,1921,15.0,D:\00-FLagship Project\SFU-IMU Dataset\IMU Dataset\sub2\ADLs\TXI_DSS_trial1.xlsx,sub2,sub3,ADL,Near_Fall,0.1422449,0.83728194,0.020473167
sub2,ADL,0,DSS,2,1921,15.0,D:\00-FLagship Project\SFU-IMU Dataset\IMU Dataset\sub2\ADLs\TXI_DSS_trial2.xlsx,sub2,sub3,ADL,Near_Fall,0.029033612,0.9603336,0.010632858
sub2,ADL,0,DSS,3,1921,15.0,D:\00-FLagship Project\SFU-IMU Dataset\IMU Dataset\sub2\ADLs\TXI_DSS_trial3.xlsx,sub2,sub3,ADL,Near_Fall,0.027317679,0.94614524,0.026537113
sub2,ADL,0,NW,1,1921,15.0,D:\00-FLagship Project\SFU-IMU Dataset\IMU Dataset\sub2\ADLs\TXI_NW_trial1.xlsx,sub2,sub3,ADL,ADL,0.9988655,0.0011330232,1.5596468e-06
sub2,ADL,0,NW,2,1921,15.0,D:\00-FLagship Project\SFU-IMU Dataset\IMU Dataset\sub2\ADLs\TXI_NW_trial2.xlsx,sub2,sub3,ADL,ADL,0.89228857,0.107648455,6.292629e-05
sub2,ADL,0,NW,3,1921,15.0,D:\00-FLagship Project\SFU-IMU Dataset\IMU Dataset\sub2\ADLs\TXI_NW_trial3.xlsx,sub2,sub3,ADL,ADL,0.9991128,0.00088623073,9.440771e-07
sub2,ADL,0,POG,1,1921,15.0,D:\00-FLagship Project\SFU-IMU Dataset\IMU Dataset\sub2\ADLs\TXI_POG_trial1.xlsx,sub2,sub3,ADL,ADL,0.7475409,0.2491588,0.0033003215
sub2,ADL,0,POG,2,1921,15.0,D:\00-FLagship Project\SFU-IMU Dataset\IMU Dataset\sub2\ADLs\TXI_POG_trial2.xlsx,sub2,sub3,ADL,Near_Fall,0.15192471,0.8211717,0.026903551
sub2,ADL,0,POG,3,1921,15.0,D:\00-FLagship Project\SFU-IMU Dataset\IMU Dataset\sub2\ADLs\TXI_POG_trial3.xlsx,sub2,sub3,ADL,ADL,0.67005634,0.32594138,0.0040022912
sub2,ADL,0,RSS,1,1921,15.0,D:\00-FLagship Project\SFU-IMU Dataset\IMU Dataset\sub2\ADLs\TXI_RSS_trial1.xlsx,sub2,sub3,ADL,Near_Fall,0.09615266,0.90311664,0.0007307086
sub2,ADL,0,RSS,2,1921,15.0,D:\00-FLagship Project\SFU-IMU Dataset\IMU Dataset\sub2\ADLs\TXI_RSS_trial2.xlsx,sub2,sub3,ADL,Near_Fall,0.031768776,0.96249294,0.0057382877
sub2,ADL,0,RSS,3,1921,15.0,D:\00-FLagship Project\SFU-IMU Dataset\IMU Dataset\sub2\ADLs\TXI_RSS_trial3.xlsx,sub2,sub3,ADL,Near_Fall,0.089945614,0.90627867,0.0037757447
sub2,ADL,0,SQ,1,1922,15.00781,D:\00-FLagship Project\SFU-IMU Dataset\IMU Dataset\sub2\ADLs\TXI_SQ_trial1.xlsx,sub2,sub3,ADL,ADL,0.9980065,0.0019878957,5.62093e-06
sub2,ADL,0,SQ,2,1921,15.0,D:\00-FLagship Project\SFU-IMU Dataset\IMU Dataset\sub2\ADLs\TXI_SQ_trial2.xlsx,sub2,sub3,ADL,ADL,0.99764484,0.0023478102,7.38791e-06
sub2,ADL,0,SQ,3,1921,15.0,D:\00-FLagship Project\SFU-IMU Dataset\IMU Dataset\sub2\ADLs\TXI_SQ_trial3.xlsx,sub2,sub3,ADL,ADL,0.9983089,0.0016866974,4.405093e-06
sub2,Fall,2,CS,1,1921,15.0,D:\00-FLagship Project\SFU-IMU Dataset\IMU Dataset\sub2\Falls\TXI_CS_trial1.xlsx,sub2,sub3,Fall,Fall,2.5462285e-07,1.523273e-05,0.9999845
sub2,Fall,2,CS,4,1921,15.0,D:\00-FLagship Project\SFU-IMU Dataset\IMU Dataset\sub2\Falls\TXI_CS_trial4.xlsx,sub2,sub3,Fall,Fall,1.1013584e-07,8.7452115e-08,0.99999976
sub2,Fall,2,CS,5,1921,15.0,D:\00-FLagship Project\SFU-IMU Dataset\IMU Dataset\sub2\Falls\TXI_CS_trial5.xlsx,sub2,sub3,Fall,Fall,9.634971e-09,1.857951e-08,1.0
sub2,Fall,2,HB,1,1921,15.0,D:\00-FLagship Project\SFU-IMU Dataset\IMU Dataset\sub2\Falls\TXI_HB_trial1.xlsx,sub2,sub3,Fall,Fall,1.2568045e-16,8.476004e-12,1.0
sub2,Fall,2,HB,2,1921,15.0,D:\00-FLagship Project\SFU-IMU Dataset\IMU Dataset\sub2\Falls\TXI_HB_trial2.xlsx,sub2,sub3,Fall,Fall,3.6365464e-08,4.977592e-11,1.0
sub2,Fall,2,HB,4,1921,15.0,D:\00-FLagship Project\SFU-IMU Dataset\IMU Dataset\sub2\Falls\TXI_HB_trial4.xlsx,sub2,sub3,Fall,Fall,1.4466103e-18,4.417946e-17,1.0
sub2,Fall,2,ITDS,1,1922,15.00781,D:\00-FLagship Project\SFU-IMU Dataset\IMU Dataset\sub2\Falls\TXI_ITDS_trial1.xlsx,sub2,sub3,Fall,Fall,2.2472848e-05,3.7130194e-09,0.99997747
sub2,Fall,2,ITDS,2,1921,15.0,D:\00-FLagship Project\SFU-IMU Dataset\IMU Dataset\sub2\Falls\TXI_ITDS_trial2.xlsx,sub2,sub3,Fall,Fall,0.016823776,1.1336317e-07,0.9831761
sub2,Fall,2,ITDS,3,1921,15.0,D:\00-FLagship Project\SFU-IMU Dataset\IMU Dataset\sub2\Falls\TXI_ITDS_trial3.xlsx,sub2,sub3,Fall,Fall,8.1116674e-08,7.325677e-09,0.9999999
sub2,Fall,2,ITRS,2,1921,15.0,D:\00-FLagship Project\SFU-IMU Dataset\IMU Dataset\sub2\Falls\TXI_ITRS_trial2.xlsx,sub2,sub3,Fall,Fall,4.355895e-13,1.2921232e-11,1.0
sub2,Fall,2,ITRS,3,1921,15.0,D:\00-FLagship Project\SFU-IMU Dataset\IMU Dataset\sub2\Falls\TXI_ITRS_trial3.xlsx,sub2,sub3,Fall,Fall,3.0173097e-13,2.0522868e-10,1.0
sub2,Fall,2,ITRS,5,1921,15.0,D:\00-FLagship Project\SFU-IMU Dataset\IMU Dataset\sub2\Falls\TXI_ITRS_trial5.xlsx,sub2,sub3,Fall,Fall,3.758272e-11,1.8636585e-07,0.99999976
sub2,Fall,2,LCC,1,1921,15.0,D:\00-FLagship Project\SFU-IMU Dataset\IMU Dataset\sub2\Falls\TXI_LCC_trial1.xlsx,sub2,sub3,Fall,Fall,8.547103e-10,3.0101972e-14,1.0
sub2,Fall,2,LCC,2,1921,15.0,D:\00-FLagship Project\SFU-IMU Dataset\IMU Dataset\sub2\Falls\TXI_LCC_trial2.xlsx,sub2,sub3,Fall,Fall,2.4092651e-08,1.4956394e-11,1.0
sub2,Fall,2,LCC,3,1921,15.0,D:\00-FLagship Project\SFU-IMU Dataset\IMU Dataset\sub2\Falls\TXI_LCC_trial3.xlsx,sub2,sub3,Fall,Fall,5.12161e-10,5.33992e-07,0.9999995
sub2,Fall,2,slip,1,1921,15.0,D:\00-FLagship Project\SFU-IMU Dataset\IMU Dataset\sub2\Falls\TXI_slip_trial1.xlsx,sub2,sub3,Fall,Fall,1.6820367e-09,4.873965e-08,1.0
sub2,Fall,2,slip,2,1921,15.0,D:\00-FLagship Project\SFU-IMU Dataset\IMU Dataset\sub2\Falls\TXI_slip_trial2.xlsx,sub2,sub3,Fall,Fall,1.3425898e-06,1.0831853e-05,0.99998784
sub2,Fall,2,slip,5,1921,15.0,D:\00-FLagship Project\SFU-IMU Dataset\IMU Dataset\sub2\Falls\TXI_slip_trial5.xlsx,sub2,sub3,Fall,Fall,1.6245293e-11,5.726514e-09,1.0
sub2,Fall,2,trip,2,1921,15.0,D:\00-FLagship Project\SFU-IMU Dataset\IMU Dataset\sub2\Falls\TXI_trip_trial2.xlsx,sub2,sub3,Fall,Fall,7.6216855e-09,2.6992941e-12,1.0
sub2,Fall,2,trip,4,1921,15.0,D:\00-FLagship Project\SFU-IMU Dataset\IMU Dataset\sub2\Falls\TXI_trip_trial4.xlsx,sub2,sub3,Fall,Fall,2.3401738e-12,1.9687602e-12,1.0
sub2,Fall,2,trip,5,1921,15.0,D:\00-FLagship Project\SFU-IMU Dataset\IMU Dataset\sub2\Falls\TXI_trip_trial5.xlsx,sub2,sub3,Fall,Fall,3.246556e-12,1.077899e-12,1.0
sub2,Near_Fall,1,CS,2,1921,15.0,D:\00-FLagship Project\SFU-IMU Dataset\IMU Dataset\sub2\Near_Falls\TXI_CS_trial2.xlsx,sub2,sub3,Near_Fall,Near_Fall,0.00010401707,0.99491006,0.004985904
sub2,Near_Fall,1,CS,3,1921,15.0,D:\00-FLagship Project\SFU-IMU Dataset\IMU Dataset\sub2\Near_Falls\TXI_CS_trial3.xlsx,sub2,sub3,Near_Fall,Near_Fall,0.02417385,0.97525966,0.0005664826
sub2,Near_Fall,1,CS,6,1921,15.0,D:\00-FLagship Project\SFU-IMU Dataset\IMU Dataset\sub2\Near_Falls\TXI_CS_trial6.xlsx,sub2,sub3,Near_Fall,Fall,9.2134467e-10,0.09982069,0.9001793
sub2,Near_Fall,1,HB,3,1921,15.0,D:\00-FLagship Project\SFU-IMU Dataset\IMU Dataset\sub2\Near_Falls\TXI_HB_trial3.xlsx,sub2,sub3,Near_Fall,Near_Fall,2.1130054e-06,0.8816579,0.118340015
sub2,Near_Fall,1,HB,5,1922,15.00781,D:\00-FLagship Project\SFU-IMU Dataset\IMU Dataset\sub2\Near_Falls\TXI_HB_trial5.xlsx,sub2,sub3,Near_Fall,Near_Fall,6.2532145e-06,0.9210906,0.078903146
sub2,Near_Fall,1,HB,6,1921,15.0,D:\00-FLagship Project\SFU-IMU Dataset\IMU Dataset\sub2\Near_Falls\TXI_HB_trial6.xlsx,sub2,sub3,Near_Fall,Near_Fall,4.381448e-05,0.992857,0.007099155
sub2,Near_Fall,1,ITRS,1,1921,15.0,D:\00-FLagship Project\SFU-IMU Dataset\IMU Dataset\sub2\Near_Falls\TXI_ITRS_trial1.xlsx,sub2,sub3,Near_Fall,Near_Fall,4.149286e-05,0.81349885,0.18645963
sub2,Near_Fall,1,ITRS,4,1921,15.0,D:\00-FLagship Project\SFU-IMU Dataset\IMU Dataset\sub2\Near_Falls\TXI_ITRS_trial4.xlsx,sub2,sub3,Near_Fall,Near_Fall,8.207588e-05,0.9982591,0.0016588581
sub2,Near_Fall,1,ITRS,6,1921,15.0,D:\00-FLagship Project\SFU-IMU Dataset\IMU Dataset\sub2\Near_Falls\TXI_ITRS_trial6.xlsx,sub2,sub3,Near_Fall,Near_Fall,0.00042846057,0.9977144,0.0018571321
sub2,Near_Fall,1,slip,3,1921,15.0,D:\00-FLagship Project\SFU-IMU Dataset\IMU Dataset\sub2\Near_Falls\TXI_slip_trial3.xlsx,sub2,sub3,Near_Fall,Fall,1.681864e-12,0.021861885,0.9781381
sub2,Near_Fall,1,slip,4,1921,15.0,D:\00-FLagship Project\SFU-IMU Dataset\IMU Dataset\sub2\Near_Falls\TXI_slip_trial4.xlsx,sub2,sub3,Near_Fall,Fall,5.2371154e-12,0.015383583,0.9846164
sub2,Near_Fall,1,slip,7,1921,15.0,D:\00-FLagship Project\SFU-IMU Dataset\IMU Dataset\sub2\Near_Falls\TXI_slip_trial7.xlsx,sub2,sub3,Near_Fall,Fall,7.8416935e-14,0.036399588,0.9636004
sub2,Near_Fall,1,trip,1,1921,15.0,D:\00-FLagship Project\SFU-IMU Dataset\IMU Dataset\sub2\Near_Falls\TXI_trip_trial1.xlsx,sub2,sub3,Near_Fall,Near_Fall,6.070885e-07,0.8381051,0.16189432
sub2,Near_Fall,1,trip,3,1921,15.0,D:\00-FLagship Project\SFU-IMU Dataset\IMU Dataset\sub2\Near_Falls\TXI_trip_trial3.xlsx,sub2,sub3,Near_Fall,Near_Fall,1.7693448e-07,0.65921277,0.340787
sub2,Near_Fall,1,trip,6,1921,15.0,D:\00-FLagship Project\SFU-IMU Dataset\IMU Dataset\sub2\Near_Falls\TXI_trip_trial6.xlsx,sub2,sub3,Near_Fall,Fall,2.2824811e-10,0.027225416,0.9727746
sub3,ADL,0,AS,1,2561,20.0,D:\00-FLagship Project\SFU-IMU Dataset\IMU Dataset\sub3\ADLs\CXR_AS_trial1.xlsx,sub3,sub4,ADL,ADL,0.99989986,0.00010007077,1.04438694e-10
sub3,ADL,0,AS,2,2561,20.0,D:\00-FLagship Project\SFU-IMU Dataset\IMU Dataset\sub3\ADLs\CXR_AS_trial2.xlsx,sub3,sub4,ADL,ADL,0.99906856,0.0009314545,2.9732242e-10
sub3,ADL,0,AS,3,2562,20.00781,D:\00-FLagship Project\SFU-IMU Dataset\IMU Dataset\sub3\ADLs\CXR_AS_trial3.xlsx,sub3,sub4,ADL,ADL,0.9999844,1.5607158e-05,6.846949e-11
sub3,ADL,0,DS,1,2561,20.0,D:\00-FLagship Project\SFU-IMU Dataset\IMU Dataset\sub3\ADLs\CXR_DS_trial1.xlsx,sub3,sub4,ADL,ADL,0.999997,2.9337525e-06,3.4876763e-12
sub3,ADL,0,DS,2,2561,20.0,D:\00-FLagship Project\SFU-IMU Dataset\IMU Dataset\sub3\ADLs\CXR_DS_trial2.xlsx,sub3,sub4,ADL,ADL,0.9999864,1.3559503e-05,1.0287034e-11
sub3,ADL,0,DS,3,2561,20.0,D:\00-FLagship Project\SFU-IMU Dataset\IMU Dataset\sub3\ADLs\CXR_DS_trial3.xlsx,sub3,sub4,ADL,ADL,0.9999993,6.996896e-07,6.890922e-13
sub3,ADL,0,DSL,1,1921,15.0,D:\00-FLagship Project\SFU-IMU Dataset\IMU Dataset\sub3\ADLs\CXR_DSL_trial1.xlsx,sub3,sub4,ADL,ADL,0.9999931,1.3470165e-12,6.9046246e-06
sub3,ADL,0,DSL,2,1921,15.0,D:\00-FLagship Project\SFU-IMU Dataset\IMU Dataset\sub3\ADLs\CXR_DSL_trial2.xlsx,sub3,sub4,ADL,ADL,0.82594013,0.00052383775,0.17353606
sub3,ADL,0,DSL,3,1921,15.0,D:\00-FLagship Project\SFU-IMU Dataset\IMU Dataset\sub3\ADLs\CXR_DSL_trial3.xlsx,sub3,sub4,ADL,ADL,0.9999546,3.4959502e-10,4.5457182e-05
sub3,ADL,0,DSS,1,1921,15.0,D:\00-FLagship Project\SFU-IMU Dataset\IMU Dataset\sub3\ADLs\CXR_DSS_trial1.xlsx,sub3,sub4,ADL,ADL,0.99990976,9.0291425e-05,7.147773e-10
sub3,ADL,0,DSS,2,1921,15.0,D:\00-FLagship Project\SFU-IMU Dataset\IMU Dataset\sub3\ADLs\CXR_DSS_trial2.xlsx,sub3,sub4,ADL,ADL,0.99986005,0.00013990622,7.775513e-10
sub3,ADL,0,DSS,3,1921,15.0,D:\00-FLagship Project\SFU-IMU Dataset\IMU Dataset\sub3\ADLs\CXR_DSS_trial3.xlsx,sub3,sub4,ADL,ADL,0.99705374,0.0029462804,2.440917e-08
sub3,ADL,0,NW,1,1921,15.0,D:\00-FLagship Project\SFU-IMU Dataset\IMU Dataset\sub3\ADLs\CXR_NW_trial1.xlsx,sub3,sub4,ADL,ADL,0.99995995,4.0025203e-05,1.7860838e-10
sub3,ADL,0,NW,2,1921,15.0,D:\00-FLagship Project\SFU-IMU Dataset\IMU Dataset\sub3\ADLs\CXR_NW_trial2.xlsx,sub3,sub4,ADL,ADL,0.9965695,0.0034304284,1.7070766e-09
sub3,ADL,0,NW,3,1921,15.0,D:\00-FLagship Project\SFU-IMU Dataset\IMU Dataset\sub3\ADLs\CXR_NW_trial3.xlsx,sub3,sub4,ADL,ADL,0.9999962,3.873392e-06,8.888408e-11
sub3,ADL,0,POG,1,1921,15.0,D:\00-FLagship Project\SFU-IMU Dataset\IMU Dataset\sub3\ADLs\CXR_POG_trial1.xlsx,sub3,sub4,ADL,ADL,0.9999938,6.2008908e-06,2.223867e-11
sub3,ADL,0,POG,2,1921,15.0,D:\00-FLagship Project\SFU-IMU Dataset\IMU Dataset\sub3\ADLs\CXR_POG_trial2.xlsx,sub3,sub4,ADL,ADL,0.9999938,6.209199e-06,5.204186e-11
sub3,ADL,0,POG,3,1921,15.0,D:\00-FLagship Project\SFU-IMU Dataset\IMU Dataset\sub3\ADLs\CXR_POG_trial3.xlsx,sub3,sub4,ADL,ADL,0.99995255,4.7430403e-05,1.3232915e-09
sub3,ADL,0,RSS,1,1921,15.0,D:\00-FLagship Project\SFU-IMU Dataset\IMU Dataset\sub3\ADLs\CXR_RSS_trial1.xlsx,sub3,sub4,ADL,ADL,0.99999845,1.5374678e-06,8.136187e-11
sub3,ADL,0,RSS,2,1921,15.0,D:\00-FLagship Project\SFU-IMU Dataset\IMU Dataset\sub3\ADLs\CXR_RSS_trial2.xlsx,sub3,sub4,ADL,ADL,0.99999857,1.4408536e-06,1.2829399e-10
sub3,ADL,0,RSS,3,1921,15.0,D:\00-FLagship Project\SFU-IMU Dataset\IMU Dataset\sub3\ADLs\CXR_RSS_trial3.xlsx,sub3,sub4,ADL,ADL,0.9999968,3.2052392e-06,4.579783e-10
sub3,ADL,0,SQ,1,1921,15.0,D:\00-FLagship Project\SFU-IMU Dataset\IMU Dataset\sub3\ADLs\CXR_SQ_trial1.xlsx,sub3,sub4,ADL,ADL,0.99999964,4.066483e-07,1.4327178e-11
sub3,ADL,0,SQ,2,1921,15.0,D:\00-FLagship Project\SFU-IMU Dataset\IMU Dataset\sub3\ADLs\CXR_SQ_trial2.xlsx,sub3,sub4,ADL,ADL,0.99999833,1.6854277e-06,6.696274e-10
sub3,ADL,0,SQ,3,1921,15.0,D:\00-FLagship Project\SFU-IMU Dataset\IMU Dataset\sub3\ADLs\CXR_SQ_trial3.xlsx,sub3,sub4,ADL,ADL,0.9999982,1.7532896e-06,6.6007355e-10
sub3,Fall,2,CS,1,1921,15.0,D:\00-FLagship Project\SFU-IMU Dataset\IMU Dataset\sub3\Falls\CXR_CS_trial1.xlsx,sub3,sub4,Fall,Fall,1.9152585e-05,0.06459563,0.93538517
sub3,Fall,2,CS,2,1921,15.0,D:\00-FLagship Project\SFU-IMU Dataset\IMU Dataset\sub3\Falls\CXR_CS_trial2.xlsx,sub3,sub4,Fall,Fall,0.0028917098,1.5987861e-07,0.99710816
sub3,Fall,2,CS,4,1921,15.0,D:\00-FLagship Project\SFU-IMU Dataset\IMU Dataset\sub3\Falls\CXR_CS_trial4.xlsx,sub3,sub4,Fall,Fall,1.7230126e-09,2.0309079e-11,1.0
sub3,Fall,2,HB,2,1921,15.0,D:\00-FLagship Project\SFU-IMU Dataset\IMU Dataset\sub3\Falls\CXR_HB_trial2.xlsx,sub3,sub4,Fall,Fall,0.011397266,2.024129e-08,0.98860276
sub3,Fall,2,HB,3,1921,15.0,D:\00-FLagship Project\SFU-IMU Dataset\IMU Dataset\sub3\Falls\CXR_HB_trial3.xlsx,sub3,sub4,Fall,Fall,0.010775684,2.968107e-07,0.9892239
sub3,Fall,2,HB,4,1921,15.0,D:\00-FLagship Project\SFU-IMU Dataset\IMU Dataset\sub3\Falls\CXR_HB_trial4.xlsx,sub3,sub4,Fall,Fall,0.00012635186,4.2104292e-11,0.99987364
sub3,Fall,2,ITDS,1,1921,15.0,D:\00-FLagship Project\SFU-IMU Dataset\IMU Dataset\sub3\Falls\CXR_ITDS_trial1.xlsx,sub3,sub4,Fall,Fall,0.053493194,4.4984022e-10,0.94650686
sub3,Fall,2,ITDS,2,1921,15.0,D:\00-FLagship Project\SFU-IMU Dataset\IMU Dataset\sub3\Falls\CXR_ITDS_trial2.xlsx,sub3,sub4,Fall,Fall,0.15514316,3.0761696e-10,0.84485686
sub3,Fall,2,ITDS,3,1922,15.00781,D:\00-FLagship Project\SFU-IMU Dataset\IMU Dataset\sub3\Falls\CXR_ITDS_trial3.xlsx,sub3,sub4,Fall,Fall,0.4026548,3.5583643e-08,0.5973453
sub3,Fall,2,ITRS,1,1921,15.0,D:\00-FLagship Project\SFU-IMU Dataset\IMU Dataset\sub3\Falls\CXR_ITRS_trial1.xlsx,sub3,sub4,Fall,Fall,0.09683253,1.4277439e-08,0.9031675
sub3,Fall,2,ITRS,3,1921,15.0,D:\00-FLagship Project\SFU-IMU Dataset\IMU Dataset\sub3\Falls\CXR_ITRS_trial3.xlsx,sub3,sub4,Fall,Fall,0.011487354,9.5239575e-06,0.98850304
sub3,Fall,2,ITRS,4,1921,15.0,D:\00-FLagship Project\SFU-IMU Dataset\IMU Dataset\sub3\Falls\CXR_ITRS_trial4.xlsx,sub3,sub4,Fall,ADL,0.6064304,1.2748048e-07,0.39356947
sub3,Fall,2,LCC,1,1921,15.0,D:\00-FLagship Project\SFU-IMU Dataset\IMU Dataset\sub3\Falls\CXR_LCC_trial1.xlsx,sub3,sub4,Fall,Fall,0.06993445,1.15620026e-07,0.93006545
sub3,Fall,2,LCC,2,1921,15.0,D:\00-FLagship Project\SFU-IMU Dataset\IMU Dataset\sub3\Falls\CXR_LCC_trial2.xlsx,sub3,sub4,Fall,Fall,0.39627486,3.881145e-09,0.6037251
sub3,Fall,2,LCC,3,1921,15.0,D:\00-FLagship Project\SFU-IMU Dataset\IMU Dataset\sub3\Falls\CXR_LCC_trial3.xlsx,sub3,sub4,Fall,ADL,0.9147705,6.7394057e-10,0.085229486
sub3,Fall,2,slip,1,1921,15.0,D:\00-FLagship Project\SFU-IMU Dataset\IMU Dataset\sub3\Falls\CXR_slip_trial1.xlsx,sub3,sub4,Fall,Near_Fall,0.0005435171,0.9973961,0.0020603158
sub3,Fall,2,slip,2,1921,15.0,D:\00-FLagship Project\SFU-IMU Dataset\IMU Dataset\sub3\Falls\CXR_slip_trial2.xlsx,sub3,sub4,Fall,Near_Fall,0.002547968,0.98392165,0.013530438
sub3,Fall,2,slip,5,1921,15.0,D:\00-FLagship Project\SFU-IMU Dataset\IMU Dataset\sub3\Falls\CXR_slip_trial5.xlsx,sub3,sub4,Fall,Near_Fall,0.33681077,0.6631641,2.5169187e-05
sub3,Fall,2,trip,1,1921,15.0,D:\00-FLagship Project\SFU-IMU Dataset\IMU Dataset\sub3\Falls\CXR_trip_trial1.xlsx,sub3,sub4,Fall,Near_Fall,0.00038292742,0.993486,0.006131164
sub3,Fall,2,trip,2,1921,15.0,D:\00-FLagship Project\SFU-IMU Dataset\IMU Dataset\sub3\Falls\CXR_trip_trial2.xlsx,sub3,sub4,Fall,Fall,0.0043114084,3.727103e-05,0.9956513
sub3,Fall,2,trip,5,1921,15.0,D:\00-FLagship Project\SFU-IMU Dataset\IMU Dataset\sub3\Falls\CXR_trip_trial5.xlsx,sub3,sub4,Fall,Near_Fall,4.5410625e-06,0.99953234,0.00046313694
sub3,Near_Fall,1,CS,3,1921,15.0,D:\00-FLagship Project\SFU-IMU Dataset\IMU Dataset\sub3\Near_Falls\CXR_CS_trial3.xlsx,sub3,sub4,Near_Fall,ADL,0.6956503,0.30434966,1.1963475e-07
sub3,Near_Fall,1,CS,5,1921,15.0,D:\00-FLagship Project\SFU-IMU Dataset\IMU Dataset\sub3\Near_Falls\CXR_CS_trial5.xlsx,sub3,sub4,Near_Fall,ADL,0.9167773,0.08322263,1.3812209e-08
sub3,Near_Fall,1,CS,6,1921,15.0,D:\00-FLagship Project\SFU-IMU Dataset\IMU Dataset\sub3\Near_Falls\CXR_CS_trial6.xlsx,sub3,sub4,Near_Fall,ADL,0.9978581,0.002141931,1.4958942e-09
sub3,Near_Fall,1,HB,1,1921,15.0,D:\00-FLagship Project\SFU-IMU Dataset\IMU Dataset\sub3\Near_Falls\CXR_HB_trial1.xlsx,sub3,sub4,Near_Fall,ADL,0.6965254,0.3034717,2.9269822e-06
sub3,Near_Fall,1,HB,5,1921,15.0,D:\00-FLagship Project\SFU-IMU Dataset\IMU Dataset\sub3\Near_Falls\CXR_HB_trial5.xlsx,sub3,sub4,Near_Fall,Near_Fall,0.23248067,0.7675079,1.1447285e-05
sub3,Near_Fall,1,HB,6,1921,15.0,D:\00-FLagship Project\SFU-IMU Dataset\IMU Dataset\sub3\Near_Falls\CXR_HB_trial6.xlsx,sub3,sub4,Near_Fall,Near_Fall,0.21061751,0.7893237,5.8760736e-05
sub3,Near_Fall,1,ITRS,2,1921,15.0,D:\00-FLagship Project\SFU-IMU Dataset\IMU Dataset\sub3\Near_Falls\CXR_ITRS_trial2.xlsx,sub3,sub4,Near_Fall,ADL,0.99957246,0.00042755884,5.927145e-11
sub3,Near_Fall,1,ITRS,5,1921,15.0,D:\00-FLagship Project\SFU-IMU Dataset\IMU Dataset\sub3\Near_Falls\CXR_ITRS_trial5.xlsx,sub3,sub4,Near_Fall,ADL,0.86268854,0.13731146,2.4028664e-09
sub3,Near_Fall,1,ITRS,6,1921,15.0,D:\00-FLagship Project\SFU-IMU Dataset\IMU Dataset\sub3\Near_Falls\CXR_ITRS_trial6.xlsx,sub3,sub4,Near_Fall,ADL,0.9850022,0.014997819,4.2970147e-08
sub3,Near_Fall,1,slip,3,1921,15.0,D:\00-FLagship Project\SFU-IMU Dataset\IMU Dataset\sub3\Near_Falls\CXR_slip_trial3.xlsx,sub3,sub4,Near_Fall,ADL,0.9925055,0.0074945004,2.054478e-08
sub3,Near_Fall,1,slip,4,1921,15.0,D:\00-FLagship Project\SFU-IMU Dataset\IMU Dataset\sub3\Near_Falls\CXR_slip_trial4.xlsx,sub3,sub4,Near_Fall,ADL,0.9965603,0.0034397491,4.6028337e-10
sub3,Near_Fall,1,slip,6,1922,15.007819999999999,D:\00-FLagship Project\SFU-IMU Dataset\IMU Dataset\sub3\Near_Falls\CXR_slip_trial6.xlsx,sub3,sub4,Near_Fall,ADL,0.9993389,0.0006610801,1.6374162e-10
sub3,Near_Fall,1,trip,3,1921,15.0,D:\00-FLagship Project\SFU-IMU Dataset\IMU Dataset\sub3\Near_Falls\CXR_trip_trial3.xlsx,sub3,sub4,Near_Fall,ADL,0.95471704,0.04528258,3.6400553e-07
sub3,Near_Fall,1,trip,4,1921,15.0,D:\00-FLagship Project\SFU-IMU Dataset\IMU Dataset\sub3\Near_Falls\CXR_trip_trial4.xlsx,sub3,sub4,Near_Fall,ADL,0.97416943,0.025830366,2.0073844e-07
sub3,Near_Fall,1,trip,6,1921,15.0,D:\00-FLagship Project\SFU-IMU Dataset\IMU Dataset\sub3\Near_Falls\CXR_trip_trial6.xlsx,sub3,sub4,Near_Fall,ADL,0.9926367,0.007363256,5.1393805e-08
sub4,ADL,0,AS,1,2561,20.0,D:\00-FLagship Project\SFU-IMU Dataset\IMU Dataset\sub4\ADLs\AXJ_AS_trial1.xlsx,sub4,sub5,ADL,ADL,0.99602437,0.0039755898,2.8828392e-08
sub4,ADL,0,AS,2,2561,20.0,D:\00-FLagship Project\SFU-IMU Dataset\IMU Dataset\sub4\ADLs\AXJ_AS_trial2.xlsx,sub4,sub5,ADL,ADL,0.99442226,0.005577751,5.8501474e-08
sub4,ADL,0,AS,3,2561,20.0,D:\00-FLagship Project\SFU-IMU Dataset\IMU Dataset\sub4\ADLs\AXJ_AS_trial3.xlsx,sub4,sub5,ADL,ADL,0.99644035,0.003559663,5.2094936e-08
sub4,ADL,0,DS,1,2561,20.0,D:\00-FLagship Project\SFU-IMU Dataset\IMU Dataset\sub4\ADLs\AXJ_DS_trial1.xlsx,sub4,sub5,ADL,ADL,0.96772546,0.032273874,6.647718e-07
sub4,ADL,0,DS,2,2561,20.0,D:\00-FLagship Project\SFU-IMU Dataset\IMU Dataset\sub4\ADLs\AXJ_DS_trial2.xlsx,sub4,sub5,ADL,ADL,0.6873303,0.3126575,1.21766325e-05
sub4,ADL,0,DS,3,2561,20.0,D:\00-FLagship Project\SFU-IMU Dataset\IMU Dataset\sub4\ADLs\AXJ_DS_trial3.xlsx,sub4,sub5,ADL,ADL,0.98653525,0.013464187,5.611862e-07
sub4,ADL,0,DSL,1,1921,15.0,D:\00-FLagship Project\SFU-IMU Dataset\IMU Dataset\sub4\ADLs\AXJ_DSL_trial1.xlsx,sub4,sub5,ADL,Fall,0.014936721,1.0681843e-05,0.9850525
sub4,ADL,0,DSL,2,1921,15.0,D:\00-FLagship Project\SFU-IMU Dataset\IMU Dataset\sub4\ADLs\AXJ_DSL_trial2.xlsx,sub4,sub5,ADL,ADL,0.9953419,0.00034353783,0.0043146643
sub4,ADL,0,DSL,3,1921,15.0,D:\00-FLagship Project\SFU-IMU Dataset\IMU Dataset\sub4\ADLs\AXJ_DSL_trial3.xlsx,sub4,sub5,ADL,ADL,0.99977285,1.9324466e-11,0.00022720775
sub4,ADL,0,DSS,1,1921,15.0,D:\00-FLagship Project\SFU-IMU Dataset\IMU Dataset\sub4\ADLs\AXJ_DSS_trial1.xlsx,sub4,sub5,ADL,ADL,0.9937216,0.0062783,8.1489155e-08
sub4,ADL,0,DSS,2,1921,15.0,D:\00-FLagship Project\SFU-IMU Dataset\IMU Dataset\sub4\ADLs\AXJ_DSS_trial2.xlsx,sub4,sub5,ADL,ADL,0.8796436,0.12035408,2.2827319e-06
sub4,ADL,0,DSS,4,1921,15.0,D:\00-FLagship Project\SFU-IMU Dataset\IMU Dataset\sub4\ADLs\AXJ_DSS_trial4.xlsx,sub4,sub5,ADL,Near_Fall,1.4704508e-11,0.9315589,0.06844105
sub4,ADL,0,NW,1,1921,15.0,D:\00-FLagship Project\SFU-IMU Dataset\IMU Dataset\sub4\ADLs\AXJ_NW_trial1.xlsx,sub4,sub5,ADL,ADL,0.9976725,0.002327481,8.201964e-09
sub4,ADL,0,NW,2,1921,15.0,D:\00-FLagship Project\SFU-IMU Dataset\IMU Dataset\sub4\ADLs\AXJ_NW_trial2.xlsx,sub4,sub5,ADL,ADL,0.5569054,0.4430885,6.1135306e-06
sub4,ADL,0,NW,3,1921,15.0,D:\00-FLagship Project\SFU-IMU Dataset\IMU Dataset\sub4\ADLs\AXJ_NW_trial3.xlsx,sub4,sub5,ADL,Near_Fall,3.9277595e-09,0.9990632,0.00093687366
sub4,ADL,0,POG,1,1921,15.0,D:\00-FLagship Project\SFU-IMU Dataset\IMU Dataset\sub4\ADLs\AXJ_POG_trial1.xlsx,sub4,sub5,ADL,ADL,0.9821739,0.017822163,3.8456997e-06
sub4,ADL,0,POG,2,1921,15.0,D:\00-FLagship Project\SFU-IMU Dataset\IMU Dataset\sub4\ADLs\AXJ_POG_trial2.xlsx,sub4,sub5,ADL,ADL,0.9961094,0.003890518,1.4467334e-07
sub4,ADL,0,POG,3,1921,15.0,D:\00-FLagship Project\SFU-IMU Dataset\IMU Dataset\sub4\ADLs\AXJ_POG_trial3.xlsx,sub4,sub5,ADL,ADL,0.9964882,0.003511683,1.1467544e-07
sub4,ADL,0,RSS,1,1921,15.0,D:\00-FLagship Project\SFU-IMU Dataset\IMU Dataset\sub4\ADLs\AXJ_RSS_trial1.xlsx,sub4,sub5,ADL,ADL,0.8949525,0.10503006,1.750791e-05
sub4,ADL,0,RSS,2,1921,15.0,D:\00-FLagship Project\SFU-IMU Dataset\IMU Dataset\sub4\ADLs\AXJ_RSS_trial2.xlsx,sub4,sub5,ADL,ADL,0.9891229,0.010875061,2.0195448e-06
sub4,ADL,0,RSS,3,1921,15.0,D:\00-FLagship Project\SFU-IMU Dataset\IMU Dataset\sub4\ADLs\AXJ_RSS_trial3.xlsx,sub4,sub5,ADL,ADL,0.9941795,0.005820193,3.9800045e-07
sub4,ADL,0,SQ,1,1921,15.0,D:\00-FLagship Project\SFU-IMU Dataset\IMU Dataset\sub4\ADLs\AXJ_SQ_trial1.xlsx,sub4,sub5,ADL,ADL,0.99945325,0.0005467322,7.840873e-10
sub4,ADL,0,SQ,2,1921,15.0,D:\00-FLagship Project\SFU-IMU Dataset\IMU Dataset\sub4\ADLs\AXJ_SQ_trial2.xlsx,sub4,sub5,ADL,ADL,0.9945568,0.005442761,4.4890425e-07
sub4,ADL,0,SQ,3,1921,15.0,D:\00-FLagship Project\SFU-IMU Dataset\IMU Dataset\sub4\ADLs\AXJ_SQ_trial3.xlsx,sub4,sub5,ADL,ADL,0.99151635,0.008481373,2.2765375e-06
sub4,Fall,2,CS,1,1921,15.0,D:\00-FLagship Project\SFU-IMU Dataset\IMU Dataset\sub4\Falls\AXJ_CS_trial1.xlsx,sub4,sub5,Fall,Fall,1.3563765e-11,2.9202809e-05,0.9999708
sub4,Fall,2,CS,2,1921,15.0,D:\00-FLagship Project\SFU-IMU Dataset\IMU Dataset\sub4\Falls\AXJ_CS_trial2.xlsx,sub4,sub5,Fall,Fall,1.7453529e-10,2.0392434e-05,0.9999796
sub4,Fall,2,CS,4,1911,15.0,D:\00-FLagship Project\SFU-IMU Dataset\IMU Dataset\sub4\Falls\AXJ_CS_trial4.xlsx,sub4,sub5,Fall,Fall,1.0504779e-13,1.878135e-05,0.99998116
sub4,Fall,2,HB,2,1922,15.00781,D:\00-FLagship Project\SFU-IMU Dataset\IMU Dataset\sub4\Falls\AXJ_HB_trial2.xlsx,sub4,sub5,Fall,Fall,0.008253534,0.00089752517,0.9908489
sub4,Fall,2,HB,3,1921,15.0,D:\00-FLagship Project\SFU-IMU Dataset\IMU Dataset\sub4\Falls\AXJ_HB_trial3.xlsx,sub4,sub5,Fall,Fall,0.0046564383,5.5201526e-06,0.99533796
sub4,Fall,2,HB,4,1921,15.0,D:\00-FLagship Project\SFU-IMU Dataset\IMU Dataset\sub4\Falls\AXJ_HB_trial4.xlsx,sub4,sub5,Fall,Fall,1.2857818e-07,4.6497003e-05,0.9999534
sub4,Fall,2,ITDS,1,1921,15.0,D:\00-FLagship Project\SFU-IMU Dataset\IMU Dataset\sub4\Falls\AXJ_ITDS_trial1.xlsx,sub4,sub5,Fall,Fall,0.009367478,1.7799443e-06,0.9906308
sub4,Fall,2,ITDS,2,1921,15.0,D:\00-FLagship Project\SFU-IMU Dataset\IMU Dataset\sub4\Falls\AXJ_ITDS_trial2.xlsx,sub4,sub5,Fall,Fall,0.11451343,1.4639094e-06,0.8854851
sub4,Fall,2,ITDS,3,1922,15.00781,D:\00-FLagship Project\SFU-IMU Dataset\IMU Dataset\sub4\Falls\AXJ_ITDS_trial3.xlsx,sub4,sub5,Fall,ADL,0.98653144,1.9367683e-09,0.01346854
sub4,Fall,2,ITRS,1,1921,15.0,D:\00-FLagship Project\SFU-IMU Dataset\IMU Dataset\sub4\Falls\AXJ_ITRS_trial1.xlsx,sub4,sub5,Fall,Fall,4.1177455e-07,2.4859593e-05,0.9999747
sub4,Fall,2,ITRS,2,1921,15.0,D:\00-FLagship Project\SFU-IMU Dataset\IMU Dataset\sub4\Falls\AXJ_ITRS_trial2.xlsx,sub4,sub5,Fall,Fall,4.5893395e-07,1.772038e-05,0.99998176
sub4,Fall,2,ITRS,5,1921,15.0,D:\00-FLagship Project\SFU-IMU Dataset\IMU Dataset\sub4\Falls\AXJ_ITRS_trial5.xlsx,sub4,sub5,Fall,Fall,0.00021624906,1.30825065e-05,0.9997707
sub4,Fall,2,LCC,1,1921,15.0,D:\00-FLagship Project\SFU-IMU Dataset\IMU Dataset\sub4\Falls\AXJ_LCC_trial1.xlsx,sub4,sub5,Fall,Fall,0.0032809267,0.0022241683,0.99449486
sub4,Fall,2,LCC,2,1921,15.0,D:\00-FLagship Project\SFU-IMU Dataset\IMU Dataset\sub4\Falls\AXJ_LCC_trial2.xlsx,sub4,sub5,Fall,Fall,0.0005738326,2.0530177e-08,0.99942625
sub4,Fall,2,LCC,3,1921,15.0,D:\00-FLagship Project\SFU-IMU Dataset\IMU Dataset\sub4\Falls\AXJ_LCC_trial3.xlsx,sub4,sub5,Fall,Fall,2.9488725e-05,3.9245597e-07,0.9999702
sub4,Fall,2,slip,1,1921,15.0,D:\00-FLagship Project\SFU-IMU Dataset\IMU Dataset\sub4\Falls\AXJ_slip_trial1.xlsx,sub4,sub5,Fall,Fall,1.6571746e-09,8.833712e-05,0.99991167
sub4,Fall,2,slip,4,1921,15.0,D:\00-FLagship Project\SFU-IMU Dataset\IMU Dataset\sub4\Falls\AXJ_slip_trial4.xlsx,sub4,sub5,Fall,Fall,0.020137016,0.009478221,0.9703847
sub4,Fall,2,slip,5,1921,15.0,D:\00-FLagship Project\SFU-IMU Dataset\IMU Dataset\sub4\Falls\AXJ_slip_trial5.xlsx,sub4,sub5,Fall,Fall,7.884944e-07,0.0005301002,0.9994691
sub4,Fall,2,trip,1,1921,15.0,D:\00-FLagship Project\SFU-IMU Dataset\IMU Dataset\sub4\Falls\AXJ_trip_trial1.xlsx,sub4,sub5,Fall,Fall,2.1691711e-11,1.3898975e-05,0.99998605
sub4,Fall,2,trip,3,1921,15.0,D:\00-FLagship Project\SFU-IMU Dataset\IMU Dataset\sub4\Falls\AXJ_trip_trial3.xlsx,sub4,sub5,Fall,Fall,3.5211753e-05,0.0030567746,0.996908
sub4,Fall,2,trip,4,1921,15.0,D:\00-FLagship Project\SFU-IMU Dataset\IMU Dataset\sub4\Falls\AXJ_trip_trial4.xlsx,sub4,sub5,Fall,Fall,5.3154474e-07,6.5317687e-07,0.9999989
sub4,Near_Fall,1,CS,3,1922,15.00781,D:\00-FLagship Project\SFU-IMU Dataset\IMU Dataset\sub4\Near_Falls\AXJ_CS_trial3.xlsx,sub4,sub5,Near_Fall,Near_Fall,2.615452e-06,0.9973635,0.0026338384
sub4,Near_Fall,1,CS,5,1922,15.00781,D:\00-FLagship Project\SFU-IMU Dataset\IMU Dataset\sub4\Near_Falls\AXJ_CS_trial5.xlsx,sub4,sub5,Near_Fall,Near_Fall,2.2808652e-14,0.7075376,0.29246247
sub4,Near_Fall,1,CS,6,1921,15.0,D:\00-FLagship Project\SFU-IMU Dataset\IMU Dataset\sub4\Near_Falls\AXJ_CS_trial6.xlsx,sub4,sub5,Near_Fall,Near_Fall,1.615296e-12,0.97917396,0.020826004
sub4,Near_Fall,1,HB,1,1921,15.0,D:\00-FLagship Project\SFU-IMU Dataset\IMU Dataset\sub4\Near_Falls\AXJ_HB_trial1.xlsx,sub4,sub5,Near_Fall,Near_Fall,2.6689273e-05,0.99899656,0.0009767723
sub4,Near_Fall,1,HB,5,1921,15.0,D:\00-FLagship Project\SFU-IMU Dataset\IMU Dataset\sub4\Near_Falls\AXJ_HB_trial5.xlsx,sub4,sub5,Near_Fall,Near_Fall,0.005087746,0.9340336,0.060878705
sub4,Near_Fall,1,HB,6,1921,15.0,D:\00-FLagship Project\SFU-IMU Dataset\IMU Dataset\sub4\Near_Falls\AXJ_HB_trial6.xlsx,sub4,sub5,Near_Fall,Near_Fall,0.0006900093,0.9991596,0.00015047801
sub4,Near_Fall,1,ITRS,3,1921,15.0,D:\00-FLagship Project\SFU-IMU Dataset\IMU Dataset\sub4\Near_Falls\AXJ_ITRS_trial3.xlsx,sub4,sub5,Near_Fall,Fall,4.706853e-08,0.26927614,0.73072374
sub4,Near_Fall,1,ITRS,4,1921,15.0,D:\00-FLagship Project\SFU-IMU Dataset\IMU Dataset\sub4\Near_Falls\AXJ_ITRS_trial4.xlsx,sub4,sub5,Near_Fall,Near_Fall,0.032708894,0.967192,9.906552e-05
sub4,Near_Fall,1,ITRS,6,1921,15.0,D:\00-FLagship Project\SFU-IMU Dataset\IMU Dataset\sub4\Near_Falls\AXJ_ITRS_trial6.xlsx,sub4,sub5,Near_Fall,Near_Fall,1.345969e-05,0.8050141,0.19497247
sub4,Near_Fall,1,slip,2,1921,15.0,D:\00-FLagship Project\SFU-IMU Dataset\IMU Dataset\sub4\Near_Falls\AXJ_slip_trial2.xlsx,sub4,sub5,Near_Fall,Near_Fall,8.421488e-06,0.99975854,0.00023306078
sub4,Near_Fall,1,slip,3,1921,15.0,D:\00-FLagship Project\SFU-IMU Dataset\IMU Dataset\sub4\Near_Falls\AXJ_slip_trial3.xlsx,sub4,sub5,Near_Fall,ADL,0.96678936,0.033210516,8.3213344e-08
sub4,Near_Fall,1,slip,6,1921,15.0,D:\00-FLagship Project\SFU-IMU Dataset\IMU Dataset\sub4\Near_Falls\AXJ_slip_trial6.xlsx,sub4,sub5,Near_Fall,Near_Fall,4.0258246e-07,0.99655724,0.0034423347
sub4,Near_Fall,1,trip,2,1921,15.0,D:\00-FLagship Project\SFU-IMU Dataset\IMU Dataset\sub4\Near_Falls\AXJ_trip_trial2.xlsx,sub4,sub5,Near_Fall,Near_Fall,4.896008e-10,0.92158294,0.07841711
sub4,Near_Fall,1,trip,5,1921,15.0,D:\00-FLagship Project\SFU-IMU Dataset\IMU Dataset\sub4\Near_Falls\AXJ_trip_trial5.xlsx,sub4,sub5,Near_Fall,Near_Fall,1.343207e-05,0.99960583,0.00038076923
sub4,Near_Fall,1,trip,6,1921,15.0,D:\00-FLagship Project\SFU-IMU Dataset\IMU Dataset\sub4\Near_Falls\AXJ_trip_trial6.xlsx,sub4,sub5,Near_Fall,Near_Fall,0.0016436,0.9980197,0.00033676627
sub5,ADL,0,AS,1,2561,20.0,D:\00-FLagship Project\SFU-IMU Dataset\IMU Dataset\sub5\ADLs\AXJ_AS_trial1.xlsx,sub5,sub6,ADL,ADL,0.95745033,0.042549632,1.4219546e-07
sub5,ADL,0,AS,2,2561,20.0,D:\00-FLagship Project\SFU-IMU Dataset\IMU Dataset\sub5\ADLs\AXJ_AS_trial2.xlsx,sub5,sub6,ADL,ADL,0.9981694,0.0018306073,8.412881e-10
sub5,ADL,0,AS,3,2561,20.0,D:\00-FLagship Project\SFU-IMU Dataset\IMU Dataset\sub5\ADLs\AXJ_AS_trial3.xlsx,sub5,sub6,ADL,ADL,0.9996903,0.0003097872,1.1160088e-09
sub5,ADL,0,DS,1,2561,20.0,D:\00-FLagship Project\SFU-IMU Dataset\IMU Dataset\sub5\ADLs\AXJ_DS_trial1.xlsx,sub5,sub6,ADL,ADL,0.8893134,0.11068639,2.2683444e-07
sub5,ADL,0,DS,2,2561,20.0,D:\00-FLagship Project\SFU-IMU Dataset\IMU Dataset\sub5\ADLs\AXJ_DS_trial2.xlsx,sub5,sub6,ADL,ADL,0.99638474,0.0036152385,1.8867889e-08
sub5,ADL,0,DS,3,2561,20.0,D:\00-FLagship Project\SFU-IMU Dataset\IMU Dataset\sub5\ADLs\AXJ_DS_trial3.xlsx,sub5,sub6,ADL,Near_Fall,0.1646989,0.83529484,6.2852487e-06
sub5,ADL,0,DSL,1,1921,15.0,D:\00-FLagship Project\SFU-IMU Dataset\IMU Dataset\sub5\ADLs\AXJ_DSL_trial1.xlsx,sub5,sub6,ADL,ADL,0.9999993,2.6191742e-12,7.3062984e-07
sub5,ADL,0,DSL,2,1921,15.0,D:\00-FLagship Project\SFU-IMU Dataset\IMU Dataset\sub5\ADLs\AXJ_DSL_trial2.xlsx,sub5,sub6,ADL,ADL,0.99188304,6.6741905e-09,0.008116966
sub5,ADL,0,DSL,3,1921,15.0,D:\00-FLagship Project\SFU-IMU Dataset\IMU Dataset\sub5\ADLs\AXJ_DSL_trial3.xlsx,sub5,sub6,ADL,ADL,0.99996424,1.3493021e-08,3.5760448e-05
sub5,ADL,0,DSS,1,1921,15.0,D:\00-FLagship Project\SFU-IMU Dataset\IMU Dataset\sub5\ADLs\AXJ_DSS_trial1.xlsx,sub5,sub6,ADL,ADL,0.9999782,2.17797e-05,6.82816e-09
sub5,ADL,0,DSS,2,1921,15.0,D:\00-FLagship Project\SFU-IMU Dataset\IMU Dataset\sub5\ADLs\AXJ_DSS_trial2.xlsx,sub5,sub6,ADL,ADL,0.997615,0.0023831746,1.8813497e-06
sub5,ADL,0,DSS,3,1921,15.0,D:\00-FLagship Project\SFU-IMU Dataset\IMU Dataset\sub5\ADLs\AXJ_DSS_trial3.xlsx,sub5,sub6,ADL,ADL,0.9999695,3.0550935e-05,3.3815233e-08
sub5,ADL,0,NW,1,1921,15.0,D:\00-FLagship Project\SFU-IMU Dataset\IMU Dataset\sub5\ADLs\AXJ_NW_trial1.xlsx,sub5,sub6,ADL,ADL,0.99976605,0.00023392317,1.8344368e-08
sub5,ADL,0,NW,2,1921,15.0,D:\00-FLagship Project\SFU-IMU Dataset\IMU Dataset\sub5\ADLs\AXJ_NW_trial2.xlsx,sub5,sub6,ADL,ADL,0.99993956,6.0475544e-05,1.4045732e-08
sub5,ADL,0,NW,3,1921,15.0,D:\00-FLagship Project\SFU-IMU Dataset\IMU Dataset\sub5\ADLs\AXJ_NW_trial3.xlsx,sub5,sub6,ADL,ADL,0.9976927,0.0023071677,7.231666e-08
sub5,ADL,0,POG,1,1921,15.0,D:\00-FLagship Project\SFU-IMU Dataset\IMU Dataset\sub5\ADLs\AXJ_POG_trial1.xlsx,sub5,sub6,ADL,ADL,0.9999076,9.241056e-05,5.1769247e-09
sub5,ADL,0,POG,2,1922,15.00781,D:\00-FLagship Project\SFU-IMU Dataset\IMU Dataset\sub5\ADLs\AXJ_POG_trial2.xlsx,sub5,sub6,ADL,ADL,0.99991524,8.477522e-05,1.33110785e-08
sub5,ADL,0,POG,3,1921,15.0,D:\00-FLagship Project\SFU-IMU Dataset\IMU Dataset\sub5\ADLs\AXJ_POG_trial3.xlsx,sub5,sub6,ADL,ADL,0.9980894,0.0019105541,1.6168821e-08
sub5,ADL,0,RSS,1,1921,15.0,D:\00-FLagship Project\SFU-IMU Dataset\IMU Dataset\sub5\ADLs\AXJ_RSS_trial1.xlsx,sub5,sub6,ADL,ADL,0.9998709,0.00012904401,1.9709297e-08
sub5,ADL,0,RSS,2,1921,15.0,D:\00-FLagship Project\SFU-IMU Dataset\IMU Dataset\sub5\ADLs\AXJ_RSS_trial2.xlsx,sub5,sub6,ADL,ADL,0.9920936,0.007905855,4.423553e-07
sub5,ADL,0,RSS,3,1921,15.0,D:\00-FLagship Project\SFU-IMU Dataset\IMU Dataset\sub5\ADLs\AXJ_RSS_trial3.xlsx,sub5,sub6,ADL,ADL,0.99316496,0.006833911,1.0428984e-06
sub5,ADL,0,SQ,1,1921,15.0,D:\00-FLagship Project\SFU-IMU Dataset\IMU Dataset\sub5\ADLs\AXJ_SQ_trial1.xlsx,sub5,sub6,ADL,ADL,0.9999776,2.2242299e-05,1.1963809e-07
sub5,ADL,0,SQ,2,1921,15.0,D:\00-FLagship Project\SFU-IMU Dataset\IMU Dataset\sub5\ADLs\AXJ_SQ_trial2.xlsx,sub5,sub6,ADL,ADL,0.999995,4.9915134e-06,3.4133556e-08
sub5,ADL,0,SQ,3,1921,15.0,D:\00-FLagship Project\SFU-IMU Dataset\IMU Dataset\sub5\ADLs\AXJ_SQ_trial3.xlsx,sub5,sub6,ADL,ADL,0.99844295,0.0015555699,1.5433068e-06
sub5,Fall,2,HB,2,1921,15.0,D:\00-FLagship Project\SFU-IMU Dataset\IMU Dataset\sub5\Falls\AXJ_HB_trial2.xlsx,sub5,sub6,Fall,Fall,1.7346561e-07,1.9033507e-11,0.9999999
sub5,Fall,2,HB,3,1921,15.0,D:\00-FLagship Project\SFU-IMU Dataset\IMU Dataset\sub5\Falls\AXJ_HB_trial3.xlsx,sub5,sub6,Fall,Fall,1.8368052e-09,8.1547186e-11,1.0
sub5,Fall,2,HB,6,1921,15.0,D:\00-FLagship Project\SFU-IMU Dataset\IMU Dataset\sub5\Falls\AXJ_HB_trial6.xlsx,sub5,sub6,Fall,Fall,1.8272986e-11,5.210438e-10,1.0
sub5,Fall,2,ITDS,1,1921,15.0,D:\00-FLagship Project\SFU-IMU Dataset\IMU Dataset\sub5\Falls\AXJ_ITDS_trial1.xlsx,sub5,sub6,Fall,Fall,1.5519347e-16,5.124788e-10,1.0
sub5,Fall,2,ITDS,2,1921,15.0,D:\00-FLagship Project\SFU-IMU Dataset\IMU Dataset\sub5\Falls\AXJ_ITDS_trial2.xlsx,sub5,sub6,Fall,Fall,7.177336e-15,3.7461096e-13,1.0
sub5,Fall,2,ITDS,3,1921,15.0,D:\00-FLagship Project\SFU-IMU Dataset\IMU Dataset\sub5\Falls\AXJ_ITDS_trial3.xlsx,sub5,sub6,Fall,Fall,5.0488236e-09,1.6962796e-10,1.0
sub5,Fall,2,ITRS,1,1921,15.0,D:\00-FLagship Project\SFU-IMU Dataset\IMU Dataset\sub5\Falls\AXJ_ITRS_trial1.xlsx,sub5,sub6,Fall,Fall,9.0743954e-13,1.1551851e-07,0.9999999
sub5,Fall,2,ITRS,2,1921,15.0,D:\00-FLagship Project\SFU-IMU Dataset\IMU Dataset\sub5\Falls\AXJ_ITRS_trial2.xlsx,sub5,sub6,Fall,Fall,2.1785863e-18,1.2939154e-06,0.9999987
sub5,Fall,2,ITRS,4,1921,15.0,D:\00-FLagship Project\SFU-IMU Dataset\IMU Dataset\sub5\Falls\AXJ_ITRS_trial4.xlsx,sub5,sub6,Fall,Fall,4.6415346e-16,7.5642085e-08,0.9999999
sub5,Fall,2,LCC,1,1921,15.0,D:\00-FLagship Project\SFU-IMU Dataset\IMU Dataset\sub5\Falls\AXJ_LCC_trial1.xlsx,sub5,sub6,Fall,Fall,3.2232039e-15,7.327921e-11,1.0
sub5,Fall,2,LCC,2,1921,15.0,D:\00-FLagship Project\SFU-IMU Dataset\IMU Dataset\sub5\Falls\AXJ_LCC_trial2.xlsx,sub5,sub6,Fall,Fall,1.2574429e-15,6.778182e-13,1.0
sub5,Fall,2,LCC,3,1922,15.00781,D:\00-FLagship Project\SFU-IMU Dataset\IMU Dataset\sub5\Falls\AXJ_LCC_trial3.xlsx,sub5,sub6,Fall,Fall,2.6011333e-24,2.1676232e-13,1.0
sub5,Fall,2,trip,1,1921,15.0,D:\00-FLagship Project\SFU-IMU Dataset\IMU Dataset\sub5\Falls\AXJ_trip_trial1.xlsx,sub5,sub6,Fall,Fall,3.679738e-14,2.6295234e-07,0.99999976
sub5,Fall,2,trip,3,1921,15.0,D:\00-FLagship Project\SFU-IMU Dataset\IMU Dataset\sub5\Falls\AXJ_trip_trial3.xlsx,sub5,sub6,Fall,Fall,8.5468556e-11,8.654157e-10,1.0
sub5,Fall,2,trip,4,1921,15.0,D:\00-FLagship Project\SFU-IMU Dataset\IMU Dataset\sub5\Falls\AXJ_trip_trial4.xlsx,sub5,sub6,Fall,Fall,7.245078e-18,2.5682078e-12,1.0
sub5,Fall,2,CS,1,1922,15.007819999999999,D:\00-FLagship Project\SFU-IMU Dataset\IMU Dataset\sub5\Falls\EXA_CS_trial1.xlsx,sub5,sub6,Fall,Fall,2.6948185e-19,1.1740336e-05,0.9999883
sub5,Fall,2,CS,2,1921,15.0,D:\00-FLagship Project\SFU-IMU Dataset\IMU Dataset\sub5\Falls\EXA_CS_trial2.xlsx,sub5,sub6,Fall,Fall,4.0042942e-09,0.00024320596,0.99975675
sub5,Fall,2,CS,4,1921,15.0,D:\00-FLagship Project\SFU-IMU Dataset\IMU Dataset\sub5\Falls\EXA_CS_trial4.xlsx,sub5,sub6,Fall,Fall,2.3105288e-08,3.9558186e-06,0.99999607
sub5,Fall,2,slip,1,1921,15.0,D:\00-FLagship Project\SFU-IMU Dataset\IMU Dataset\sub5\Falls\EXA_slip_trial1.xlsx,sub5,sub6,Fall,Fall,1.4865912e-20,3.55694e-10,1.0
sub5,Fall,2,slip,2,1921,15.0,D:\00-FLagship Project\SFU-IMU Dataset\IMU Dataset\sub5\Falls\EXA_slip_trial2.xlsx,sub5,sub6,Fall,Fall,2.0216512e-15,4.601857e-09,1.0
sub5,Fall,2,slip,6,1921,15.0,D:\00-FLagship Project\SFU-IMU Dataset\IMU Dataset\sub5\Falls\EXA_slip_trial6.xlsx,sub5,sub6,Fall,Fall,1.4888329e-20,1.7953682e-09,1.0
sub5,Near_Fall,1,HB,1,1921,15.0,D:\00-FLagship Project\SFU-IMU Dataset\IMU Dataset\sub5\Near_Falls\AXJ_HB_trial1.xlsx,sub5,sub6,Near_Fall,Near_Fall,3.662768e-09,0.99981135,0.00018869525
sub5,Near_Fall,1,HB,4,1921,15.0,D:\00-FLagship Project\SFU-IMU Dataset\IMU Dataset\sub5\Near_Falls\AXJ_HB_trial4.xlsx,sub5,sub6,Near_Fall,Near_Fall,3.725578e-09,0.9997167,0.00028325367
sub5,Near_Fall,1,HB,5,1921,15.0,D:\00-FLagship Project\SFU-IMU Dataset\IMU Dataset\sub5\Near_Falls\AXJ_HB_trial5.xlsx,sub5,sub6,Near_Fall,Near_Fall,5.4813695e-13,0.9995528,0.00044718428
sub5,Near_Fall,1,ITRS,3,1921,15.0,D:\00-FLagship Project\SFU-IMU Dataset\IMU Dataset\sub5\Near_Falls\AXJ_ITRS_trial3.xlsx,sub5,sub6,Near_Fall,Near_Fall,1.8033259e-12,0.9898768,0.010123204
sub5,Near_Fall,1,ITRS,5,1921,15.0,D:\00-FLagship Project\SFU-IMU Dataset\IMU Dataset\sub5\Near_Falls\AXJ_ITRS_trial5.xlsx,sub5,sub6,Near_Fall,Near_Fall,7.74191e-08,0.99985945,0.00014050797
sub5,Near_Fall,1,ITRS,6,1921,15.0,D:\00-FLagship Project\SFU-IMU Dataset\IMU Dataset\sub5\Near_Falls\AXJ_ITRS_trial6.xlsx,sub5,sub6,Near_Fall,Near_Fall,8.1127177e-10,0.9995165,0.00048353305
sub5,Near_Fall,1,trip,2,1921,15.0,D:\00-FLagship Project\SFU-IMU Dataset\IMU Dataset\sub5\Near_Falls\AXJ_trip_trial2.xlsx,sub5,sub6,Near_Fall,Near_Fall,1.1926386e-08,0.99985886,0.00014108418
sub5,Near_Fall,1,trip,5,1921,15.0,D:\00-FLagship Project\SFU-IMU Dataset\IMU Dataset\sub5\Near_Falls\AXJ_trip_trial5.xlsx,sub5,sub6,Near_Fall,Near_Fall,9.998659e-10,0.99973696,0.00026304112
sub5,Near_Fall,1,trip,6,1921,15.0,D:\00-FLagship Project\SFU-IMU Dataset\IMU Dataset\sub5\Near_Falls\AXJ_trip_trial6.xlsx,sub5,sub6,Near_Fall,Near_Fall,2.0027699e-07,0.9956839,0.0043159327
sub5,Near_Fall,1,CS,3,1921,15.0,D:\00-FLagship Project\SFU-IMU Dataset\IMU Dataset\sub5\Near_Falls\EXA_CS_trial3.xlsx,sub5,sub6,Near_Fall,Near_Fall,0.07352828,0.9264672,4.598518e-06
sub5,Near_Fall,1,CS,5,1921,15.0,D:\00-FLagship Project\SFU-IMU Dataset\IMU Dataset\sub5\Near_Falls\EXA_CS_trial5.xlsx,sub5,sub6,Near_Fall,Near_Fall,0.010925442,0.989073,1.5982636e-06
sub5,Near_Fall,1,CS,6,1921,15.0,D:\00-FLagship Project\SFU-IMU Dataset\IMU Dataset\sub5\Near_Falls\EXA_CS_trial6.xlsx,sub5,sub6,Near_Fall,Near_Fall,6.541463e-05,0.9999132,2.1350823e-05
sub5,Near_Fall,1,slip,3,1921,15.0,D:\00-FLagship Project\SFU-IMU Dataset\IMU Dataset\sub5\Near_Falls\EXA_slip_trial3.xlsx,sub5,sub6,Near_Fall,Near_Fall,4.510581e-16,0.99593663,0.0040634093
sub5,Near_Fall,1,slip,4,1921,15.0,D:\00-FLagship Project\SFU-IMU Dataset\IMU Dataset\sub5\Near_Falls\EXA_slip_trial4.xlsx,sub5,sub6,Near_Fall,Near_Fall,2.1992069e-17,0.9976,0.002399957
sub5,Near_Fall,1,slip,5,1921,15.0,D:\00-FLagship Project\SFU-IMU Dataset\IMU Dataset\sub5\Near_Falls\EXA_slip_trial5.xlsx,sub5,sub6,Near_Fall,Near_Fall,3.6622847e-08,0.99962366,0.0003762415
sub6,ADL,0,AS,1,2561,20.0,D:\00-FLagship Project\SFU-IMU Dataset\IMU Dataset\sub6\ADLs\AXM_AS_trial1.xlsx,sub6,sub7,ADL,ADL,0.99999905,9.971885e-07,1.4943533e-13
sub6,ADL,0,AS,2,2561,20.0,D:\00-FLagship Project\SFU-IMU Dataset\IMU Dataset\sub6\ADLs\AXM_AS_trial2.xlsx,sub6,sub7,ADL,ADL,0.99999964,3.7935325e-07,5.3448646e-14
sub6,ADL,0,AS,3,2561,20.0,D:\00-FLagship Project\SFU-IMU Dataset\IMU Dataset\sub6\ADLs\AXM_AS_trial3.xlsx,sub6,sub7,ADL,ADL,0.99999964,3.066251e-07,4.6192115e-14
sub6,ADL,0,DS,1,2561,20.0,D:\00-FLagship Project\SFU-IMU Dataset\IMU Dataset\sub6\ADLs\AXM_DS_trial1.xlsx,sub6,sub7,ADL,ADL,0.9998136,0.00018645373,1.0812745e-12
sub6,ADL,0,DS,2,2561,20.0,D:\00-FLagship Project\SFU-IMU Dataset\IMU Dataset\sub6\ADLs\AXM_DS_trial2.xlsx,sub6,sub7,ADL,ADL,0.9999981,1.9597428e-06,7.994971e-13
sub6,ADL,0,DS,3,2561,20.0,D:\00-FLagship Project\SFU-IMU Dataset\IMU Dataset\sub6\ADLs\AXM_DS_trial3.xlsx,sub6,sub7,ADL,ADL,0.99996793,3.201736e-05,1.3486484e-12
sub6,ADL,0,DSL,1,1921,15.0,D:\00-FLagship Project\SFU-IMU Dataset\IMU Dataset\sub6\ADLs\AXM_DSL_trial1.xlsx,sub6,sub7,ADL,ADL,0.9999999,1.7538384e-09,9.255195e-08
sub6,ADL,0,DSL,2,1921,15.0,D:\00-FLagship Project\SFU-IMU Dataset\IMU Dataset\sub6\ADLs\AXM_DSL_trial2.xlsx,sub6,sub7,ADL,ADL,0.9999994,1.2166408e-08,5.7179534e-07
sub6,ADL,0,DSL,3,1921,15.0,D:\00-FLagship Project\SFU-IMU Dataset\IMU Dataset\sub6\ADLs\AXM_DSL_trial3.xlsx,sub6,sub7,ADL,ADL,0.9999945,4.5900242e-07,5.0524063e-06
sub6,ADL,0,DSS,1,1921,15.0,D:\00-FLagship Project\SFU-IMU Dataset\IMU Dataset\sub6\ADLs\AXM_DSS_trial1.xlsx,sub6,sub7,ADL,ADL,0.99995863,4.13866e-05,7.370567e-11
sub6,ADL,0,DSS,2,1921,15.0,D:\00-FLagship Project\SFU-IMU Dataset\IMU Dataset\sub6\ADLs\AXM_DSS_trial2.xlsx,sub6,sub7,ADL,ADL,0.9999993,7.028335e-07,9.80482e-12
sub6,ADL,0,DSS,3,1921,15.0,D:\00-FLagship Project\SFU-IMU Dataset\IMU Dataset\sub6\ADLs\AXM_DSS_trial3.xlsx,sub6,sub7,ADL,ADL,0.9986926,0.0013073987,2.6370355e-09
sub6,ADL,0,NW,1,1921,15.0,D:\00-FLagship Project\SFU-IMU Dataset\IMU Dataset\sub6\ADLs\AXM_NW_trial1.xlsx,sub6,sub7,ADL,ADL,0.99998903,1.0986632e-05,3.365102e-10
sub6,ADL,0,NW,2,1921,15.0,D:\00-FLagship Project\SFU-IMU Dataset\IMU Dataset\sub6\ADLs\AXM_NW_trial2.xlsx,sub6,sub7,ADL,ADL,0.9999958,4.21917e-06,3.069117e-10
sub6,ADL,0,NW,3,1921,15.0,D:\00-FLagship Project\SFU-IMU Dataset\IMU Dataset\sub6\ADLs\AXM_NW_trial3.xlsx,sub6,sub7,ADL,ADL,0.9999981,1.9384042e-06,5.390423e-11
sub6,ADL,0,POG,1,1921,15.0,D:\00-FLagship Project\SFU-IMU Dataset\IMU Dataset\sub6\ADLs\AXM_POG_trial1.xlsx,sub6,sub7,ADL,ADL,0.9999578,4.2192944e-05,3.0188216e-10
sub6,ADL,0,POG,2,1921,15.0,D:\00-FLagship Project\SFU-IMU Dataset\IMU Dataset\sub6\ADLs\AXM_POG_trial2.xlsx,sub6,sub7,ADL,ADL,0.99995077,4.919463e-05,7.752078e-11
sub6,ADL,0,POG,3,1921,15.0,D:\00-FLagship Project\SFU-IMU Dataset\IMU Dataset\sub6\ADLs\AXM_POG_trial3.xlsx,sub6,sub7,ADL,ADL,0.99983275,0.00016723988,3.434256e-10
sub6,ADL,0,RSS,1,1921,15.0,D:\00-FLagship Project\SFU-IMU Dataset\IMU Dataset\sub6\ADLs\AXM_RSS_trial1.xlsx,sub6,sub7,ADL,ADL,0.98861957,0.011380071,3.8578852e-07
sub6,ADL,0,RSS,2,1921,15.0,D:\00-FLagship Project\SFU-IMU Dataset\IMU Dataset\sub6\ADLs\AXM_RSS_trial2.xlsx,sub6,sub7,ADL,ADL,0.9999926,7.436705e-06,8.7855105e-11
sub6,ADL,0,RSS,3,1921,15.0,D:\00-FLagship Project\SFU-IMU Dataset\IMU Dataset\sub6\ADLs\AXM_RSS_trial3.xlsx,sub6,sub7,ADL,ADL,0.99997246,2.758826e-05,4.833408e-10
sub6,ADL,0,SQ,1,1921,15.0,D:\00-FLagship Project\SFU-IMU Dataset\IMU Dataset\sub6\ADLs\AXM_SQ_trial1.xlsx,sub6,sub7,ADL,ADL,0.9999776,2.2456996e-05,6.2795302e-09
sub6,ADL,0,SQ,2,1921,15.0,D:\00-FLagship Project\SFU-IMU Dataset\IMU Dataset\sub6\ADLs\AXM_SQ_trial2.xlsx,sub6,sub7,ADL,ADL,0.9999795,2.0450136e-05,4.0079144e-09
sub6,ADL,0,SQ,3,1921,15.0,D:\00-FLagship Project\SFU-IMU Dataset\IMU Dataset\sub6\ADLs\AXM_SQ_trial3.xlsx,sub6,sub7,ADL,ADL,0.99997365,2.6371394e-05,8.6209e-09
sub6,Fall,2,CS,1,1921,15.0,D:\00-FLagship Project\SFU-IMU Dataset\IMU Dataset\sub6\Falls\AXM_CS_trial1.xlsx,sub6,sub7,Fall,Fall,1.15401655e-17,8.098673e-10,1.0
sub6,Fall,2,CS,2,1921,15.0,D:\00-FLagship Project\SFU-IMU Dataset\IMU Dataset\sub6\Falls\AXM_CS_trial2.xlsx,sub6,sub7,Fall,Fall,2.3870545e-15,3.2988112e-10,1.0
sub6,Fall,2,CS,4,1921,15.0,D:\00-FLagship Project\SFU-IMU Dataset\IMU Dataset\sub6\Falls\AXM_CS_trial4.xlsx,sub6,sub7,Fall,Fall,1.4831362e-12,1.3920846e-09,1.0
sub6,Fall,2,HB,1,1921,15.0,D:\00-FLagship Project\SFU-IMU Dataset\IMU Dataset\sub6\Falls\AXM_HB_trial1.xlsx,sub6,sub7,Fall,Fall,5.6921454e-13,5.123864e-12,1.0
sub6,Fall,2,HB,4,1921,15.0,D:\00-FLagship Project\SFU-IMU Dataset\IMU Dataset\sub6\Falls\AXM_HB_trial4.xlsx,sub6,sub7,Fall,Fall,3.5045522e-15,3.7204133e-12,1.0
sub6,Fall,2,HB,5,1921,15.0,D:\00-FLagship Project\SFU-IMU Dataset\IMU Dataset\sub6\Falls\AXM_HB_trial5.xlsx,sub6,sub7,Fall,Fall,1.0723547e-11,1.6216396e-13,1.0
sub6,Fall,2,ITDS,1,1921,15.0,D:\00-FLagship Project\SFU-IMU Dataset\IMU Dataset\sub6\Falls\AXM_ITDS_trial1.xlsx,sub6,sub7,Fall,ADL,0.93470407,0.0014513576,0.06384461
sub6,Fall,2,ITDS,2,1921,15.0,D:\00-FLagship Project\SFU-IMU Dataset\IMU Dataset\sub6\Falls\AXM_ITDS_trial2.xlsx,sub6,sub7,Fall,Fall,0.00012413785,1.1613793e-08,0.9998759
sub6,Fall,2,ITDS,3,1921,15.0,D:\00-FLagship Project\SFU-IMU Dataset\IMU Dataset\sub6\Falls\AXM_ITDS_trial3.xlsx,sub6,sub7,Fall,ADL,0.67691046,2.6895226e-05,0.32306266
sub6,Fall,2,ITRS,1,1921,15.0,D:\00-FLagship Project\SFU-IMU Dataset\IMU Dataset\sub6\Falls\AXM_ITRS_trial1.xlsx,sub6,sub7,Fall,Fall,2.4670079e-18,4.099107e-14,1.0
sub6,Fall,2,ITRS,3,1921,15.0,D:\00-FLagship Project\SFU-IMU Dataset\IMU Dataset\sub6\Falls\AXM_ITRS_trial3.xlsx,sub6,sub7,Fall,Fall,4.580557e-14,1.8832125e-10,1.0
sub6,Fall,2,ITRS,4,1921,15.0,D:\00-FLagship Project\SFU-IMU Dataset\IMU Dataset\sub6\Falls\AXM_ITRS_trial4.xlsx,sub6,sub7,Fall,Fall,3.0843662e-16,3.0525632e-12,1.0
sub6,Fall,2,LCC,1,1920,15.0,D:\00-FLagship Project\SFU-IMU Dataset\IMU Dataset\sub6\Falls\AXM_LCC_trial1.xlsx,sub6,sub7,Fall,Fall,9.762822e-19,1.0741955e-14,1.0
sub6,Fall,2,LCC,2,1921,15.0,D:\00-FLagship Project\SFU-IMU Dataset\IMU Dataset\sub6\Falls\AXM_LCC_trial2.xlsx,sub6,sub7,Fall,Fall,2.3352238e-20,1.709316e-14,1.0
sub6,Fall,2,LCC,3,1921,15.0,D:\00-FLagship Project\SFU-IMU Dataset\IMU Dataset\sub6\Falls\AXM_LCC_trial3.xlsx,sub6,sub7,Fall,Fall,5.0415835e-18,1.0729698e-12,1.0
sub6,Fall,2,slip,1,1921,15.0,D:\00-FLagship Project\SFU-IMU Dataset\IMU Dataset\sub6\Falls\AXM_slip_trial1.xlsx,sub6,sub7,Fall,Fall,0.010586029,0.02752561,0.9618883
sub6,Fall,2,slip,2,1921,15.0,D:\00-FLagship Project\SFU-IMU Dataset\IMU Dataset\sub6\Falls\AXM_slip_trial2.xlsx,sub6,sub7,Fall,Fall,0.00028718213,4.890666e-06,0.9997079
sub6,Fall,2,slip,6,1921,15.0,D:\00-FLagship Project\SFU-IMU Dataset\IMU Dataset\sub6\Falls\AXM_slip_trial6.xlsx,sub6,sub7,Fall,Fall,7.0357254e-14,4.1817444e-12,1.0
sub6,Fall,2,trip,2,1921,15.0,D:\00-FLagship Project\SFU-IMU Dataset\IMU Dataset\sub6\Falls\AXM_trip_trial2.xlsx,sub6,sub7,Fall,Fall,7.745888e-13,4.6630102e-08,1.0
sub6,Fall,2,trip,3,1921,15.0,D:\00-FLagship Project\SFU-IMU Dataset\IMU Dataset\sub6\Falls\AXM_trip_trial3.xlsx,sub6,sub7,Fall,Fall,9.787839e-20,1.8607335e-13,1.0
sub6,Fall,2,trip,4,1921,15.0,D:\00-FLagship Project\SFU-IMU Dataset\IMU Dataset\sub6\Falls\AXM_trip_trial4.xlsx,sub6,sub7,Fall,Fall,2.1016546e-16,2.7779518e-10,1.0
sub6,Near_Fall,1,CS,3,1921,15.0,D:\00-FLagship Project\SFU-IMU Dataset\IMU Dataset\sub6\Near_Falls\AXM_CS_trial3.xlsx,sub6,sub7,Near_Fall,Near_Fall,0.00024654082,0.9997534,1.098255e-08
sub6,Near_Fall,1,CS,5,1921,15.0,D:\00-FLagship Project\SFU-IMU Dataset\IMU Dataset\sub6\Near_Falls\AXM_CS_trial5.xlsx,sub6,sub7,Near_Fall,Near_Fall,1.8027113e-07,0.99999607,3.7899265e-06
sub6,Near_Fall,1,CS,6,1921,15.0,D:\00-FLagship Project\SFU-IMU Dataset\IMU Dataset\sub6\Near_Falls\AXM_CS_trial6.xlsx,sub6,sub7,Near_Fall,Near_Fall,6.2437466e-06,0.99999285,9.649053e-07
sub6,Near_Fall,1,HB,2,1921,15.0,D:\00-FLagship Project\SFU-IMU Dataset\IMU Dataset\sub6\Near_Falls\AXM_HB_trial2.xlsx,sub6,sub7,Near_Fall,Near_Fall,1.2405596e-07,0.9999851,1.4747627e-05
sub6,Near_Fall,1,HB,3,1921,15.0,D:\00-FLagship Project\SFU-IMU Dataset\IMU Dataset\sub6\Near_Falls\AXM_HB_trial3.xlsx,sub6,sub7,Near_Fall,Near_Fall,3.4141644e-06,0.99937564,0.00062094285
sub6,Near_Fall,1,HB,6,1921,15.0,D:\00-FLagship Project\SFU-IMU Dataset\IMU Dataset\sub6\Near_Falls\AXM_HB_trial6.xlsx,sub6,sub7,Near_Fall,Near_Fall,3.155935e-06,0.9999864,1.0381404e-05
sub6,Near_Fall,1,ITRS,2,1921,15.0,D:\00-FLagship Project\SFU-IMU Dataset\IMU Dataset\sub6\Near_Falls\AXM_ITRS_trial2.xlsx,sub6,sub7,Near_Fall,Near_Fall,0.0001216422,0.999869,9.380702e-06
sub6,Near_Fall,1,ITRS,5,1921,15.0,D:\00-FLagship Project\SFU-IMU Dataset\IMU Dataset\sub6\Near_Falls\AXM_ITRS_trial5.xlsx,sub6,sub7,Near_Fall,Near_Fall,4.0935674e-07,0.99999475,4.7918375e-06
sub6,Near_Fall,1,ITRS,6,1921,15.0,D:\00-FLagship Project\SFU-IMU Dataset\IMU Dataset\sub6\Near_Falls\AXM_ITRS_trial6.xlsx,sub6,sub7,Near_Fall,Near_Fall,4.827447e-09,0.99999285,7.153707e-06
sub6,Near_Fall,1,slip,3,1921,15.0,D:\00-FLagship Project\SFU-IMU Dataset\IMU Dataset\sub6\Near_Falls\AXM_slip_trial3.xlsx,sub6,sub7,Near_Fall,Near_Fall,4.6674246e-05,0.99989474,5.8569145e-05
sub6,Near_Fall,1,slip,4,1921,15.0,D:\00-FLagship Project\SFU-IMU Dataset\IMU Dataset\sub6\Near_Falls\AXM_slip_trial4.xlsx,sub6,sub7,Near_Fall,Near_Fall,1.3478551e-07,0.99978536,0.00021445907
sub6,Near_Fall,1,slip,5,1921,15.0,D:\00-FLagship Project\SFU-IMU Dataset\IMU Dataset\sub6\Near_Falls\AXM_slip_trial5.xlsx,sub6,sub7,Near_Fall,Near_Fall,9.3239166e-08,0.7851313,0.21486862
sub6,Near_Fall,1,trip,1,1921,15.0,D:\00-FLagship Project\SFU-IMU Dataset\IMU Dataset\sub6\Near_Falls\AXM_trip_trial1.xlsx,sub6,sub7,Near_Fall,Near_Fall,4.604362e-13,0.656312,0.34368798
sub6,Near_Fall,1,trip,5,1921,15.0,D:\00-FLagship Project\SFU-IMU Dataset\IMU Dataset\sub6\Near_Falls\AXM_trip_trial5.xlsx,sub6,sub7,Near_Fall,Near_Fall,3.7669803e-08,0.99997234,2.7633812e-05
sub6,Near_Fall,1,trip,6,1921,15.0,D:\00-FLagship Project\SFU-IMU Dataset\IMU Dataset\sub6\Near_Falls\AXM_trip_trial6.xlsx,sub6,sub7,Near_Fall,Near_Fall,3.665638e-07,0.999967,3.2677814e-05
sub7,ADL,0,AS,1,2561,20.0,D:\00-FLagship Project\SFU-IMU Dataset\IMU Dataset\sub7\ADLs\HXE_AS_trial1.xlsx,sub7,sub8,ADL,ADL,0.956173,0.04382017,6.848755e-06
sub7,ADL,0,AS,2,2561,20.0,D:\00-FLagship Project\SFU-IMU Dataset\IMU Dataset\sub7\ADLs\HXE_AS_trial2.xlsx,sub7,sub8,ADL,ADL,0.96134245,0.038655777,1.766625e-06
sub7,ADL,0,AS,3,2561,20.0,D:\00-FLagship Project\SFU-IMU Dataset\IMU Dataset\sub7\ADLs\HXE_AS_trial3.xlsx,sub7,sub8,ADL,ADL,0.93662703,0.0633653,7.539877e-06
sub7,ADL,0,DS,1,2561,20.0,D:\00-FLagship Project\SFU-IMU Dataset\IMU Dataset\sub7\ADLs\HXE_DS_trial1.xlsx,sub7,sub8,ADL,ADL,0.97885853,0.021135092,6.393504e-06
sub7,ADL,0,DS,2,2561,20.0,D:\00-FLagship Project\SFU-IMU Dataset\IMU Dataset\sub7\ADLs\HXE_DS_trial2.xlsx,sub7,sub8,ADL,ADL,0.9351763,0.06481139,1.2259135e-05
sub7,ADL,0,DS,3,2561,20.0,D:\00-FLagship Project\SFU-IMU Dataset\IMU Dataset\sub7\ADLs\HXE_DS_trial3.xlsx,sub7,sub8,ADL,ADL,0.89823896,0.10175282,8.223211e-06
sub7,ADL,0,DSL,1,1921,15.0,D:\00-FLagship Project\SFU-IMU Dataset\IMU Dataset\sub7\ADLs\HXE_DSL_trial1.xlsx,sub7,sub8,ADL,ADL,0.999723,1.0284424e-07,0.00027687388
sub7,ADL,0,DSL,2,1921,15.0,D:\00-FLagship Project\SFU-IMU Dataset\IMU Dataset\sub7\ADLs\HXE_DSL_trial2.xlsx,sub7,sub8,ADL,ADL,0.9995332,1.2431088e-06,0.00046567997
sub7,ADL,0,DSL,3,1921,15.0,D:\00-FLagship Project\SFU-IMU Dataset\IMU Dataset\sub7\ADLs\HXE_DSL_trial3.xlsx,sub7,sub8,ADL,ADL,0.99996936,1.3145205e-07,3.056087e-05
sub7,ADL,0,DSS,1,1921,15.0,D:\00-FLagship Project\SFU-IMU Dataset\IMU Dataset\sub7\ADLs\HXE_DSS_trial1.xlsx,sub7,sub8,ADL,ADL,0.99586177,0.004136259,1.8594537e-06
sub7,ADL,0,DSS,2,1921,15.0,D:\00-FLagship Project\SFU-IMU Dataset\IMU Dataset\sub7\ADLs\HXE_DSS_trial2.xlsx,sub7,sub8,ADL,ADL,0.9828305,0.017168228,1.3286019e-06
sub7,ADL,0,DSS,3,1921,15.0,D:\00-FLagship Project\SFU-IMU Dataset\IMU Dataset\sub7\ADLs\HXE_DSS_trial3.xlsx,sub7,sub8,ADL,ADL,0.98478967,0.015209594,6.717801e-07
sub7,ADL,0,NW,1,1922,15.00781,D:\00-FLagship Project\SFU-IMU Dataset\IMU Dataset\sub7\ADLs\HXE_NW_trial1.xlsx,sub7,sub8,ADL,ADL,0.97996867,0.020026786,4.581573e-06
sub7,ADL,0,NW,2,1921,15.0,D:\00-FLagship Project\SFU-IMU Dataset\IMU Dataset\sub7\ADLs\HXE_NW_trial2.xlsx,sub7,sub8,ADL,ADL,0.9863218,0.013675397,2.8255479e-06
sub7,ADL,0,NW,3,1921,15.0,D:\00-FLagship Project\SFU-IMU Dataset\IMU Dataset\sub7\ADLs\HXE_NW_trial3.xlsx,sub7,sub8,ADL,ADL,0.9883966,0.011601219,2.1768612e-06
sub7,ADL,0,POG,1,1921,15.0,D:\00-FLagship Project\SFU-IMU Dataset\IMU Dataset\sub7\ADLs\HXE_POG_trial1.xlsx,sub7,sub8,ADL,ADL,0.9941058,0.005892843,1.3042821e-06
sub7,ADL,0,POG,2,1921,15.0,D:\00-FLagship Project\SFU-IMU Dataset\IMU Dataset\sub7\ADLs\HXE_POG_trial2.xlsx,sub7,sub8,ADL,ADL,0.9848216,0.015175957,2.4241942e-06
sub7,ADL,0,POG,3,1921,15.0,D:\00-FLagship Project\SFU-IMU Dataset\IMU Dataset\sub7\ADLs\HXE_POG_trial3.xlsx,sub7,sub8,ADL,ADL,0.9934018,0.0065973615,8.5575346e-07
sub7,ADL,0,RSS,1,1921,15.0,D:\00-FLagship Project\SFU-IMU Dataset\IMU Dataset\sub7\ADLs\HXE_RSS_trial1.xlsx,sub7,sub8,ADL,ADL,0.99313337,0.0068649915,1.6770514e-06
sub7,ADL,0,RSS,2,1921,15.0,D:\00-FLagship Project\SFU-IMU Dataset\IMU Dataset\sub7\ADLs\HXE_RSS_trial2.xlsx,sub7,sub8,ADL,ADL,0.9974891,0.0025083425,2.5796937e-06
sub7,ADL,0,RSS,3,1921,15.0,D:\00-FLagship Project\SFU-IMU Dataset\IMU Dataset\sub7\ADLs\HXE_RSS_trial3.xlsx,sub7,sub8,ADL,ADL,0.998226,0.0017278978,4.6157387e-05
sub7,ADL,0,SQ,1,1921,15.0,D:\00-FLagship Project\SFU-IMU Dataset\IMU Dataset\sub7\ADLs\HXE_SQ_trial1.xlsx,sub7,sub8,ADL,ADL,0.9786308,0.021349734,1.950068e-05
sub7,ADL,0,SQ,2,1921,15.0,D:\00-FLagship Project\SFU-IMU Dataset\IMU Dataset\sub7\ADLs\HXE_SQ_trial2.xlsx,sub7,sub8,ADL,ADL,0.98258656,0.017401777,1.1599243e-05
sub7,ADL,0,SQ,3,1921,15.0,D:\00-FLagship Project\SFU-IMU Dataset\IMU Dataset\sub7\ADLs\HXE_SQ_trial3.xlsx,sub7,sub8,ADL,ADL,0.97712153,0.022856843,2.169579e-05
sub7,Fall,2,CS,3,1921,15.0,D:\00-FLagship Project\SFU-IMU Dataset\IMU Dataset\sub7\Falls\HXE_CS_trial3.xlsx,sub7,sub8,Fall,Fall,5.311386e-13,5.2777464e-06,0.99999475
sub7,Fall,2,CS,4,1911,15.0,D:\00-FLagship Project\SFU-IMU Dataset\IMU Dataset\sub7\Falls\HXE_CS_trial4.xlsx,sub7,sub8,Fall,Fall,1.7341596e-07,0.0152239585,0.98477596
sub7,Fall,2,CS,5,1921,15.0,D:\00-FLagship Project\SFU-IMU Dataset\IMU Dataset\sub7\Falls\HXE_CS_trial5.xlsx,sub7,sub8,Fall,Fall,9.592461e-09,0.0010604893,0.9989396
sub7,Fall,2,HB,1,1921,15.0,D:\00-FLagship Project\SFU-IMU Dataset\IMU Dataset\sub7\Falls\HXE_HB_trial1.xlsx,sub7,sub8,Fall,Fall,5.4040414e-05,2.654937e-06,0.9999434
sub7,Fall,2,HB,3,1922,15.007819999999999,D:\00-FLagship Project\SFU-IMU Dataset\IMU Dataset\sub7\Falls\HXE_HB_trial3.xlsx,sub7,sub8,Fall,Fall,7.8382855e-06,2.3336179e-06,0.99998975
sub7,Fall,2,HB,4,1921,15.0,D:\00-FLagship Project\SFU-IMU Dataset\IMU Dataset\sub7\Falls\HXE_HB_trial4.xlsx,sub7,sub8,Fall,Fall,0.00022858668,8.5696706e-07,0.9997706
sub7,Fall,2,ITDS,1,1921,15.0,D:\00-FLagship Project\SFU-IMU Dataset\IMU Dataset\sub7\Falls\HXE_ITDS_trial1.xlsx,sub7,sub8,Fall,Fall,0.03473264,0.00016301122,0.96510434
sub7,Fall,2,ITDS,2,1921,15.0,D:\00-FLagship Project\SFU-IMU Dataset\IMU Dataset\sub7\Falls\HXE_ITDS_trial2.xlsx,sub7,sub8,Fall,Fall,0.0015123552,0.00014836091,0.9983392
sub7,Fall,2,ITDS,3,1921,15.0,D:\00-FLagship Project\SFU-IMU Dataset\IMU Dataset\sub7\Falls\HXE_ITDS_trial3.xlsx,sub7,sub8,Fall,Fall,0.0035806429,7.173903e-05,0.9963476
sub7,Fall,2,ITRS,1,1921,15.0,D:\00-FLagship Project\SFU-IMU Dataset\IMU Dataset\sub7\Falls\HXE_ITRS_trial1.xlsx,sub7,sub8,Fall,Fall,1.1690522e-14,5.3170933e-08,1.0
sub7,Fall,2,ITRS,2,1921,15.0,D:\00-FLagship Project\SFU-IMU Dataset\IMU Dataset\sub7\Falls\HXE_ITRS_trial2.xlsx,sub7,sub8,Fall,Fall,8.4696023e-07,4.4351022e-08,0.99999917
sub7,Fall,2,ITRS,4,1921,15.0,D:\00-FLagship Project\SFU-IMU Dataset\IMU Dataset\sub7\Falls\HXE_ITRS_trial4.xlsx,sub7,sub8,Fall,Fall,3.423291e-07,8.175898e-07,0.9999988
sub7,Fall,2,LCC,1,1921,15.0,D:\00-FLagship Project\SFU-IMU Dataset\IMU Dataset\sub7\Falls\HXE_LCC_trial1.xlsx,sub7,sub8,Fall,Fall,9.13924e-11,2.567521e-06,0.9999974
sub7,Fall,2,LCC,2,1921,15.0,D:\00-FLagship Project\SFU-IMU Dataset\IMU Dataset\sub7\Falls\HXE_LCC_trial2.xlsx,sub7,sub8,Fall,Fall,8.065766e-11,4.669147e-06,0.99999535
sub7,Fall,2,LCC,3,1921,15.0,D:\00-FLagship Project\SFU-IMU Dataset\IMU Dataset\sub7\Falls\HXE_LCC_trial3.xlsx,sub7,sub8,Fall,Fall,8.176039e-14,6.3346755e-07,0.9999994
sub7,Fall,2,slip,1,1921,15.0,D:\00-FLagship Project\SFU-IMU Dataset\IMU Dataset\sub7\Falls\HXE_slip_trial1.xlsx,sub7,sub8,Fall,Fall,0.0002158737,0.0019781378,0.997806
sub7,Fall,2,slip,2,1921,15.0,D:\00-FLagship Project\SFU-IMU Dataset\IMU Dataset\sub7\Falls\HXE_slip_trial2.xlsx,sub7,sub8,Fall,Fall,0.00017020249,0.00031006866,0.9995198
sub7,Fall,2,slip,3,1921,15.0,D:\00-FLagship Project\SFU-IMU Dataset\IMU Dataset\sub7\Falls\HXE_slip_trial3.xlsx,sub7,sub8,Fall,Fall,1.5208589e-05,0.0015879718,0.9983968
sub7,Fall,2,trip,1,1921,15.0,D:\00-FLagship Project\SFU-IMU Dataset\IMU Dataset\sub7\Falls\HXE_trip_trial1.xlsx,sub7,sub8,Fall,Fall,1.0123531e-12,5.7097463e-05,0.9999429
sub7,Fall,2,trip,3,1921,15.0,D:\00-FLagship Project\SFU-IMU Dataset\IMU Dataset\sub7\Falls\HXE_trip_trial3.xlsx,sub7,sub8,Fall,Near_Fall,9.4491685e-07,0.9417611,0.05823794
sub7,Fall,2,trip,4,1921,15.0,D:\00-FLagship Project\SFU-IMU Dataset\IMU Dataset\sub7\Falls\HXE_trip_trial4.xlsx,sub7,sub8,Fall,Fall,1.6203322e-06,0.26946977,0.73052853
sub7,Near_Fall,1,CS,1,1922,15.00781,D:\00-FLagship Project\SFU-IMU Dataset\IMU Dataset\sub7\Near_Falls\HXE_CS_trial1.xlsx,sub7,sub8,Near_Fall,Near_Fall,3.4709049e-06,0.9954331,0.0045634108
sub7,Near_Fall,1,CS,2,1921,15.0,D:\00-FLagship Project\SFU-IMU Dataset\IMU Dataset\sub7\Near_Falls\HXE_CS_trial2.xlsx,sub7,sub8,Near_Fall,Near_Fall,0.37937796,0.62058467,3.737181e-05
sub7,Near_Fall,1,CS,6,1921,15.0,D:\00-FLagship Project\SFU-IMU Dataset\IMU Dataset\sub7\Near_Falls\HXE_CS_trial6.xlsx,sub7,sub8,Near_Fall,Near_Fall,0.06532836,0.93452036,0.0001513062
sub7,Near_Fall,1,HB,2,1921,15.0,D:\00-FLagship Project\SFU-IMU Dataset\IMU Dataset\sub7\Near_Falls\HXE_HB_trial2.xlsx,sub7,sub8,Near_Fall,Near_Fall,0.012516571,0.9871667,0.0003167815
sub7,Near_Fall,1,HB,5,1921,15.0,D:\00-FLagship Project\SFU-IMU Dataset\IMU Dataset\sub7\Near_Falls\HXE_HB_trial5.xlsx,sub7,sub8,Near_Fall,Near_Fall,0.0019836328,0.9960658,0.0019505452
sub7,Near_Fall,1,HB,6,1921,15.0,D:\00-FLagship Project\SFU-IMU Dataset\IMU Dataset\sub7\Near_Falls\HXE_HB_trial6.xlsx,sub7,sub8,Near_Fall,Near_Fall,0.00051294436,0.99793696,0.0015500595
sub7,Near_Fall,1,ITRS,3,1921,15.0,D:\00-FLagship Project\SFU-IMU Dataset\IMU Dataset\sub7\Near_Falls\HXE_ITRS_trial3.xlsx,sub7,sub8,Near_Fall,Near_Fall,0.00024668998,0.99952483,0.00022848975
sub7,Near_Fall,1,ITRS,6,1921,15.0,D:\00-FLagship Project\SFU-IMU Dataset\IMU Dataset\sub7\Near_Falls\HXE_ITRS_trial6.xlsx,sub7,sub8,Near_Fall,Near_Fall,6.0202437e-06,0.99221236,0.0077816118
sub7,Near_Fall,1,ITRS,7,1921,15.0,D:\00-FLagship Project\SFU-IMU Dataset\IMU Dataset\sub7\Near_Falls\HXE_ITRS_trial7.xlsx,sub7,sub8,Near_Fall,Near_Fall,0.011989466,0.9878226,0.00018802405
sub7,Near_Fall,1,slip,4,1921,15.0,D:\00-FLagship Project\SFU-IMU Dataset\IMU Dataset\sub7\Near_Falls\HXE_slip_trial4.xlsx,sub7,sub8,Near_Fall,Near_Fall,8.9748955e-06,0.9915059,0.008485119
sub7,Near_Fall,1,slip,5,1922,15.00781,D:\00-FLagship Project\SFU-IMU Dataset\IMU Dataset\sub7\Near_Falls\HXE_slip_trial5.xlsx,sub7,sub8,Near_Fall,Near_Fall,0.00011329174,0.9995264,0.0003603518
sub7,Near_Fall,1,slip,6,1921,15.0,D:\00-FLagship Project\SFU-IMU Dataset\IMU Dataset\sub7\Near_Falls\HXE_slip_trial6.xlsx,sub7,sub8,Near_Fall,Near_Fall,1.8960038e-05,0.99876714,0.0012139615
sub7,Near_Fall,1,trip,2,1921,15.0,D:\00-FLagship Project\SFU-IMU Dataset\IMU Dataset\sub7\Near_Falls\HXE_trip_trial2.xlsx,sub7,sub8,Near_Fall,Near_Fall,0.0008324901,0.9990426,0.00012496108
sub7,Near_Fall,1,trip,5,1921,15.0,D:\00-FLagship Project\SFU-IMU Dataset\IMU Dataset\sub7\Near_Falls\HXE_trip_trial5.xlsx,sub7,sub8,Near_Fall,Near_Fall,1.2473622e-05,0.9993475,0.00064004096
sub7,Near_Fall,1,trip,6,1921,15.0,D:\00-FLagship Project\SFU-IMU Dataset\IMU Dataset\sub7\Near_Falls\HXE_trip_trial6.xlsx,sub7,sub8,Near_Fall,Near_Fall,3.08357e-05,0.9983291,0.0016400215
sub8,ADL,0,AS,1,2561,20.0,D:\00-FLagship Project\SFU-IMU Dataset\IMU Dataset\sub8\ADLs\RXV_AS_trial1.xlsx,sub8,sub9,ADL,ADL,0.99076056,0.009218246,2.1276037e-05
sub8,ADL,0,AS,2,2561,20.0,D:\00-FLagship Project\SFU-IMU Dataset\IMU Dataset\sub8\ADLs\RXV_AS_trial2.xlsx,sub8,sub9,ADL,ADL,0.9413732,0.058614105,1.2674296e-05
sub8,ADL,0,AS,3,2562,20.00782,D:\00-FLagship Project\SFU-IMU Dataset\IMU Dataset\sub8\ADLs\RXV_AS_trial3.xlsx,sub8,sub9,ADL,ADL,0.9831129,0.016864844,2.221817e-05
sub8,ADL,0,DS,1,2561,20.0,D:\00-FLagship Project\SFU-IMU Dataset\IMU Dataset\sub8\ADLs\RXV_DS_trial1.xlsx,sub8,sub9,ADL,ADL,0.94748986,0.052508015,2.20152e-06
sub8,ADL,0,DS,2,2561,20.0,D:\00-FLagship Project\SFU-IMU Dataset\IMU Dataset\sub8\ADLs\RXV_DS_trial2.xlsx,sub8,sub9,ADL,Near_Fall,0.05682535,0.94317424,3.3105022e-07
sub8,ADL,0,DS,3,2561,20.0,D:\00-FLagship Project\SFU-IMU Dataset\IMU Dataset\sub8\ADLs\RXV_DS_trial3.xlsx,sub8,sub9,ADL,ADL,0.96161014,0.038388435,1.3241762e-06
sub8,ADL,0,DSL,1,1921,15.0,D:\00-FLagship Project\SFU-IMU Dataset\IMU Dataset\sub8\ADLs\RXV_DSL_trial1.xlsx,sub8,sub9,ADL,Fall,0.003775236,2.92158e-11,0.99622476
sub8,ADL,0,DSL,2,1921,15.0,D:\00-FLagship Project\SFU-IMU Dataset\IMU Dataset\sub8\ADLs\RXV_DSL_trial2.xlsx,sub8,sub9,ADL,ADL,0.9997379,1.6016498e-19,0.00026209635
sub8,ADL,0,DSL,3,1921,15.0,D:\00-FLagship Project\SFU-IMU Dataset\IMU Dataset\sub8\ADLs\RXV_DSL_trial3.xlsx,sub8,sub9,ADL,Fall,0.0059059607,8.954237e-10,0.9940941
sub8,ADL,0,DSS,1,1921,15.0,D:\00-FLagship Project\SFU-IMU Dataset\IMU Dataset\sub8\ADLs\RXV_DSS_trial1.xlsx,sub8,sub9,ADL,ADL,0.9793058,0.020638177,5.6089768e-05
sub8,ADL,0,DSS,2,1921,15.0,D:\00-FLagship Project\SFU-IMU Dataset\IMU Dataset\sub8\ADLs\RXV_DSS_trial2.xlsx,sub8,sub9,ADL,ADL,0.9816569,0.018258397,8.4752195e-05
sub8,ADL,0,DSS,3,1921,15.0,D:\00-FLagship Project\SFU-IMU Dataset\IMU Dataset\sub8\ADLs\RXV_DSS_trial3.xlsx,sub8,sub9,ADL,ADL,0.9890794,0.010851853,6.871292e-05
sub8,ADL,0,NW,1,1921,15.0,D:\00-FLagship Project\SFU-IMU Dataset\IMU Dataset\sub8\ADLs\RXV_NW_trial1.xlsx,sub8,sub9,ADL,ADL,0.9208999,0.07906555,3.45403e-05
sub8,ADL,0,NW,2,1921,15.0,D:\00-FLagship Project\SFU-IMU Dataset\IMU Dataset\sub8\ADLs\RXV_NW_trial2.xlsx,sub8,sub9,ADL,ADL,0.9853172,0.014655527,2.733078e-05
sub8,ADL,0,NW,3,1921,15.0,D:\00-FLagship Project\SFU-IMU Dataset\IMU Dataset\sub8\ADLs\RXV_NW_trial3.xlsx,sub8,sub9,ADL,ADL,0.98872685,0.011246988,2.6125994e-05
sub8,ADL,0,POG,1,1921,15.0,D:\00-FLagship Project\SFU-IMU Dataset\IMU Dataset\sub8\ADLs\RXV_POG_trial1.xlsx,sub8,sub9,ADL,ADL,0.939457,0.060477115,6.586138e-05
sub8,ADL,0,POG,2,1922,15.00781,D:\00-FLagship Project\SFU-IMU Dataset\IMU Dataset\sub8\ADLs\RXV_POG_trial2.xlsx,sub8,sub9,ADL,ADL,0.8642656,0.13567908,5.5279237e-05
sub8,ADL,0,POG,3,1922,15.00781,D:\00-FLagship Project\SFU-IMU Dataset\IMU Dataset\sub8\ADLs\RXV_POG_trial3.xlsx,sub8,sub9,ADL,ADL,0.8641583,0.13582379,1.7896906e-05
sub8,ADL,0,RSS,1,1921,15.0,D:\00-FLagship Project\SFU-IMU Dataset\IMU Dataset\sub8\ADLs\RXV_RSS_trial1.xlsx,sub8,sub9,ADL,ADL,0.99480814,0.0051426166,4.9216047e-05
sub8,ADL,0,RSS,2,1921,15.0,D:\00-FLagship Project\SFU-IMU Dataset\IMU Dataset\sub8\ADLs\RXV_RSS_trial2.xlsx,sub8,sub9,ADL,ADL,0.9929864,0.0069611347,5.2385112e-05
sub8,ADL,0,RSS,3,1921,15.0,D:\00-FLagship Project\SFU-IMU Dataset\IMU Dataset\sub8\ADLs\RXV_RSS_trial3.xlsx,sub8,sub9,ADL,ADL,0.99107623,0.008862252,6.151619e-05
sub8,ADL,0,SQ,1,1921,15.0,D:\00-FLagship Project\SFU-IMU Dataset\IMU Dataset\sub8\ADLs\RXV_SQ_trial1.xlsx,sub8,sub9,ADL,ADL,0.9968124,0.0031475883,4.0029026e-05
sub8,ADL,0,SQ,2,1921,15.0,D:\00-FLagship Project\SFU-IMU Dataset\IMU Dataset\sub8\ADLs\RXV_SQ_trial2.xlsx,sub8,sub9,ADL,ADL,0.9959871,0.003974317,3.8553753e-05
sub8,ADL,0,SQ,3,1921,15.0,D:\00-FLagship Project\SFU-IMU Dataset\IMU Dataset\sub8\ADLs\RXV_SQ_trial3.xlsx,sub8,sub9,ADL,ADL,0.99518687,0.0047804895,3.2618733e-05
sub8,Fall,2,CS,1,1921,15.0,D:\00-FLagship Project\SFU-IMU Dataset\IMU Dataset\sub8\Falls\RXV_CS_trial1.xlsx,sub8,sub9,Fall,Fall,4.130371e-07,5.4343155e-11,0.99999964
sub8,Fall,2,CS,4,1921,15.0,D:\00-FLagship Project\SFU-IMU Dataset\IMU Dataset\sub8\Falls\RXV_CS_trial4.xlsx,sub8,sub9,Fall,Fall,0.27380472,1.160027e-08,0.7261952
sub8,Fall,2,CS,6,1921,15.0,D:\00-FLagship Project\SFU-IMU Dataset\IMU Dataset\sub8\Falls\RXV_CS_trial6.xlsx,sub8,sub9,Fall,Fall,8.3333145e-13,6.707264e-14,1.0
sub8,Fall,2,HB,2,1921,15.0,D:\00-FLagship Project\SFU-IMU Dataset\IMU Dataset\sub8\Falls\RXV_HB_trial2.xlsx,sub8,sub9,Fall,Fall,3.2353967e-13,7.015598e-14,1.0
sub8,Fall,2,HB,3,1921,15.0,D:\00-FLagship Project\SFU-IMU Dataset\IMU Dataset\sub8\Falls\RXV_HB_trial3.xlsx,sub8,sub9,Fall,Fall,4.4473515e-13,8.478833e-16,1.0
sub8,Fall,2,HB,5,1921,15.0,D:\00-FLagship Project\SFU-IMU Dataset\IMU Dataset\sub8\Falls\RXV_HB_trial5.xlsx,sub8,sub9,Fall,Fall,5.0718013e-10,7.1992425e-12,1.0
sub8,Fall,2,ITDS,1,1921,15.0,D:\00-FLagship Project\SFU-IMU Dataset\IMU Dataset\sub8\Falls\RXV_ITDS_trial1.xlsx,sub8,sub9,Fall,Fall,0.00027767598,6.5949445e-16,0.9997223
sub8,Fall,2,ITDS,2,1921,15.0,D:\00-FLagship Project\SFU-IMU Dataset\IMU Dataset\sub8\Falls\RXV_ITDS_trial2.xlsx,sub8,sub9,Fall,Fall,3.4841626e-08,2.6016784e-17,1.0
sub8,Fall,2,ITDS,3,1921,15.0,D:\00-FLagship Project\SFU-IMU Dataset\IMU Dataset\sub8\Falls\RXV_ITDS_trial3.xlsx,sub8,sub9,Fall,Fall,8.658075e-07,1.04297206e-13,0.99999917
sub8,Fall,2,ITRS,1,1921,15.0,D:\00-FLagship Project\SFU-IMU Dataset\IMU Dataset\sub8\Falls\RXV_ITRS_trial1.xlsx,sub8,sub9,Fall,Fall,5.210172e-13,1.3892322e-14,1.0
sub8,Fall,2,ITRS,3,1922,15.007819999999999,D:\00-FLagship Project\SFU-IMU Dataset\IMU Dataset\sub8\Falls\RXV_ITRS_trial3.xlsx,sub8,sub9,Fall,Fall,3.9377612e-09,2.5441e-15,1.0
sub8,Fall,2,ITRS,4,1921,15.0,D:\00-FLagship Project\SFU-IMU Dataset\IMU Dataset\sub8\Falls\RXV_ITRS_trial4.xlsx,sub8,sub9,Fall,Fall,3.7519288e-10,8.2272004e-13,1.0
sub8,Fall,2,LCC,1,1921,15.0,D:\00-FLagship Project\SFU-IMU Dataset\IMU Dataset\sub8\Falls\RXV_LCC_trial1.xlsx,sub8,sub9,Fall,Fall,2.5446386e-07,1.9651696e-12,0.99999976
sub8,Fall,2,LCC,2,1921,15.0,D:\00-FLagship Project\SFU-IMU Dataset\IMU Dataset\sub8\Falls\RXV_LCC_trial2.xlsx,sub8,sub9,Fall,Fall,6.0226406e-13,1.6003465e-12,1.0
sub8,Fall,2,LCC,3,1921,15.0,D:\00-FLagship Project\SFU-IMU Dataset\IMU Dataset\sub8\Falls\RXV_LCC_trial3.xlsx,sub8,sub9,Fall,Fall,4.235774e-14,7.999447e-15,1.0
sub8,Fall,2,slip,1,1921,15.0,D:\00-FLagship Project\SFU-IMU Dataset\IMU Dataset\sub8\Falls\RXV_slip_trial1.xlsx,sub8,sub9,Fall,Fall,1.5782913e-07,0.43619427,0.5638056
sub8,Fall,2,slip,2,1921,15.0,D:\00-FLagship Project\SFU-IMU Dataset\IMU Dataset\sub8\Falls\RXV_slip_trial2.xlsx,sub8,sub9,Fall,Fall,4.183444e-12,2.3226986e-11,1.0
sub8,Fall,2,slip,6,1922,15.00781,D:\00-FLagship Project\SFU-IMU Dataset\IMU Dataset\sub8\Falls\RXV_slip_trial6.xlsx,sub8,sub9,Fall,Fall,8.604093e-09,1.3627149e-11,1.0
sub8,Fall,2,trip,1,1921,15.0,D:\00-FLagship Project\SFU-IMU Dataset\IMU Dataset\sub8\Falls\RXV_trip_trial1.xlsx,sub8,sub9,Fall,Near_Fall,1.3444603e-07,0.97917664,0.020823225
sub8,Fall,2,trip,3,1921,15.0,D:\00-FLagship Project\SFU-IMU Dataset\IMU Dataset\sub8\Falls\RXV_trip_trial3.xlsx,sub8,sub9,Fall,Near_Fall,2.731366e-07,0.9988495,0.0011502064
sub8,Fall,2,trip,6,1921,15.0,D:\00-FLagship Project\SFU-IMU Dataset\IMU Dataset\sub8\Falls\RXV_trip_trial6.xlsx,sub8,sub9,Fall,Fall,4.9448845e-06,0.00057626655,0.99941874
sub8,Near_Fall,1,CS,2,1921,15.0,D:\00-FLagship Project\SFU-IMU Dataset\IMU Dataset\sub8\Near_Falls\RXV_CS_trial2.xlsx,sub8,sub9,Near_Fall,Near_Fall,0.015233951,0.98407227,0.0006937988
sub8,Near_Fall,1,CS,3,1921,15.0,D:\00-FLagship Project\SFU-IMU Dataset\IMU Dataset\sub8\Near_Falls\RXV_CS_trial3.xlsx,sub8,sub9,Near_Fall,Near_Fall,0.0006005141,0.99519,0.0042094225
sub8,Near_Fall,1,CS,5,1921,15.0,D:\00-FLagship Project\SFU-IMU Dataset\IMU Dataset\sub8\Near_Falls\RXV_CS_trial5.xlsx,sub8,sub9,Near_Fall,Near_Fall,0.011496901,0.98231816,0.006184894
sub8,Near_Fall,1,HB,1,1921,15.0,D:\00-FLagship Project\SFU-IMU Dataset\IMU Dataset\sub8\Near_Falls\RXV_HB_trial1.xlsx,sub8,sub9,Near_Fall,Near_Fall,0.00030134633,0.9952029,0.0044957777
sub8,Near_Fall,1,HB,4,1921,15.0,D:\00-FLagship Project\SFU-IMU Dataset\IMU Dataset\sub8\Near_Falls\RXV_HB_trial4.xlsx,sub8,sub9,Near_Fall,Near_Fall,0.0654126,0.9304471,0.004140302
sub8,Near_Fall,1,HB,6,1921,15.0,D:\00-FLagship Project\SFU-IMU Dataset\IMU Dataset\sub8\Near_Falls\RXV_HB_trial6.xlsx,sub8,sub9,Near_Fall,Near_Fall,0.04233152,0.9521196,0.0055488283
sub8,Near_Fall,1,ITRS,2,1921,15.0,D:\00-FLagship Project\SFU-IMU Dataset\IMU Dataset\sub8\Near_Falls\RXV_ITRS_trial2.xlsx,sub8,sub9,Near_Fall,Near_Fall,0.0043658153,0.9922924,0.0033418112
sub8,Near_Fall,1,ITRS,5,1921,15.0,D:\00-FLagship Project\SFU-IMU Dataset\IMU Dataset\sub8\Near_Falls\RXV_ITRS_trial5.xlsx,sub8,sub9,Near_Fall,Near_Fall,0.0003066528,0.9981294,0.00156393
sub8,Near_Fall,1,ITRS,6,1921,15.0,D:\00-FLagship Project\SFU-IMU Dataset\IMU Dataset\sub8\Near_Falls\RXV_ITRS_trial6.xlsx,sub8,sub9,Near_Fall,Near_Fall,0.00809903,0.99177986,0.000121077675
sub8,Near_Fall,1,slip,3,1921,15.0,D:\00-FLagship Project\SFU-IMU Dataset\IMU Dataset\sub8\Near_Falls\RXV_slip_trial3.xlsx,sub8,sub9,Near_Fall,Near_Fall,2.381207e-07,0.9989021,0.0010976228
sub8,Near_Fall,1,slip,4,1921,15.0,D:\00-FLagship Project\SFU-IMU Dataset\IMU Dataset\sub8\Near_Falls\RXV_slip_trial4.xlsx,sub8,sub9,Near_Fall,Near_Fall,0.0034832398,0.9964439,7.280057e-05
sub8,Near_Fall,1,slip,5,1921,15.0,D:\00-FLagship Project\SFU-IMU Dataset\IMU Dataset\sub8\Near_Falls\RXV_slip_trial5.xlsx,sub8,sub9,Near_Fall,Near_Fall,0.00029299455,0.999577,0.00012999632
sub8,Near_Fall,1,trip,2,1921,15.0,D:\00-FLagship Project\SFU-IMU Dataset\IMU Dataset\sub8\Near_Falls\RXV_trip_trial2.xlsx,sub8,sub9,Near_Fall,Near_Fall,0.006802613,0.993168,2.9310402e-05
sub8,Near_Fall,1,trip,4,1921,15.0,D:\00-FLagship Project\SFU-IMU Dataset\IMU Dataset\sub8\Near_Falls\RXV_trip_trial4.xlsx,sub8,sub9,Near_Fall,Near_Fall,0.004536947,0.99544585,1.7202226e-05
sub8,Near_Fall,1,trip,5,1921,15.0,D:\00-FLagship Project\SFU-IMU Dataset\IMU Dataset\sub8\Near_Falls\RXV_trip_trial5.xlsx,sub8,sub9,Near_Fall,Near_Fall,0.00097123114,0.9990061,2.276016e-05
sub9,ADL,0,AS,1,2561,20.0,D:\00-FLagship Project\SFU-IMU Dataset\IMU Dataset\sub9\ADLs\SXT_AS_trial1.xlsx,sub9,sub10,ADL,ADL,0.99998796,1.19753595e-05,1.2232147e-07
sub9,ADL,0,AS,2,2561,20.0,D:\00-FLagship Project\SFU-IMU Dataset\IMU Dataset\sub9\ADLs\SXT_AS_trial2.xlsx,sub9,sub10,ADL,ADL,0.99995947,4.0266e-05,2.3925142e-07
sub9,ADL,0,AS,3,2561,20.0,D:\00-FLagship Project\SFU-IMU Dataset\IMU Dataset\sub9\ADLs\SXT_AS_trial3.xlsx,sub9,sub10,ADL,ADL,0.99986875,0.00012688775,4.287958e-06
sub9,ADL,0,DS,1,2562,20.00781,D:\00-FLagship Project\SFU-IMU Dataset\IMU Dataset\sub9\ADLs\SXT_DS_trial1.xlsx,sub9,sub10,ADL,ADL,0.9999205,7.933086e-05,1.08250305e-07
sub9,ADL,0,DS,2,2561,20.0,D:\00-FLagship Project\SFU-IMU Dataset\IMU Dataset\sub9\ADLs\SXT_DS_trial2.xlsx,sub9,sub10,ADL,ADL,0.9999006,9.9290475e-05,1.3033568e-07
sub9,ADL,0,DS,3,2561,20.0,D:\00-FLagship Project\SFU-IMU Dataset\IMU Dataset\sub9\ADLs\SXT_DS_trial3.xlsx,sub9,sub10,ADL,ADL,0.99733055,0.0026681614,1.3199974e-06
sub9,ADL,0,DSL,1,1921,15.0,D:\00-FLagship Project\SFU-IMU Dataset\IMU Dataset\sub9\ADLs\SXT_DSL_trial1.xlsx,sub9,sub10,ADL,ADL,0.98852855,1.1688399e-22,0.011471387
sub9,ADL,0,DSL,2,1921,15.0,D:\00-FLagship Project\SFU-IMU Dataset\IMU Dataset\sub9\ADLs\SXT_DSL_trial2.xlsx,sub9,sub10,ADL,ADL,0.99891424,4.1283097e-12,0.0010858275
sub9,ADL,0,DSL,3,1921,15.0,D:\00-FLagship Project\SFU-IMU Dataset\IMU Dataset\sub9\ADLs\SXT_DSL_trial3.xlsx,sub9,sub10,ADL,ADL,0.99697375,1.6671928e-14,0.0030262435
sub9,ADL,0,DSS,1,1921,15.0,D:\00-FLagship Project\SFU-IMU Dataset\IMU Dataset\sub9\ADLs\SXT_DSS_trial1.xlsx,sub9,sub10,ADL,ADL,0.9996661,0.00033366279,1.7886944e-07
sub9,ADL,0,DSS,2,1921,15.0,D:\00-FLagship Project\SFU-IMU Dataset\IMU Dataset\sub9\ADLs\SXT_DSS_trial2.xlsx,sub9,sub10,ADL,ADL,0.9037487,0.096064225,0.0001869914
sub9,ADL,0,DSS,3,1921,15.0,D:\00-FLagship Project\SFU-IMU Dataset\IMU Dataset\sub9\ADLs\SXT_DSS_trial3.xlsx,sub9,sub10,ADL,ADL,0.9888432,0.011150366,6.4452565e-06
sub9,ADL,0,NW,1,1921,15.0,D:\00-FLagship Project\SFU-IMU Dataset\IMU Dataset\sub9\ADLs\SXT_NW_trial1.xlsx,sub9,sub10,ADL,ADL,0.99832255,0.0016767415,7.357048e-07
sub9,ADL,0,NW,2,1921,15.0,D:\00-FLagship Project\SFU-IMU Dataset\IMU Dataset\sub9\ADLs\SXT_NW_trial2.xlsx,sub9,sub10,ADL,ADL,0.99803776,0.0019617332,5.078132e-07
sub9,ADL,0,NW,3,1921,15.0,D:\00-FLagship Project\SFU-IMU Dataset\IMU Dataset\sub9\ADLs\SXT_NW_trial3.xlsx,sub9,sub10,ADL,ADL,0.997797,0.0022027341,2.3707551e-07
sub9,ADL,0,POG,1,1921,15.0,D:\00-FLagship Project\SFU-IMU Dataset\IMU Dataset\sub9\ADLs\SXT_POG_trial1.xlsx,sub9,sub10,ADL,ADL,0.99804235,0.0019573218,2.976194e-07
sub9,ADL,0,POG,2,1921,15.0,D:\00-FLagship Project\SFU-IMU Dataset\IMU Dataset\sub9\ADLs\SXT_POG_trial2.xlsx,sub9,sub10,ADL,ADL,0.99837923,0.0016205949,1.2728712e-07
sub9,ADL,0,POG,3,1921,15.0,D:\00-FLagship Project\SFU-IMU Dataset\IMU Dataset\sub9\ADLs\SXT_POG_trial3.xlsx,sub9,sub10,ADL,ADL,0.99760664,0.0023932226,1.3025077e-07
sub9,ADL,0,RSS,1,1921,15.0,D:\00-FLagship Project\SFU-IMU Dataset\IMU Dataset\sub9\ADLs\SXT_RSS_trial1.xlsx,sub9,sub10,ADL,ADL,0.9997441,0.0002551244,6.7752e-07
sub9,ADL,0,RSS,2,1921,15.0,D:\00-FLagship Project\SFU-IMU Dataset\IMU Dataset\sub9\ADLs\SXT_RSS_trial2.xlsx,sub9,sub10,ADL,ADL,0.9997439,0.00025537217,7.245184e-07
sub9,ADL,0,RSS,3,1921,15.0,D:\00-FLagship Project\SFU-IMU Dataset\IMU Dataset\sub9\ADLs\SXT_RSS_trial3.xlsx,sub9,sub10,ADL,ADL,0.99977225,0.00022724945,4.1869794e-07
sub9,ADL,0,SQ,1,1921,15.0,D:\00-FLagship Project\SFU-IMU Dataset\IMU Dataset\sub9\ADLs\SXT_SQ_trial1.xlsx,sub9,sub10,ADL,ADL,0.99982893,0.00017017299,8.198501e-07
sub9,ADL,0,SQ,2,1921,15.0,D:\00-FLagship Project\SFU-IMU Dataset\IMU Dataset\sub9\ADLs\SXT_SQ_trial2.xlsx,sub9,sub10,ADL,ADL,0.9998468,0.00015241247,6.9831646e-07
sub9,ADL,0,SQ,3,1921,15.0,D:\00-FLagship Project\SFU-IMU Dataset\IMU Dataset\sub9\ADLs\SXT_SQ_trial3.xlsx,sub9,sub10,ADL,ADL,0.99983895,0.00016031732,6.66263e-07
sub9,Fall,2,CS,1,1921,15.0,D:\00-FLagship Project\SFU-IMU Dataset\IMU Dataset\sub9\Falls\SXT_CS_trial1.xlsx,sub9,sub10,Fall,Fall,2.8106101e-15,7.08657e-17,1.0
sub9,Fall,2,CS,2,1921,15.0,D:\00-FLagship Project\SFU-IMU Dataset\IMU Dataset\sub9\Falls\SXT_CS_trial2.xlsx,sub9,sub10,Fall,Fall,1.6117011e-13,8.776973e-21,1.0
sub9,Fall,2,CS,4,1921,15.0,D:\00-FLagship Project\SFU-IMU Dataset\IMU Dataset\sub9\Falls\SXT_CS_trial4.xlsx,sub9,sub10,Fall,Fall,4.718234e-13,1.8601121e-21,1.0
sub9,Fall,2,HB,2,1922,15.007819999999999,D:\00-FLagship Project\SFU-IMU Dataset\IMU Dataset\sub9\Falls\SXT_HB_trial2.xlsx,sub9,sub10,Fall,Fall,4.4279897e-15,8.2701994e-17,1.0
sub9,Fall,2,HB,3,1921,15.0,D:\00-FLagship Project\SFU-IMU Dataset\IMU Dataset\sub9\Falls\SXT_HB_trial3.xlsx,sub9,sub10,Fall,Fall,3.9796838e-12,2.8290508e-20,1.0
sub9,Fall,2,HB,6,1921,15.0,D:\00-FLagship Project\SFU-IMU Dataset\IMU Dataset\sub9\Falls\SXT_HB_trial6.xlsx,sub9,sub10,Fall,Fall,1.5850257e-10,1.2716203e-22,1.0
sub9,Fall,2,ITDS,1,1921,15.0,D:\00-FLagship Project\SFU-IMU Dataset\IMU Dataset\sub9\Falls\SXT_ITDS_trial1.xlsx,sub9,sub10,Fall,Fall,1.0467516e-09,1.3114155e-22,1.0
sub9,Fall,2,ITDS,2,1921,15.0,D:\00-FLagship Project\SFU-IMU Dataset\IMU Dataset\sub9\Falls\SXT_ITDS_trial2.xlsx,sub9,sub10,Fall,Fall,5.0056926e-13,2.6709458e-24,1.0
sub9,Fall,2,ITDS,3,1921,15.0,D:\00-FLagship Project\SFU-IMU Dataset\IMU Dataset\sub9\Falls\SXT_ITDS_trial3.xlsx,sub9,sub10,Fall,Fall,1.8471155e-10,4.0178747e-26,1.0
sub9,Fall,2,ITRS,1,1921,15.0,D:\00-FLagship Project\SFU-IMU Dataset\IMU Dataset\sub9\Falls\SXT_ITRS_trial1.xlsx,sub9,sub10,Fall,Fall,1.1887261e-15,3.3006557e-25,1.0
sub9,Fall,2,ITRS,2,1921,15.0,D:\00-FLagship Project\SFU-IMU Dataset\IMU Dataset\sub9\Falls\SXT_ITRS_trial2.xlsx,sub9,sub10,Fall,Fall,8.223165e-14,2.558715e-18,1.0
sub9,Fall,2,ITRS,4,1921,15.0,D:\00-FLagship Project\SFU-IMU Dataset\IMU Dataset\sub9\Falls\SXT_ITRS_trial4.xlsx,sub9,sub10,Fall,Fall,3.4795868e-12,2.6336548e-15,1.0
sub9,Fall,2,LCC,1,1921,15.0,D:\00-FLagship Project\SFU-IMU Dataset\IMU Dataset\sub9\Falls\SXT_LCC_trial1.xlsx,sub9,sub10,Fall,Fall,4.396387e-12,1.930144e-19,1.0
sub9,Fall,2,LCC,2,1921,15.0,D:\00-FLagship Project\SFU-IMU Dataset\IMU Dataset\sub9\Falls\SXT_LCC_trial2.xlsx,sub9,sub10,Fall,Fall,4.5779034e-06,4.87344e-24,0.99999547
sub9,Fall,2,LCC,3,1922,15.00781,D:\00-FLagship Project\SFU-IMU Dataset\IMU Dataset\sub9\Falls\SXT_LCC_trial3.xlsx,sub9,sub10,Fall,Fall,6.674931e-07,7.735383e-25,0.9999993
sub9,Fall,2,slip,1,1921,15.0,D:\00-FLagship Project\SFU-IMU Dataset\IMU Dataset\sub9\Falls\SXT_slip_trial1.xlsx,sub9,sub10,Fall,Fall,1.0494119e-10,7.791734e-13,1.0
sub9,Fall,2,slip,2,1921,15.0,D:\00-FLagship Project\SFU-IMU Dataset\IMU Dataset\sub9\Falls\SXT_slip_trial2.xlsx,sub9,sub10,Fall,Fall,3.814711e-12,7.795029e-22,1.0
sub9,Fall,2,slip,4,1921,15.0,D:\00-FLagship Project\SFU-IMU Dataset\IMU Dataset\sub9\Falls\SXT_slip_trial4.xlsx,sub9,sub10,Fall,Fall,2.978676e-14,2.4693812e-25,1.0
sub9,Fall,2,trip,1,1921,15.0,D:\00-FLagship Project\SFU-IMU Dataset\IMU Dataset\sub9\Falls\SXT_trip_trial1.xlsx,sub9,sub10,Fall,Fall,3.157591e-14,3.3152584e-16,1.0
sub9,Fall,2,trip,2,1921,15.0,D:\00-FLagship Project\SFU-IMU Dataset\IMU Dataset\sub9\Falls\SXT_trip_trial2.xlsx,sub9,sub10,Fall,Fall,4.5862043e-14,1.6116405e-16,1.0
sub9,Fall,2,trip,4,1921,15.0,D:\00-FLagship Project\SFU-IMU Dataset\IMU Dataset\sub9\Falls\SXT_trip_trial4.xlsx,sub9,sub10,Fall,Fall,1.5752133e-13,3.6434037e-17,1.0
sub9,Near_Fall,1,CS,3,1921,15.0,D:\00-FLagship Project\SFU-IMU Dataset\IMU Dataset\sub9\Near_Falls\SXT_CS_trial3.xlsx,sub9,sub10,Near_Fall,Fall,4.1350463e-06,0.38703826,0.61295754
sub9,Near_Fall,1,CS,5,1921,15.0,D:\00-FLagship Project\SFU-IMU Dataset\IMU Dataset\sub9\Near_Falls\SXT_CS_trial5.xlsx,sub9,sub10,Near_Fall,Fall,1.3476857e-05,0.22830763,0.7716789
sub9,Near_Fall,1,CS,6,1921,15.0,D:\00-FLagship Project\SFU-IMU Dataset\IMU Dataset\sub9\Near_Falls\SXT_CS_trial6.xlsx,sub9,sub10,Near_Fall,Fall,2.8910604e-10,0.003022287,0.9969777
sub9,Near_Fall,1,HB,1,1921,15.0,D:\00-FLagship Project\SFU-IMU Dataset\IMU Dataset\sub9\Near_Falls\SXT_HB_trial1.xlsx,sub9,sub10,Near_Fall,Fall,2.3739926e-08,0.031105984,0.968894
sub9,Near_Fall,1,HB,4,1921,15.0,D:\00-FLagship Project\SFU-IMU Dataset\IMU Dataset\sub9\Near_Falls\SXT_HB_trial4.xlsx,sub9,sub10,Near_Fall,Fall,2.4370873e-13,0.00010483308,0.9998952
sub9,Near_Fall,1,HB,5,1921,15.0,D:\00-FLagship Project\SFU-IMU Dataset\IMU Dataset\sub9\Near_Falls\SXT_HB_trial5.xlsx,sub9,sub10,Near_Fall,Fall,7.4553276e-07,0.21339267,0.78660655
sub9,Near_Fall,1,ITRS,3,1921,15.0,D:\00-FLagship Project\SFU-IMU Dataset\IMU Dataset\sub9\Near_Falls\SXT_ITRS_trial3.xlsx,sub9,sub10,Near_Fall,Fall,1.8930541e-05,0.33590472,0.6640764
sub9,Near_Fall,1,ITRS,5,1921,15.0,D:\00-FLagship Project\SFU-IMU Dataset\IMU Dataset\sub9\Near_Falls\SXT_ITRS_trial5.xlsx,sub9,sub10,Near_Fall,Near_Fall,6.492138e-07,0.8801254,0.119873926
sub9,Near_Fall,1,ITRS,6,1922,15.007819999999999,D:\00-FLagship Project\SFU-IMU Dataset\IMU Dataset\sub9\Near_Falls\SXT_ITRS_trial6.xlsx,sub9,sub10,Near_Fall,Near_Fall,1.6268014e-07,0.56267935,0.43732044
sub9,Near_Fall,1,slip,3,1921,15.0,D:\00-FLagship Project\SFU-IMU Dataset\IMU Dataset\sub9\Near_Falls\SXT_slip_trial3.xlsx,sub9,sub10,Near_Fall,Near_Fall,6.586911e-10,0.9790562,0.020943817
sub9,Near_Fall,1,slip,5,1921,15.0,D:\00-FLagship Project\SFU-IMU Dataset\IMU Dataset\sub9\Near_Falls\SXT_slip_trial5.xlsx,sub9,sub10,Near_Fall,Fall,1.6107759e-08,0.21912791,0.78087217
sub9,Near_Fall,1,slip,6,1921,15.0,D:\00-FLagship Project\SFU-IMU Dataset\IMU Dataset\sub9\Near_Falls\SXT_slip_trial6.xlsx,sub9,sub10,Near_Fall,Near_Fall,1.3811865e-06,0.9969798,0.0030187815
sub9,Near_Fall,1,trip,3,1921,15.0,D:\00-FLagship Project\SFU-IMU Dataset\IMU Dataset\sub9\Near_Falls\SXT_trip_trial3.xlsx,sub9,sub10,Near_Fall,Fall,6.727336e-08,0.46546385,0.5345361
sub9,Near_Fall,1,trip,5,1921,15.0,D:\00-FLagship Project\SFU-IMU Dataset\IMU Dataset\sub9\Near_Falls\SXT_trip_trial5.xlsx,sub9,sub10,Near_Fall,Fall,6.6442074e-11,0.0010771166,0.9989229
sub9,Near_Fall,1,trip,6,1921,15.0,D:\00-FLagship Project\SFU-IMU Dataset\IMU Dataset\sub9\Near_Falls\SXT_trip_trial6.xlsx,sub9,sub10,Near_Fall,Fall,1.0399465e-09,0.01031034,0.9896897
sub10,ADL,0,AS,1,2561,20.0,D:\00-FLagship Project\SFU-IMU Dataset\IMU Dataset\sub10\ADLs\VXM_AS_trial1.xlsx,sub10,sub1,ADL,ADL,0.99989915,0.00010080768,3.3205008e-11
sub10,ADL,0,AS,2,2561,20.0,D:\00-FLagship Project\SFU-IMU Dataset\IMU Dataset\sub10\ADLs\VXM_AS_trial2.xlsx,sub10,sub1,ADL,ADL,0.9998134,0.00018661807,9.3939245e-11
sub10,ADL,0,AS,3,2561,20.0,D:\00-FLagship Project\SFU-IMU Dataset\IMU Dataset\sub10\ADLs\VXM_AS_trial3.xlsx,sub10,sub1,ADL,ADL,0.9999168,8.315112e-05,4.2373834e-11
sub10,ADL,0,DS,1,2561,20.0,D:\00-FLagship Project\SFU-IMU Dataset\IMU Dataset\sub10\ADLs\VXM_DS_trial1.xlsx,sub10,sub1,ADL,ADL,0.9356692,0.06433084,5.041917e-09
sub10,ADL,0,DS,2,2561,20.0,D:\00-FLagship Project\SFU-IMU Dataset\IMU Dataset\sub10\ADLs\VXM_DS_trial2.xlsx,sub10,sub1,ADL,ADL,0.9723532,0.027646776,2.0579285e-09
sub10,ADL,0,DS,3,2561,20.0,D:\00-FLagship Project\SFU-IMU Dataset\IMU Dataset\sub10\ADLs\VXM_DS_trial3.xlsx,sub10,sub1,ADL,ADL,0.9440501,0.055949975,4.8488404e-09
sub10,ADL,0,DSL,1,1921,15.0,D:\00-FLagship Project\SFU-IMU Dataset\IMU Dataset\sub10\ADLs\VXM_DSL_trial1.xlsx,sub10,sub1,ADL,ADL,0.99824727,3.918727e-08,0.0017527278
sub10,ADL,0,DSL,2,1921,15.0,D:\00-FLagship Project\SFU-IMU Dataset\IMU Dataset\sub10\ADLs\VXM_DSL_trial2.xlsx,sub10,sub1,ADL,ADL,0.99998605,2.785859e-08,1.3990563e-05
sub10,ADL,0,DSL,3,1921,15.0,D:\00-FLagship Project\SFU-IMU Dataset\IMU Dataset\sub10\ADLs\VXM_DSL_trial3.xlsx,sub10,sub1,ADL,ADL,0.9999105,1.2177449e-11,8.9546294e-05
sub10,ADL,0,DSS,1,1921,15.0,D:\00-FLagship Project\SFU-IMU Dataset\IMU Dataset\sub10\ADLs\VXM_DSS_trial1.xlsx,sub10,sub1,ADL,ADL,0.99703455,0.0029654345,6.1887645e-10
sub10,ADL,0,DSS,2,1921,15.0,D:\00-FLagship Project\SFU-IMU Dataset\IMU Dataset\sub10\ADLs\VXM_DSS_trial2.xlsx,sub10,sub1,ADL,ADL,0.99677163,0.0032283834,7.5748796e-10
sub10,ADL,0,DSS,3,1921,15.0,D:\00-FLagship Project\SFU-IMU Dataset\IMU Dataset\sub10\ADLs\VXM_DSS_trial3.xlsx,sub10,sub1,ADL,ADL,0.8237896,0.17621025,1.6253492e-07
sub10,ADL,0,NW,1,1921,15.0,D:\00-FLagship Project\SFU-IMU Dataset\IMU Dataset\sub10\ADLs\VXM_NW_trial1.xlsx,sub10,sub1,ADL,ADL,0.9984469,0.0015531606,2.8448186e-09
sub10,ADL,0,NW,2,1921,15.0,D:\00-FLagship Project\SFU-IMU Dataset\IMU Dataset\sub10\ADLs\VXM_NW_trial2.xlsx,sub10,sub1,ADL,ADL,0.9983475,0.0016525105,4.5538506e-09
sub10,ADL,0,NW,3,1921,15.0,D:\00-FLagship Project\SFU-IMU Dataset\IMU Dataset\sub10\ADLs\VXM_NW_trial3.xlsx,sub10,sub1,ADL,ADL,0.9978923,0.002107748,3.1163079e-09
sub10,ADL,0,POG,1,1921,15.0,D:\00-FLagship Project\SFU-IMU Dataset\IMU Dataset\sub10\ADLs\VXM_POG_trial1.xlsx,sub10,sub1,ADL,ADL,0.9944628,0.0055371597,2.9757823e-08
sub10,ADL,0,POG,2,1921,15.0,D:\00-FLagship Project\SFU-IMU Dataset\IMU Dataset\sub10\ADLs\VXM_POG_trial2.xlsx,sub10,sub1,ADL,ADL,0.99092066,0.0090793595,8.102139e-09
sub10,ADL,0,POG,3,1921,15.0,D:\00-FLagship Project\SFU-IMU Dataset\IMU Dataset\sub10\ADLs\VXM_POG_trial3.xlsx,sub10,sub1,ADL,ADL,0.99756515,0.0024349024,5.355826e-10
sub10,ADL,0,RSS,1,1921,15.0,D:\00-FLagship Project\SFU-IMU Dataset\IMU Dataset\sub10\ADLs\VXM_RSS_trial1.xlsx,sub10,sub1,ADL,ADL,0.93352914,0.06647076,8.586014e-08
sub10,ADL,0,RSS,2,1921,15.0,D:\00-FLagship Project\SFU-IMU Dataset\IMU Dataset\sub10\ADLs\VXM_RSS_trial2.xlsx,sub10,sub1,ADL,ADL,0.9308784,0.06912144,1.1675634e-07
sub10,ADL,0,RSS,3,1921,15.0,D:\00-FLagship Project\SFU-IMU Dataset\IMU Dataset\sub10\ADLs\VXM_RSS_trial3.xlsx,sub10,sub1,ADL,ADL,0.9132961,0.08670378,1.528084e-07
sub10,ADL,0,SQ,1,1921,15.0,D:\00-FLagship Project\SFU-IMU Dataset\IMU Dataset\sub10\ADLs\VXM_SQ_trial1.xlsx,sub10,sub1,ADL,ADL,0.99903786,0.00096214016,2.2768303e-09
sub10,ADL,0,SQ,2,1921,15.0,D:\00-FLagship Project\SFU-IMU Dataset\IMU Dataset\sub10\ADLs\VXM_SQ_trial2.xlsx,sub10,sub1,ADL,ADL,0.9993905,0.00060946407,6.6776806e-10
sub10,ADL,0,SQ,3,1921,15.0,D:\00-FLagship Project\SFU-IMU Dataset\IMU Dataset\sub10\ADLs\VXM_SQ_trial3.xlsx,sub10,sub1,ADL,ADL,0.99960726,0.00039279147,4.6973375e-10
sub10,Fall,2,CS,2,1921,15.0,D:\00-FLagship Project\SFU-IMU Dataset\IMU Dataset\sub10\Falls\VXM_CS_trial2.xlsx,sub10,sub1,Fall,Fall,6.3284497e-06,0.02262207,0.9773717
sub10,Fall,2,CS,3,1921,15.0,D:\00-FLagship Project\SFU-IMU Dataset\IMU Dataset\sub10\Falls\VXM_CS_trial3.xlsx,sub10,sub1,Fall,Fall,1.1951361e-06,0.00038360956,0.9996152
sub10,Fall,2,CS,4,1921,15.0,D:\00-FLagship Project\SFU-IMU Dataset\IMU Dataset\sub10\Falls\VXM_CS_trial4.xlsx,sub10,sub1,Fall,Fall,4.5952184e-08,0.00045408664,0.9995459
sub10,Fall,2,HB,2,1921,15.0,D:\00-FLagship Project\SFU-IMU Dataset\IMU Dataset\sub10\Falls\VXM_HB_trial2.xlsx,sub10,sub1,Fall,Fall,1.5163523e-11,2.4741947e-10,1.0
sub10,Fall,2,HB,3,1921,15.0,D:\00-FLagship Project\SFU-IMU Dataset\IMU Dataset\sub10\Falls\VXM_HB_trial3.xlsx,sub10,sub1,Fall,Fall,0.00031516608,9.79153e-07,0.99968386
sub10,Fall,2,HB,5,1921,15.0,D:\00-FLagship Project\SFU-IMU Dataset\IMU Dataset\sub10\Falls\VXM_HB_trial5.xlsx,sub10,sub1,Fall,Fall,4.28293e-08,8.6446255e-09,1.0
sub10,Fall,2,ITDS,1,1921,15.0,D:\00-FLagship Project\SFU-IMU Dataset\IMU Dataset\sub10\Falls\VXM_ITDS_trial1.xlsx,sub10,sub1,Fall,Fall,1.15347775e-05,4.2677456e-08,0.99998844
sub10,Fall,2,ITDS,2,1921,15.0,D:\00-FLagship Project\SFU-IMU Dataset\IMU Dataset\sub10\Falls\VXM_ITDS_trial2.xlsx,sub10,sub1,Fall,Fall,3.1250487e-08,2.4202813e-09,1.0
sub10,Fall,2,ITDS,3,1921,15.0,D:\00-FLagship Project\SFU-IMU Dataset\IMU Dataset\sub10\Falls\VXM_ITDS_trial3.xlsx,sub10,sub1,Fall,Fall,3.0659382e-07,5.117825e-09,0.99999964
sub10,Fall,2,ITRS,1,1921,15.0,D:\00-FLagship Project\SFU-IMU Dataset\IMU Dataset\sub10\Falls\VXM_ITRS_trial1.xlsx,sub10,sub1,Fall,Fall,1.9835997e-12,5.5328502e-11,1.0
sub10,Fall,2,ITRS,2,1921,15.0,D:\00-FLagship Project\SFU-IMU Dataset\IMU Dataset\sub10\Falls\VXM_ITRS_trial2.xlsx,sub10,sub1,Fall,Fall,4.3089327e-10,3.6810519e-10,1.0
sub10,Fall,2,ITRS,4,1921,15.0,D:\00-FLagship Project\SFU-IMU Dataset\IMU Dataset\sub10\Falls\VXM_ITRS_trial4.xlsx,sub10,sub1,Fall,Fall,1.38951515e-11,4.7291278e-09,1.0
sub10,Fall,2,LCC,1,1921,15.0,D:\00-FLagship Project\SFU-IMU Dataset\IMU Dataset\sub10\Falls\VXM_LCC_trial1.xlsx,sub10,sub1,Fall,Fall,6.8443786e-15,6.856167e-14,1.0
sub10,Fall,2,LCC,2,1921,15.0,D:\00-FLagship Project\SFU-IMU Dataset\IMU Dataset\sub10\Falls\VXM_LCC_trial2.xlsx,sub10,sub1,Fall,Fall,1.722332e-06,1.6011448e-07,0.9999982
sub10,Fall,2,LCC,3,1921,15.0,D:\00-FLagship Project\SFU-IMU Dataset\IMU Dataset\sub10\Falls\VXM_LCC_trial3.xlsx,sub10,sub1,Fall,Fall,1.8893215e-10,1.5471692e-10,1.0
sub10,Fall,2,slip,1,1921,15.0,D:\00-FLagship Project\SFU-IMU Dataset\IMU Dataset\sub10\Falls\VXM_slip_trial1.xlsx,sub10,sub1,Fall,Fall,1.8455978e-25,8.673739e-10,1.0
sub10,Fall,2,slip,2,1921,15.0,D:\00-FLagship Project\SFU-IMU Dataset\IMU Dataset\sub10\Falls\VXM_slip_trial2.xlsx,sub10,sub1,Fall,Fall,2.6331304e-10,1.1568083e-06,0.9999988
sub10,Fall,2,slip,5,1921,15.0,D:\00-FLagship Project\SFU-IMU Dataset\IMU Dataset\sub10\Falls\VXM_slip_trial5.xlsx,sub10,sub1,Fall,Fall,5.3703856e-12,4.444871e-06,0.9999956
sub10,Fall,2,trip,1,1921,15.0,D:\00-FLagship Project\SFU-IMU Dataset\IMU Dataset\sub10\Falls\VXM_trip_trial1.xlsx,sub10,sub1,Fall,Fall,1.4102819e-17,1.4750842e-06,0.99999857
sub10,Fall,2,trip,4,1921,15.0,D:\00-FLagship Project\SFU-IMU Dataset\IMU Dataset\sub10\Falls\VXM_trip_trial4.xlsx,sub10,sub1,Fall,Fall,0.00047296355,0.0024349224,0.9970921
sub10,Fall,2,trip,5,1921,15.0,D:\00-FLagship Project\SFU-IMU Dataset\IMU Dataset\sub10\Falls\VXM_trip_trial5.xlsx,sub10,sub1,Fall,Fall,5.1850626e-09,0.00016389486,0.9998361
sub10,Near_Fall,1,CS,1,1921,15.0,D:\00-FLagship Project\SFU-IMU Dataset\IMU Dataset\sub10\Near_Falls\VXM_CS_trial1.xlsx,sub10,sub1,Near_Fall,Near_Fall,0.017718274,0.982065,0.00021668394
sub10,Near_Fall,1,CS,5,1921,15.0,D:\00-FLagship Project\SFU-IMU Dataset\IMU Dataset\sub10\Near_Falls\VXM_CS_trial5.xlsx,sub10,sub1,Near_Fall,Near_Fall,0.0026961714,0.9972331,7.073875e-05
sub10,Near_Fall,1,CS,6,1921,15.0,D:\00-FLagship Project\SFU-IMU Dataset\IMU Dataset\sub10\Near_Falls\VXM_CS_trial6.xlsx,sub10,sub1,Near_Fall,Near_Fall,0.00054230186,0.9994342,2.3546403e-05
sub10,Near_Fall,1,HB,1,1921,15.0,D:\00-FLagship Project\SFU-IMU Dataset\IMU Dataset\sub10\Near_Falls\VXM_HB_trial1.xlsx,sub10,sub1,Near_Fall,Near_Fall,0.0049916944,0.9950041,4.2132824e-06
sub10,Near_Fall,1,HB,4,1921,15.0,D:\00-FLagship Project\SFU-IMU Dataset\IMU Dataset\sub10\Near_Falls\VXM_HB_trial4.xlsx,sub10,sub1,Near_Fall,Near_Fall,0.00012665671,0.9997743,9.908554e-05
sub10,Near_Fall,1,HB,6,1921,15.0,D:\00-FLagship Project\SFU-IMU Dataset\IMU Dataset\sub10\Near_Falls\VXM_HB_trial6.xlsx,sub10,sub1,Near_Fall,Near_Fall,0.009609489,0.99037457,1.5921609e-05
sub10,Near_Fall,1,ITRS,3,1921,15.0,D:\00-FLagship Project\SFU-IMU Dataset\IMU Dataset\sub10\Near_Falls\VXM_ITRS_trial3.xlsx,sub10,sub1,Near_Fall,Near_Fall,0.0027736404,0.99717027,5.6114473e-05
sub10,Near_Fall,1,ITRS,5,1921,15.0,D:\00-FLagship Project\SFU-IMU Dataset\IMU Dataset\sub10\Near_Falls\VXM_ITRS_trial5.xlsx,sub10,sub1,Near_Fall,Near_Fall,0.014526881,0.98546475,8.380772e-06
sub10,Near_Fall,1,ITRS,6,1921,15.0,D:\00-FLagship Project\SFU-IMU Dataset\IMU Dataset\sub10\Near_Falls\VXM_ITRS_trial6.xlsx,sub10,sub1,Near_Fall,Near_Fall,0.004009126,0.99598,1.0822829e-05
sub10,Near_Fall,1,slip,3,1921,15.0,D:\00-FLagship Project\SFU-IMU Dataset\IMU Dataset\sub10\Near_Falls\VXM_slip_trial3.xlsx,sub10,sub1,Near_Fall,Near_Fall,0.00024040703,0.9989396,0.00081997004
sub10,Near_Fall,1,slip,4,1921,15.0,D:\00-FLagship Project\SFU-IMU Dataset\IMU Dataset\sub10\Near_Falls\VXM_slip_trial4.xlsx,sub10,sub1,Near_Fall,Near_Fall,0.008407355,0.99150336,8.9359506e-05
sub10,Near_Fall,1,slip,6,1921,15.0,D:\00-FLagship Project\SFU-IMU Dataset\IMU Dataset\sub10\Near_Falls\VXM_slip_trial6.xlsx,sub10,sub1,Near_Fall,Near_Fall,7.664398e-08,0.9953088,0.004691117
sub10,Near_Fall,1,trip,2,1921,15.0,D:\00-FLagship Project\SFU-IMU Dataset\IMU Dataset\sub10\Near_Falls\VXM_trip_trial2.xlsx,sub10,sub1,Near_Fall,Near_Fall,0.004628604,0.9953667,4.761103e-06
sub10,Near_Fall,1,trip,3,1921,15.0,D:\00-FLagship Project\SFU-IMU Dataset\IMU Dataset\sub10\Near_Falls\VXM_trip_trial3.xlsx,sub10,sub1,Near_Fall,Near_Fall,0.0008614008,0.9991301,8.55673e-06
sub10,Near_Fall,1,trip,6,1921,15.0,D:\00-FLagship Project\SFU-IMU Dataset\IMU Dataset\sub10\Near_Falls\VXM_trip_trial6.xlsx,sub10,sub1,Near_Fall,Near_Fall,1.1076202e-05,0.9998975,9.148375e-05
