subject,label,label_id,scenario,repetition,original_samples,duration_seconds,path,fold_test_subject,validation_subject,true_label,predicted_label,probability_ADL,probability_Near_Fall,probability_Fall
sub1,ADL,0,AS,1,1921,15.0,D:\00-FLagship Project\SFU-IMU Dataset\IMU Dataset\sub1\ADLs\AXR_AS_trial1.xlsx,sub1,sub2,ADL,ADL,0.97402304,0.025590431,0.00038649555
sub1,ADL,0,AS,2,2561,20.0,D:\00-FLagship Project\SFU-IMU Dataset\IMU Dataset\sub1\ADLs\AXR_AS_trial2.xlsx,sub1,sub2,ADL,ADL,0.9783135,0.021456752,0.00022969798
sub1,ADL,0,AS,3,2561,20.0,D:\00-FLagship Project\SFU-IMU Dataset\IMU Dataset\sub1\ADLs\AXR_AS_trial3.xlsx,sub1,sub2,ADL,ADL,0.98905164,0.010820629,0.0001276495
sub1,ADL,0,DS,1,2561,20.0,D:\00-FLagship Project\SFU-IMU Dataset\IMU Dataset\sub1\ADLs\AXR_DS_trial1.xlsx,sub1,sub2,ADL,ADL,0.99495596,0.004858359,0.00018571444
sub1,ADL,0,DS,2,2562,20.00781,D:\00-FLagship Project\SFU-IMU Dataset\IMU Dataset\sub1\ADLs\AXR_DS_trial2.xlsx,sub1,sub2,ADL,ADL,0.9934703,0.0063998257,0.0001299557
sub1,ADL,0,DS,3,2561,20.0,D:\00-FLagship Project\SFU-IMU Dataset\IMU Dataset\sub1\ADLs\AXR_DS_trial3.xlsx,sub1,sub2,ADL,ADL,0.9978283,0.0021275836,4.415662e-05
sub1,ADL,0,DSL,1,1921,15.0,D:\00-FLagship Project\SFU-IMU Dataset\IMU Dataset\sub1\ADLs\JXL_DSL_trial1.xlsx,sub1,sub2,ADL,ADL,0.9972682,3.4170174e-28,0.0027318008
sub1,ADL,0,DSL,2,1921,15.0,D:\00-FLagship Project\SFU-IMU Dataset\IMU Dataset\sub1\ADLs\JXL_DSL_trial2.xlsx,sub1,sub2,ADL,ADL,0.99914205,1.3853372e-29,0.0008579566
sub1,ADL,0,DSL,3,1921,15.0,D:\00-FLagship Project\SFU-IMU Dataset\IMU Dataset\sub1\ADLs\JXL_DSL_trial3.xlsx,sub1,sub2,ADL,ADL,0.99931335,1.7863642e-20,0.0006865949
sub1,ADL,0,DSS,1,1921,15.0,D:\00-FLagship Project\SFU-IMU Dataset\IMU Dataset\sub1\ADLs\JXL_DSS_trial1.xlsx,sub1,sub2,ADL,ADL,0.61374,0.31306008,0.07319987
sub1,ADL,0,DSS,2,1921,15.0,D:\00-FLagship Project\SFU-IMU Dataset\IMU Dataset\sub1\ADLs\JXL_DSS_trial2.xlsx,sub1,sub2,ADL,ADL,0.957206,0.02735151,0.0154424
sub1,ADL,0,DSS,3,1921,15.0,D:\00-FLagship Project\SFU-IMU Dataset\IMU Dataset\sub1\ADLs\JXL_DSS_trial3.xlsx,sub1,sub2,ADL,ADL,0.9287326,0.0662979,0.004969481
sub1,ADL,0,NW,1,1921,15.0,D:\00-FLagship Project\SFU-IMU Dataset\IMU Dataset\sub1\ADLs\JXL_NW_trial1.xlsx,sub1,sub2,ADL,ADL,0.8045655,0.19413619,0.0012983219
sub1,ADL,0,NW,2,1921,15.0,D:\00-FLagship Project\SFU-IMU Dataset\IMU Dataset\sub1\ADLs\JXL_NW_trial2.xlsx,sub1,sub2,ADL,ADL,0.9267458,0.07210621,0.0011479373
sub1,ADL,0,NW,3,1921,15.0,D:\00-FLagship Project\SFU-IMU Dataset\IMU Dataset\sub1\ADLs\JXL_NW_trial3.xlsx,sub1,sub2,ADL,ADL,0.9669231,0.031717245,0.0013596896
sub1,ADL,0,POG,1,1921,15.0,D:\00-FLagship Project\SFU-IMU Dataset\IMU Dataset\sub1\ADLs\JXL_POG_trial1.xlsx,sub1,sub2,ADL,ADL,0.9740495,0.02502583,0.0009246663
sub1,ADL,0,POG,2,1921,15.0,D:\00-FLagship Project\SFU-IMU Dataset\IMU Dataset\sub1\ADLs\JXL_POG_trial2.xlsx,sub1,sub2,ADL,ADL,0.9751084,0.024340818,0.0005507867
sub1,ADL,0,POG,3,1921,15.0,D:\00-FLagship Project\SFU-IMU Dataset\IMU Dataset\sub1\ADLs\JXL_POG_trial3.xlsx,sub1,sub2,ADL,ADL,0.9725663,0.02662462,0.0008091693
sub1,ADL,0,RSS,1,1921,15.0,D:\00-FLagship Project\SFU-IMU Dataset\IMU Dataset\sub1\ADLs\JXL_RSS_trial1.xlsx,sub1,sub2,ADL,ADL,0.9442237,0.052288696,0.0034875742
sub1,ADL,0,RSS,2,1921,15.0,D:\00-FLagship Project\SFU-IMU Dataset\IMU Dataset\sub1\ADLs\JXL_RSS_trial2.xlsx,sub1,sub2,ADL,ADL,0.91563463,0.07797703,0.0063883048
sub1,ADL,0,RSS,3,1921,15.0,D:\00-FLagship Project\SFU-IMU Dataset\IMU Dataset\sub1\ADLs\JXL_RSS_trial3.xlsx,sub1,sub2,ADL,ADL,0.8224196,0.17400362,0.0035767516
sub1,ADL,0,SQ,1,1921,15.0,D:\00-FLagship Project\SFU-IMU Dataset\IMU Dataset\sub1\ADLs\JXL_SQ_trial1.xlsx,sub1,sub2,ADL,ADL,0.9041454,0.08948202,0.0063725505
sub1,ADL,0,SQ,2,1921,15.0,D:\00-FLagship Project\SFU-IMU Dataset\IMU Dataset\sub1\ADLs\JXL_SQ_trial2.xlsx,sub1,sub2,ADL,ADL,0.90574276,0.08699784,0.0072595016
sub1,ADL,0,SQ,3,1921,15.0,D:\00-FLagship Project\SFU-IMU Dataset\IMU Dataset\sub1\ADLs\JXL_SQ_trial3.xlsx,sub1,sub2,ADL,ADL,0.8173017,0.17773557,0.0049627954
sub1,Fall,2,ITCS,1,1921,15.0,D:\00-FLagship Project\SFU-IMU Dataset\IMU Dataset\sub1\Falls\AXR_ITCS_trial1.xlsx,sub1,sub2,Fall,Fall,7.851901e-05,5.9589106e-10,0.99992144
sub1,Fall,2,ITCS,3,1921,15.0,D:\00-FLagship Project\SFU-IMU Dataset\IMU Dataset\sub1\Falls\AXR_ITCS_trial3.xlsx,sub1,sub2,Fall,Fall,0.023389976,5.332743e-06,0.97660464
sub1,Fall,2,ITCS,4,1921,15.0,D:\00-FLagship Project\SFU-IMU Dataset\IMU Dataset\sub1\Falls\AXR_ITCS_trial4.xlsx,sub1,sub2,Fall,Fall,2.3345212e-05,1.6810848e-15,0.99997663
sub1,Fall,2,slip,1,1921,15.0,D:\00-FLagship Project\SFU-IMU Dataset\IMU Dataset\sub1\Falls\AXR_slip_trial1.xlsx,sub1,sub2,Fall,Fall,0.00021635734,0.11431896,0.88546467
sub1,Fall,2,slip,2,1921,15.0,D:\00-FLagship Project\SFU-IMU Dataset\IMU Dataset\sub1\Falls\AXR_slip_trial2.xlsx,sub1,sub2,Fall,Fall,0.06288828,1.3205094e-18,0.93711174
sub1,Fall,2,slip,6,1922,15.00781,D:\00-FLagship Project\SFU-IMU Dataset\IMU Dataset\sub1\Falls\AXR_slip_trial6.xlsx,sub1,sub2,Fall,ADL,0.74089855,7.889758e-35,0.25910148
sub1,Fall,2,HB,2,1921,15.0,D:\00-FLagship Project\SFU-IMU Dataset\IMU Dataset\sub1\Falls\JXL_HB_trial2.xlsx,sub1,sub2,Fall,Fall,0.06690074,1.8351998e-27,0.93309927
sub1,Fall,2,HB,3,1921,15.0,D:\00-FLagship Project\SFU-IMU Dataset\IMU Dataset\sub1\Falls\JXL_HB_trial3.xlsx,sub1,sub2,Fall,Fall,0.03934171,5.314632e-18,0.96065825
sub1,Fall,2,HB,4,1921,15.0,D:\00-FLagship Project\SFU-IMU Dataset\IMU Dataset\sub1\Falls\JXL_HB_trial4.xlsx,sub1,sub2,Fall,Fall,0.009500582,2.894482e-25,0.99049944
sub1,Fall,2,ITDS,1,1921,15.0,D:\00-FLagship Project\SFU-IMU Dataset\IMU Dataset\sub1\Falls\JXL_ITDS_trial1.xlsx,sub1,sub2,Fall,ADL,0.72150713,1.5559873e-32,0.2784928
sub1,Fall,2,ITDS,2,1921,15.0,D:\00-FLagship Project\SFU-IMU Dataset\IMU Dataset\sub1\Falls\JXL_ITDS_trial2.xlsx,sub1,sub2,Fall,Fall,0.07636826,1.0196775e-27,0.9236317
sub1,Fall,2,ITDS,3,1921,15.0,D:\00-FLagship Project\SFU-IMU Dataset\IMU Dataset\sub1\Falls\JXL_ITDS_trial3.xlsx,sub1,sub2,Fall,Fall,0.012372475,7.8313847e-19,0.9876275
sub1,Fall,2,ITRS,1,1921,15.0,D:\00-FLagship Project\SFU-IMU Dataset\IMU Dataset\sub1\Falls\JXL_ITRS_trial1.xlsx,sub1,sub2,Fall,Fall,6.9585394e-06,6.015929e-24,0.9999931
sub1,Fall,2,ITRS,2,1922,15.00781,D:\00-FLagship Project\SFU-IMU Dataset\IMU Dataset\sub1\Falls\JXL_ITRS_trial2.xlsx,sub1,sub2,Fall,Fall,0.00023328996,2.20858e-16,0.99976677
sub1,Fall,2,ITRS,4,1921,15.0,D:\00-FLagship Project\SFU-IMU Dataset\IMU Dataset\sub1\Falls\JXL_ITRS_trial4.xlsx,sub1,sub2,Fall,Fall,2.0288414e-06,2.2630784e-20,0.999998
sub1,Fall,2,LCC,1,1921,15.0,D:\00-FLagship Project\SFU-IMU Dataset\IMU Dataset\sub1\Falls\JXL_LCC_trial1.xlsx,sub1,sub2,Fall,Fall,0.00652892,2.0808058e-19,0.99347115
sub1,Fall,2,LCC,2,1921,15.0,D:\00-FLagship Project\SFU-IMU Dataset\IMU Dataset\sub1\Falls\JXL_LCC_trial2.xlsx,sub1,sub2,Fall,Fall,0.25267857,9.478036e-16,0.7473214
sub1,Fall,2,LCC,3,1921,15.0,D:\00-FLagship Project\SFU-IMU Dataset\IMU Dataset\sub1\Falls\JXL_LCC_trial3.xlsx,sub1,sub2,Fall,Fall,0.10911765,4.436437e-11,0.8908824
sub1,Fall,2,trip,1,1921,15.0,D:\00-FLagship Project\SFU-IMU Dataset\IMU Dataset\sub1\Falls\JXL_trip_trial1.xlsx,sub1,sub2,Fall,Fall,0.00018927241,9.340167e-28,0.99981076
sub1,Fall,2,trip,2,1921,15.0,D:\00-FLagship Project\SFU-IMU Dataset\IMU Dataset\sub1\Falls\JXL_trip_trial2.xlsx,sub1,sub2,Fall,Fall,0.0028884877,1.538931e-27,0.99711144
sub1,Fall,2,trip,4,1921,15.0,D:\00-FLagship Project\SFU-IMU Dataset\IMU Dataset\sub1\Falls\JXL_trip_trial4.xlsx,sub1,sub2,Fall,Fall,4.3318704e-07,4.810665e-10,0.9999995
sub1,Near_Fall,1,ITCS,2,1921,15.0,D:\00-FLagship Project\SFU-IMU Dataset\IMU Dataset\sub1\Near_Falls\AXR_ITCS_trial2.xlsx,sub1,sub2,Near_Fall,Near_Fall,0.26058537,0.73238724,0.007027447
sub1,Near_Fall,1,ITCS,5,1921,15.0,D:\00-FLagship Project\SFU-IMU Dataset\IMU Dataset\sub1\Near_Falls\AXR_ITCS_trial5.xlsx,sub1,sub2,Near_Fall,Near_Fall,0.38195547,0.61554754,0.0024970088
sub1,Near_Fall,1,ITCS,6,1921,15.0,D:\00-FLagship Project\SFU-IMU Dataset\IMU Dataset\sub1\Near_Falls\AXR_ITCS_trial6.xlsx,sub1,sub2,Near_Fall,Near_Fall,0.30771998,0.6860725,0.006207506
sub1,Near_Fall,1,slip,3,1921,15.0,D:\00-FLagship Project\SFU-IMU Dataset\IMU Dataset\sub1\Near_Falls\AXR_slip_trial3.xlsx,sub1,sub2,Near_Fall,Near_Fall,0.32907012,0.65879834,0.0121315
sub1,Near_Fall,1,slip,4,1921,15.0,D:\00-FLagship Project\SFU-IMU Dataset\IMU Dataset\sub1\Near_Falls\AXR_slip_trial4.xlsx,sub1,sub2,Near_Fall,Near_Fall,0.046513498,0.94207245,0.011414029
sub1,Near_Fall,1,slip,5,1921,15.0,D:\00-FLagship Project\SFU-IMU Dataset\IMU Dataset\sub1\Near_Falls\AXR_slip_trial5.xlsx,sub1,sub2,Near_Fall,Near_Fall,0.48301327,0.5128227,0.0041640094
sub1,Near_Fall,1,HB,1,1921,15.0,D:\00-FLagship Project\SFU-IMU Dataset\IMU Dataset\sub1\Near_Falls\JXL_HB_trial1.xlsx,sub1,sub2,Near_Fall,ADL,0.87719274,0.12159073,0.0012165942
sub1,Near_Fall,1,HB,5,1921,15.0,D:\00-FLagship Project\SFU-IMU Dataset\IMU Dataset\sub1\Near_Falls\JXL_HB_trial5.xlsx,sub1,sub2,Near_Fall,Near_Fall,0.009555609,0.9814808,0.008963651
sub1,Near_Fall,1,HB,6,1921,15.0,D:\00-FLagship Project\SFU-IMU Dataset\IMU Dataset\sub1\Near_Falls\JXL_HB_trial6.xlsx,sub1,sub2,Near_Fall,ADL,0.8748573,0.12288969,0.0022530302
sub1,Near_Fall,1,ITRS,3,1921,15.0,D:\00-FLagship Project\SFU-IMU Dataset\IMU Dataset\sub1\Near_Falls\JXL_ITRS_trial3.xlsx,sub1,sub2,Near_Fall,ADL,0.8774296,0.1218235,0.00074686133
sub1,Near_Fall,1,ITRS,5,1921,15.0,D:\00-FLagship Project\SFU-IMU Dataset\IMU Dataset\sub1\Near_Falls\JXL_ITRS_trial5.xlsx,sub1,sub2,Near_Fall,Near_Fall,0.0012195697,0.9926475,0.0061329193
sub1,Near_Fall,1,ITRS,6,1921,15.0,D:\00-FLagship Project\SFU-IMU Dataset\IMU Dataset\sub1\Near_Falls\JXL_ITRS_trial6.xlsx,sub1,sub2,Near_Fall,Near_Fall,0.0013176659,0.9781953,0.020487044
sub1,Near_Fall,1,trip,3,1921,15.0,D:\00-FLagship Project\SFU-IMU Dataset\IMU Dataset\sub1\Near_Falls\JXL_trip_trial3.xlsx,sub1,sub2,Near_Fall,Fall,7.1446266e-05,6.661138e-05,0.99986196
sub1,Near_Fall,1,trip,5,1921,15.0,D:\00-FLagship Project\SFU-IMU Dataset\IMU Dataset\sub1\Near_Falls\JXL_trip_trial5.xlsx,sub1,sub2,Near_Fall,ADL,0.8930732,0.105953515,0.00097327295
sub1,Near_Fall,1,trip,6,1921,15.0,D:\00-FLagship Project\SFU-IMU Dataset\IMU Dataset\sub1\Near_Falls\JXL_trip_trial6.xlsx,sub1,sub2,Near_Fall,ADL,0.9619819,0.03763082,0.00038725924
sub2,ADL,0,AS,1,2561,20.0,D:\00-FLagship Project\SFU-IMU Dataset\IMU Dataset\sub2\ADLs\TXI_AS_trial1.xlsx,sub2,sub3,ADL,ADL,0.8828017,0.112729594,0.0044686045
sub2,ADL,0,AS,2,2561,20.0,D:\00-FLagship Project\SFU-IMU Dataset\IMU Dataset\sub2\ADLs\TXI_AS_trial2.xlsx,sub2,sub3,ADL,ADL,0.848977,0.14485975,0.006163212
sub2,ADL,0,AS,3,2561,20.0,D:\00-FLagship Project\SFU-IMU Dataset\IMU Dataset\sub2\ADLs\TXI_AS_trial3.xlsx,sub2,sub3,ADL,ADL,0.70633334,0.28777713,0.005889547
sub2,ADL,0,DS,1,2561,20.0,D:\00-FLagship Project\SFU-IMU Dataset\IMU Dataset\sub2\ADLs\TXI_DS_trial1.xlsx,sub2,sub3,ADL,ADL,0.50338954,0.48786944,0.008741017
sub2,ADL,0,DS,2,2561,20.0,D:\00-FLagship Project\SFU-IMU Dataset\IMU Dataset\sub2\ADLs\TXI_DS_trial2.xlsx,sub2,sub3,ADL,ADL,0.67091256,0.32325014,0.005837344
sub2,ADL,0,DS,3,2561,20.0,D:\00-FLagship Project\SFU-IMU Dataset\IMU Dataset\sub2\ADLs\TXI_DS_trial3.xlsx,sub2,sub3,ADL,ADL,0.66587985,0.3289602,0.005159985
sub2,ADL,0,DSL,1,1921,15.0,D:\00-FLagship Project\SFU-IMU Dataset\IMU Dataset\sub2\ADLs\TXI_DSL_trial1.xlsx,sub2,sub3,ADL,ADL,0.7883174,2.8824445e-08,0.21168262
sub2,ADL,0,DSL,2,1922,15.00781,D:\00-FLagship Project\SFU-IMU Dataset\IMU Dataset\sub2\ADLs\TXI_DSL_trial2.xlsx,sub2,sub3,ADL,ADL,0.73887134,7.619476e-09,0.26112863
sub2,ADL,0,DSL,3,1921,15.0,D:\00-FLagship Project\SFU-IMU Dataset\IMU Dataset\sub2\ADLs\TXI_DSL_trial3.xlsx,sub2,sub3,ADL,ADL,0.57260406,1.8172769e-07,0.4273957
sub2,ADL,0,DSS,1,1921,15.0,D:\00-FLagship Project\SFU-IMU Dataset\IMU Dataset\sub2\ADLs\TXI_DSS_trial1.xlsx,sub2,sub3,ADL,ADL,0.7647713,0.22373587,0.011492785
sub2,ADL,0,DSS,2,1921,15.0,D:\00-FLagship Project\SFU-IMU Dataset\IMU Dataset\sub2\ADLs\TXI_DSS_trial2.xlsx,sub2,sub3,ADL,ADL,0.6943207,0.30005345,0.0056259283
sub2,ADL,0,DSS,3,1921,15.0,D:\00-FLagship Project\SFU-IMU Dataset\IMU Dataset\sub2\ADLs\TXI_DSS_trial3.xlsx,sub2,sub3,ADL,ADL,0.737685,0.25451982,0.0077951485
sub2,ADL,0,NW,1,1921,15.0,D:\00-FLagship Project\SFU-IMU Dataset\IMU Dataset\sub2\ADLs\TXI_NW_trial1.xlsx,sub2,sub3,ADL,ADL,0.9218937,0.07364521,0.004460985
sub2,ADL,0,NW,2,1921,15.0,D:\00-FLagship Project\SFU-IMU Dataset\IMU Dataset\sub2\ADLs\TXI_NW_trial2.xlsx,sub2,sub3,ADL,ADL,0.84324247,0.15148477,0.0052728266
sub2,ADL,0,NW,3,1921,15.0,D:\00-FLagship Project\SFU-IMU Dataset\IMU Dataset\sub2\ADLs\TXI_NW_trial3.xlsx,sub2,sub3,ADL,ADL,0.9306579,0.06540943,0.003932664
sub2,ADL,0,POG,1,1921,15.0,D:\00-FLagship Project\SFU-IMU Dataset\IMU Dataset\sub2\ADLs\TXI_POG_trial1.xlsx,sub2,sub3,ADL,ADL,0.60073,0.3762151,0.023054956
sub2,ADL,0,POG,2,1921,15.0,D:\00-FLagship Project\SFU-IMU Dataset\IMU Dataset\sub2\ADLs\TXI_POG_trial2.xlsx,sub2,sub3,ADL,ADL,0.6592367,0.32121477,0.019548517
sub2,ADL,0,POG,3,1921,15.0,D:\00-FLagship Project\SFU-IMU Dataset\IMU Dataset\sub2\ADLs\TXI_POG_trial3.xlsx,sub2,sub3,ADL,ADL,0.7810142,0.20410404,0.014881755
sub2,ADL,0,RSS,1,1921,15.0,D:\00-FLagship Project\SFU-IMU Dataset\IMU Dataset\sub2\ADLs\TXI_RSS_trial1.xlsx,sub2,sub3,ADL,ADL,0.75843686,0.23545314,0.006110028
sub2,ADL,0,RSS,2,1921,15.0,D:\00-FLagship Project\SFU-IMU Dataset\IMU Dataset\sub2\ADLs\TXI_RSS_trial2.xlsx,sub2,sub3,ADL,ADL,0.73349255,0.2603986,0.006108807
sub2,ADL,0,RSS,3,1921,15.0,D:\00-FLagship Project\SFU-IMU Dataset\IMU Dataset\sub2\ADLs\TXI_RSS_trial3.xlsx,sub2,sub3,ADL,ADL,0.7663182,0.22823238,0.0054494487
sub2,ADL,0,SQ,1,1922,15.00781,D:\00-FLagship Project\SFU-IMU Dataset\IMU Dataset\sub2\ADLs\TXI_SQ_trial1.xlsx,sub2,sub3,ADL,ADL,0.8638737,0.1287733,0.0073528793
sub2,ADL,0,SQ,2,1921,15.0,D:\00-FLagship Project\SFU-IMU Dataset\IMU Dataset\sub2\ADLs\TXI_SQ_trial2.xlsx,sub2,sub3,ADL,ADL,0.86168665,0.13078064,0.0075327195
sub2,ADL,0,SQ,3,1921,15.0,D:\00-FLagship Project\SFU-IMU Dataset\IMU Dataset\sub2\ADLs\TXI_SQ_trial3.xlsx,sub2,sub3,ADL,ADL,0.85862356,0.13184042,0.00953595
sub2,Fall,2,CS,1,1921,15.0,D:\00-FLagship Project\SFU-IMU Dataset\IMU Dataset\sub2\Falls\TXI_CS_trial1.xlsx,sub2,sub3,Fall,Fall,0.06690111,0.015062028,0.9180369
sub2,Fall,2,CS,4,1921,15.0,D:\00-FLagship Project\SFU-IMU Dataset\IMU Dataset\sub2\Falls\TXI_CS_trial4.xlsx,sub2,sub3,Fall,Fall,0.1300178,2.0840735e-05,0.8699613
sub2,Fall,2,CS,5,1921,15.0,D:\00-FLagship Project\SFU-IMU Dataset\IMU Dataset\sub2\Falls\TXI_CS_trial5.xlsx,sub2,sub3,Fall,Fall,0.07931247,4.7533345e-06,0.9206828
sub2,Fall,2,HB,1,1921,15.0,D:\00-FLagship Project\SFU-IMU Dataset\IMU Dataset\sub2\Falls\TXI_HB_trial1.xlsx,sub2,sub3,Fall,Fall,0.00026229193,6.0596244e-07,0.9997371
sub2,Fall,2,HB,2,1921,15.0,D:\00-FLagship Project\SFU-IMU Dataset\IMU Dataset\sub2\Falls\TXI_HB_trial2.xlsx,sub2,sub3,Fall,Fall,0.00013147773,5.5064526e-09,0.9998685
sub2,Fall,2,HB,4,1921,15.0,D:\00-FLagship Project\SFU-IMU Dataset\IMU Dataset\sub2\Falls\TXI_HB_trial4.xlsx,sub2,sub3,Fall,Fall,1.3894771e-05,2.2604924e-07,0.9999858
sub2,Fall,2,ITDS,1,1922,15.00781,D:\00-FLagship Project\SFU-IMU Dataset\IMU Dataset\sub2\Falls\TXI_ITDS_trial1.xlsx,sub2,sub3,Fall,ADL,0.5077487,7.31677e-09,0.4922513
sub2,Fall,2,ITDS,2,1921,15.0,D:\00-FLagship Project\SFU-IMU Dataset\IMU Dataset\sub2\Falls\TXI_ITDS_trial2.xlsx,sub2,sub3,Fall,ADL,0.5493609,4.1750595e-10,0.4506391
sub2,Fall,2,ITDS,3,1921,15.0,D:\00-FLagship Project\SFU-IMU Dataset\IMU Dataset\sub2\Falls\TXI_ITDS_trial3.xlsx,sub2,sub3,Fall,Fall,0.11534551,1.4394159e-06,0.88465303
sub2,Fall,2,ITRS,2,1921,15.0,D:\00-FLagship Project\SFU-IMU Dataset\IMU Dataset\sub2\Falls\TXI_ITRS_trial2.xlsx,sub2,sub3,Fall,Fall,0.014639978,5.4481353e-07,0.98535943
sub2,Fall,2,ITRS,3,1921,15.0,D:\00-FLagship Project\SFU-IMU Dataset\IMU Dataset\sub2\Falls\TXI_ITRS_trial3.xlsx,sub2,sub3,Fall,Fall,0.0016698547,0.116439015,0.8818911
sub2,Fall,2,ITRS,5,1921,15.0,D:\00-FLagship Project\SFU-IMU Dataset\IMU Dataset\sub2\Falls\TXI_ITRS_trial5.xlsx,sub2,sub3,Fall,Fall,0.042941306,0.0006008373,0.95645773
sub2,Fall,2,LCC,1,1921,15.0,D:\00-FLagship Project\SFU-IMU Dataset\IMU Dataset\sub2\Falls\TXI_LCC_trial1.xlsx,sub2,sub3,Fall,Fall,0.023294961,7.8940126e-09,0.976705
sub2,Fall,2,LCC,2,1921,15.0,D:\00-FLagship Project\SFU-IMU Dataset\IMU Dataset\sub2\Falls\TXI_LCC_trial2.xlsx,sub2,sub3,Fall,Fall,0.047855884,4.838958e-11,0.95214415
sub2,Fall,2,LCC,3,1921,15.0,D:\00-FLagship Project\SFU-IMU Dataset\IMU Dataset\sub2\Falls\TXI_LCC_trial3.xlsx,sub2,sub3,Fall,Fall,0.016490592,0.3247699,0.6587395
sub2,Fall,2,slip,1,1921,15.0,D:\00-FLagship Project\SFU-IMU Dataset\IMU Dataset\sub2\Falls\TXI_slip_trial1.xlsx,sub2,sub3,Fall,ADL,0.5184882,4.2706874e-06,0.48150745
sub2,Fall,2,slip,2,1921,15.0,D:\00-FLagship Project\SFU-IMU Dataset\IMU Dataset\sub2\Falls\TXI_slip_trial2.xlsx,sub2,sub3,Fall,ADL,0.7228059,0.00024940664,0.27694464
sub2,Fall,2,slip,5,1921,15.0,D:\00-FLagship Project\SFU-IMU Dataset\IMU Dataset\sub2\Falls\TXI_slip_trial5.xlsx,sub2,sub3,Fall,Fall,0.0020363461,2.6371747e-06,0.99796104
sub2,Fall,2,trip,2,1921,15.0,D:\00-FLagship Project\SFU-IMU Dataset\IMU Dataset\sub2\Falls\TXI_trip_trial2.xlsx,sub2,sub3,Fall,Fall,5.814712e-05,4.0462032e-06,0.9999378
sub2,Fall,2,trip,4,1921,15.0,D:\00-FLagship Project\SFU-IMU Dataset\IMU Dataset\sub2\Falls\TXI_trip_trial4.xlsx,sub2,sub3,Fall,Fall,0.00056303357,0.00037419028,0.99906284
sub2,Fall,2,trip,5,1921,15.0,D:\00-FLagship Project\SFU-IMU Dataset\IMU Dataset\sub2\Falls\TXI_trip_trial5.xlsx,sub2,sub3,Fall,Fall,0.0011065195,8.6381035e-05,0.9988072
sub2,Near_Fall,1,CS,2,1921,15.0,D:\00-FLagship Project\SFU-IMU Dataset\IMU Dataset\sub2\Near_Falls\TXI_CS_trial2.xlsx,sub2,sub3,Near_Fall,ADL,0.61194426,0.37816316,0.0098926155
sub2,Near_Fall,1,CS,3,1921,15.0,D:\00-FLagship Project\SFU-IMU Dataset\IMU Dataset\sub2\Near_Falls\TXI_CS_trial3.xlsx,sub2,sub3,Near_Fall,ADL,0.8596103,0.13420726,0.0061824713
sub2,Near_Fall,1,CS,6,1921,15.0,D:\00-FLagship Project\SFU-IMU Dataset\IMU Dataset\sub2\Near_Falls\TXI_CS_trial6.xlsx,sub2,sub3,Near_Fall,Near_Fall,0.007552158,0.9870705,0.005377352
sub2,Near_Fall,1,HB,3,1921,15.0,D:\00-FLagship Project\SFU-IMU Dataset\IMU Dataset\sub2\Near_Falls\TXI_HB_trial3.xlsx,sub2,sub3,Near_Fall,Near_Fall,0.2257628,0.752712,0.021525154
sub2,Near_Fall,1,HB,5,1922,15.00781,D:\00-FLagship Project\SFU-IMU Dataset\IMU Dataset\sub2\Near_Falls\TXI_HB_trial5.xlsx,sub2,sub3,Near_Fall,Near_Fall,0.074027486,0.9135326,0.0124398805
sub2,Near_Fall,1,HB,6,1921,15.0,D:\00-FLagship Project\SFU-IMU Dataset\IMU Dataset\sub2\Near_Falls\TXI_HB_trial6.xlsx,sub2,sub3,Near_Fall,Near_Fall,0.16610976,0.8176993,0.016190907
sub2,Near_Fall,1,ITRS,1,1921,15.0,D:\00-FLagship Project\SFU-IMU Dataset\IMU Dataset\sub2\Near_Falls\TXI_ITRS_trial1.xlsx,sub2,sub3,Near_Fall,Near_Fall,0.11027037,0.8813868,0.008342848
sub2,Near_Fall,1,ITRS,4,1921,15.0,D:\00-FLagship Project\SFU-IMU Dataset\IMU Dataset\sub2\Near_Falls\TXI_ITRS_trial4.xlsx,sub2,sub3,Near_Fall,Near_Fall,0.23169076,0.76255655,0.0057526487
sub2,Near_Fall,1,ITRS,6,1921,15.0,D:\00-FLagship Project\SFU-IMU Dataset\IMU Dataset\sub2\Near_Falls\TXI_ITRS_trial6.xlsx,sub2,sub3,Near_Fall,ADL,0.58491623,0.40886822,0.006215565
sub2,Near_Fall,1,slip,3,1921,15.0,D:\00-FLagship Project\SFU-IMU Dataset\IMU Dataset\sub2\Near_Falls\TXI_slip_trial3.xlsx,sub2,sub3,Near_Fall,Near_Fall,0.19272207,0.8062593,0.0010186193
sub2,Near_Fall,1,slip,4,1921,15.0,D:\00-FLagship Project\SFU-IMU Dataset\IMU Dataset\sub2\Near_Falls\TXI_slip_trial4.xlsx,sub2,sub3,Near_Fall,Near_Fall,0.110098794,0.884663,0.005238164
sub2,Near_Fall,1,slip,7,1921,15.0,D:\00-FLagship Project\SFU-IMU Dataset\IMU Dataset\sub2\Near_Falls\TXI_slip_trial7.xlsx,sub2,sub3,Near_Fall,Near_Fall,0.035263013,0.96258503,0.0021519547
sub2,Near_Fall,1,trip,1,1921,15.0,D:\00-FLagship Project\SFU-IMU Dataset\IMU Dataset\sub2\Near_Falls\TXI_trip_trial1.xlsx,sub2,sub3,Near_Fall,Near_Fall,0.032334898,0.9637948,0.0038702863
sub2,Near_Fall,1,trip,3,1921,15.0,D:\00-FLagship Project\SFU-IMU Dataset\IMU Dataset\sub2\Near_Falls\TXI_trip_trial3.xlsx,sub2,sub3,Near_Fall,Near_Fall,0.09912644,0.89781827,0.0030552826
sub2,Near_Fall,1,trip,6,1921,15.0,D:\00-FLagship Project\SFU-IMU Dataset\IMU Dataset\sub2\Near_Falls\TXI_trip_trial6.xlsx,sub2,sub3,Near_Fall,Near_Fall,0.0036950845,0.98985845,0.0064465017
sub3,ADL,0,AS,1,2561,20.0,D:\00-FLagship Project\SFU-IMU Dataset\IMU Dataset\sub3\ADLs\CXR_AS_trial1.xlsx,sub3,sub4,ADL,ADL,0.71871823,0.26714596,0.014135864
sub3,ADL,0,AS,2,2561,20.0,D:\00-FLagship Project\SFU-IMU Dataset\IMU Dataset\sub3\ADLs\CXR_AS_trial2.xlsx,sub3,sub4,ADL,ADL,0.8259794,0.1679943,0.00602631
sub3,ADL,0,AS,3,2562,20.00781,D:\00-FLagship Project\SFU-IMU Dataset\IMU Dataset\sub3\ADLs\CXR_AS_trial3.xlsx,sub3,sub4,ADL,ADL,0.8958765,0.09974167,0.0043818043
sub3,ADL,0,DS,1,2561,20.0,D:\00-FLagship Project\SFU-IMU Dataset\IMU Dataset\sub3\ADLs\CXR_DS_trial1.xlsx,sub3,sub4,ADL,ADL,0.49601245,0.44857296,0.055414613
sub3,ADL,0,DS,2,2561,20.0,D:\00-FLagship Project\SFU-IMU Dataset\IMU Dataset\sub3\ADLs\CXR_DS_trial2.xlsx,sub3,sub4,ADL,ADL,0.57446575,0.39838347,0.027150778
sub3,ADL,0,DS,3,2561,20.0,D:\00-FLagship Project\SFU-IMU Dataset\IMU Dataset\sub3\ADLs\CXR_DS_trial3.xlsx,sub3,sub4,ADL,ADL,0.5908503,0.37917322,0.029976532
sub3,ADL,0,DSL,1,1921,15.0,D:\00-FLagship Project\SFU-IMU Dataset\IMU Dataset\sub3\ADLs\CXR_DSL_trial1.xlsx,sub3,sub4,ADL,Fall,0.28808612,2.7269614e-05,0.71188664
sub3,ADL,0,DSL,2,1921,15.0,D:\00-FLagship Project\SFU-IMU Dataset\IMU Dataset\sub3\ADLs\CXR_DSL_trial2.xlsx,sub3,sub4,ADL,Fall,0.28033322,0.07864289,0.6410239
sub3,ADL,0,DSL,3,1921,15.0,D:\00-FLagship Project\SFU-IMU Dataset\IMU Dataset\sub3\ADLs\CXR_DSL_trial3.xlsx,sub3,sub4,ADL,Fall,0.4577928,0.00026938456,0.5419378
sub3,ADL,0,DSS,1,1921,15.0,D:\00-FLagship Project\SFU-IMU Dataset\IMU Dataset\sub3\ADLs\CXR_DSS_trial1.xlsx,sub3,sub4,ADL,ADL,0.7627926,0.22178906,0.015418304
sub3,ADL,0,DSS,2,1921,15.0,D:\00-FLagship Project\SFU-IMU Dataset\IMU Dataset\sub3\ADLs\CXR_DSS_trial2.xlsx,sub3,sub4,ADL,ADL,0.8493586,0.13684112,0.013800222
sub3,ADL,0,DSS,3,1921,15.0,D:\00-FLagship Project\SFU-IMU Dataset\IMU Dataset\sub3\ADLs\CXR_DSS_trial3.xlsx,sub3,sub4,ADL,ADL,0.74087614,0.24405561,0.015068254
sub3,ADL,0,NW,1,1921,15.0,D:\00-FLagship Project\SFU-IMU Dataset\IMU Dataset\sub3\ADLs\CXR_NW_trial1.xlsx,sub3,sub4,ADL,ADL,0.7251921,0.25662744,0.018180385
sub3,ADL,0,NW,2,1921,15.0,D:\00-FLagship Project\SFU-IMU Dataset\IMU Dataset\sub3\ADLs\CXR_NW_trial2.xlsx,sub3,sub4,ADL,ADL,0.87352645,0.120951,0.0055225655
sub3,ADL,0,NW,3,1921,15.0,D:\00-FLagship Project\SFU-IMU Dataset\IMU Dataset\sub3\ADLs\CXR_NW_trial3.xlsx,sub3,sub4,ADL,ADL,0.822311,0.15974414,0.017944932
sub3,ADL,0,POG,1,1921,15.0,D:\00-FLagship Project\SFU-IMU Dataset\IMU Dataset\sub3\ADLs\CXR_POG_trial1.xlsx,sub3,sub4,ADL,ADL,0.7751696,0.21591786,0.00891253
sub3,ADL,0,POG,2,1921,15.0,D:\00-FLagship Project\SFU-IMU Dataset\IMU Dataset\sub3\ADLs\CXR_POG_trial2.xlsx,sub3,sub4,ADL,ADL,0.74970204,0.23709132,0.013206701
sub3,ADL,0,POG,3,1921,15.0,D:\00-FLagship Project\SFU-IMU Dataset\IMU Dataset\sub3\ADLs\CXR_POG_trial3.xlsx,sub3,sub4,ADL,ADL,0.7800506,0.2100279,0.009921453
sub3,ADL,0,RSS,1,1921,15.0,D:\00-FLagship Project\SFU-IMU Dataset\IMU Dataset\sub3\ADLs\CXR_RSS_trial1.xlsx,sub3,sub4,ADL,ADL,0.87467116,0.10946942,0.015859362
sub3,ADL,0,RSS,2,1921,15.0,D:\00-FLagship Project\SFU-IMU Dataset\IMU Dataset\sub3\ADLs\CXR_RSS_trial2.xlsx,sub3,sub4,ADL,ADL,0.87299573,0.10818205,0.018822221
sub3,ADL,0,RSS,3,1921,15.0,D:\00-FLagship Project\SFU-IMU Dataset\IMU Dataset\sub3\ADLs\CXR_RSS_trial3.xlsx,sub3,sub4,ADL,ADL,0.8756289,0.1072057,0.017165396
sub3,ADL,0,SQ,1,1921,15.0,D:\00-FLagship Project\SFU-IMU Dataset\IMU Dataset\sub3\ADLs\CXR_SQ_trial1.xlsx,sub3,sub4,ADL,ADL,0.84305483,0.13403127,0.02291386
sub3,ADL,0,SQ,2,1921,15.0,D:\00-FLagship Project\SFU-IMU Dataset\IMU Dataset\sub3\ADLs\CXR_SQ_trial2.xlsx,sub3,sub4,ADL,ADL,0.87815505,0.09984812,0.021996738
sub3,ADL,0,SQ,3,1921,15.0,D:\00-FLagship Project\SFU-IMU Dataset\IMU Dataset\sub3\ADLs\CXR_SQ_trial3.xlsx,sub3,sub4,ADL,ADL,0.8806954,0.09743518,0.021869473
sub3,Fall,2,CS,1,1921,15.0,D:\00-FLagship Project\SFU-IMU Dataset\IMU Dataset\sub3\Falls\CXR_CS_trial1.xlsx,sub3,sub4,Fall,Fall,0.16081484,0.09420691,0.74497825
sub3,Fall,2,CS,2,1921,15.0,D:\00-FLagship Project\SFU-IMU Dataset\IMU Dataset\sub3\Falls\CXR_CS_trial2.xlsx,sub3,sub4,Fall,Fall,0.10804739,0.0010130715,0.89093953
sub3,Fall,2,CS,4,1921,15.0,D:\00-FLagship Project\SFU-IMU Dataset\IMU Dataset\sub3\Falls\CXR_CS_trial4.xlsx,sub3,sub4,Fall,Fall,0.0011731707,0.0002711354,0.9985556
sub3,Fall,2,HB,2,1921,15.0,D:\00-FLagship Project\SFU-IMU Dataset\IMU Dataset\sub3\Falls\CXR_HB_trial2.xlsx,sub3,sub4,Fall,Fall,0.25147247,0.00030586653,0.7482217
sub3,Fall,2,HB,3,1921,15.0,D:\00-FLagship Project\SFU-IMU Dataset\IMU Dataset\sub3\Falls\CXR_HB_trial3.xlsx,sub3,sub4,Fall,Fall,0.18041798,0.000561477,0.8190205
sub3,Fall,2,HB,4,1921,15.0,D:\00-FLagship Project\SFU-IMU Dataset\IMU Dataset\sub3\Falls\CXR_HB_trial4.xlsx,sub3,sub4,Fall,Fall,0.17804031,2.495153e-05,0.8219347
sub3,Fall,2,ITDS,1,1921,15.0,D:\00-FLagship Project\SFU-IMU Dataset\IMU Dataset\sub3\Falls\CXR_ITDS_trial1.xlsx,sub3,sub4,Fall,Fall,0.07758517,1.745156e-05,0.9223974
sub3,Fall,2,ITDS,2,1921,15.0,D:\00-FLagship Project\SFU-IMU Dataset\IMU Dataset\sub3\Falls\CXR_ITDS_trial2.xlsx,sub3,sub4,Fall,Fall,0.31833985,2.4441304e-05,0.68163574
sub3,Fall,2,ITDS,3,1922,15.00781,D:\00-FLagship Project\SFU-IMU Dataset\IMU Dataset\sub3\Falls\CXR_ITDS_trial3.xlsx,sub3,sub4,Fall,Fall,0.19356614,0.00021402694,0.80621976
sub3,Fall,2,ITRS,1,1921,15.0,D:\00-FLagship Project\SFU-IMU Dataset\IMU Dataset\sub3\Falls\CXR_ITRS_trial1.xlsx,sub3,sub4,Fall,Fall,0.063446224,7.097076e-05,0.9364828
sub3,Fall,2,ITRS,3,1921,15.0,D:\00-FLagship Project\SFU-IMU Dataset\IMU Dataset\sub3\Falls\CXR_ITRS_trial3.xlsx,sub3,sub4,Fall,Fall,0.2922253,0.0017086341,0.706066
sub3,Fall,2,ITRS,4,1921,15.0,D:\00-FLagship Project\SFU-IMU Dataset\IMU Dataset\sub3\Falls\CXR_ITRS_trial4.xlsx,sub3,sub4,Fall,Fall,0.13151199,0.00027696195,0.86821103
sub3,Fall,2,LCC,1,1921,15.0,D:\00-FLagship Project\SFU-IMU Dataset\IMU Dataset\sub3\Falls\CXR_LCC_trial1.xlsx,sub3,sub4,Fall,Fall,0.22108391,0.00044124312,0.7784748
sub3,Fall,2,LCC,2,1921,15.0,D:\00-FLagship Project\SFU-IMU Dataset\IMU Dataset\sub3\Falls\CXR_LCC_trial2.xlsx,sub3,sub4,Fall,Fall,0.14136875,5.772595e-05,0.85857356
sub3,Fall,2,LCC,3,1921,15.0,D:\00-FLagship Project\SFU-IMU Dataset\IMU Dataset\sub3\Falls\CXR_LCC_trial3.xlsx,sub3,sub4,Fall,Fall,0.22170934,3.084311e-05,0.7782599
sub3,Fall,2,slip,1,1921,15.0,D:\00-FLagship Project\SFU-IMU Dataset\IMU Dataset\sub3\Falls\CXR_slip_trial1.xlsx,sub3,sub4,Fall,Near_Fall,0.46512187,0.46812776,0.06675028
sub3,Fall,2,slip,2,1921,15.0,D:\00-FLagship Project\SFU-IMU Dataset\IMU Dataset\sub3\Falls\CXR_slip_trial2.xlsx,sub3,sub4,Fall,ADL,0.4887253,0.45034644,0.060928315
sub3,Fall,2,slip,5,1921,15.0,D:\00-FLagship Project\SFU-IMU Dataset\IMU Dataset\sub3\Falls\CXR_slip_trial5.xlsx,sub3,sub4,Fall,ADL,0.7658779,0.20743577,0.026686244
sub3,Fall,2,trip,1,1921,15.0,D:\00-FLagship Project\SFU-IMU Dataset\IMU Dataset\sub3\Falls\CXR_trip_trial1.xlsx,sub3,sub4,Fall,Near_Fall,0.13652547,0.76718533,0.09628919
sub3,Fall,2,trip,2,1921,15.0,D:\00-FLagship Project\SFU-IMU Dataset\IMU Dataset\sub3\Falls\CXR_trip_trial2.xlsx,sub3,sub4,Fall,Fall,0.00022043336,0.007615406,0.99216413
sub3,Fall,2,trip,5,1921,15.0,D:\00-FLagship Project\SFU-IMU Dataset\IMU Dataset\sub3\Falls\CXR_trip_trial5.xlsx,sub3,sub4,Fall,Near_Fall,0.29057768,0.6917658,0.017656535
sub3,Near_Fall,1,CS,3,1921,15.0,D:\00-FLagship Project\SFU-IMU Dataset\IMU Dataset\sub3\Near_Falls\CXR_CS_trial3.xlsx,sub3,sub4,Near_Fall,Near_Fall,0.32863224,0.62414217,0.04722565
sub3,Near_Fall,1,CS,5,1921,15.0,D:\00-FLagship Project\SFU-IMU Dataset\IMU Dataset\sub3\Near_Falls\CXR_CS_trial5.xlsx,sub3,sub4,Near_Fall,Near_Fall,0.09024343,0.8979214,0.011835183
sub3,Near_Fall,1,CS,6,1921,15.0,D:\00-FLagship Project\SFU-IMU Dataset\IMU Dataset\sub3\Near_Falls\CXR_CS_trial6.xlsx,sub3,sub4,Near_Fall,ADL,0.509285,0.43375078,0.056964226
sub3,Near_Fall,1,HB,1,1921,15.0,D:\00-FLagship Project\SFU-IMU Dataset\IMU Dataset\sub3\Near_Falls\CXR_HB_trial1.xlsx,sub3,sub4,Near_Fall,ADL,0.71527743,0.2542426,0.030479928
sub3,Near_Fall,1,HB,5,1921,15.0,D:\00-FLagship Project\SFU-IMU Dataset\IMU Dataset\sub3\Near_Falls\CXR_HB_trial5.xlsx,sub3,sub4,Near_Fall,ADL,0.64141417,0.32993624,0.028649658
sub3,Near_Fall,1,HB,6,1921,15.0,D:\00-FLagship Project\SFU-IMU Dataset\IMU Dataset\sub3\Near_Falls\CXR_HB_trial6.xlsx,sub3,sub4,Near_Fall,ADL,0.7051916,0.26385483,0.03095358
sub3,Near_Fall,1,ITRS,2,1921,15.0,D:\00-FLagship Project\SFU-IMU Dataset\IMU Dataset\sub3\Near_Falls\CXR_ITRS_trial2.xlsx,sub3,sub4,Near_Fall,Near_Fall,0.08192265,0.75653225,0.16154514
sub3,Near_Fall,1,ITRS,5,1921,15.0,D:\00-FLagship Project\SFU-IMU Dataset\IMU Dataset\sub3\Near_Falls\CXR_ITRS_trial5.xlsx,sub3,sub4,Near_Fall,ADL,0.6583786,0.3294304,0.012190942
sub3,Near_Fall,1,ITRS,6,1921,15.0,D:\00-FLagship Project\SFU-IMU Dataset\IMU Dataset\sub3\Near_Falls\CXR_ITRS_trial6.xlsx,sub3,sub4,Near_Fall,Near_Fall,0.31359696,0.57728976,0.1091133
sub3,Near_Fall,1,slip,3,1921,15.0,D:\00-FLagship Project\SFU-IMU Dataset\IMU Dataset\sub3\Near_Falls\CXR_slip_trial3.xlsx,sub3,sub4,Near_Fall,Near_Fall,0.44855613,0.5175271,0.03391675
sub3,Near_Fall,1,slip,4,1921,15.0,D:\00-FLagship Project\SFU-IMU Dataset\IMU Dataset\sub3\Near_Falls\CXR_slip_trial4.xlsx,sub3,sub4,Near_Fall,Near_Fall,0.4311443,0.5434562,0.025399528
sub3,Near_Fall,1,slip,6,1922,15.007819999999999,D:\00-FLagship Project\SFU-IMU Dataset\IMU Dataset\sub3\Near_Falls\CXR_slip_trial6.xlsx,sub3,sub4,Near_Fall,Near_Fall,0.36637488,0.6115438,0.02208133
sub3,Near_Fall,1,trip,3,1921,15.0,D:\00-FLagship Project\SFU-IMU Dataset\IMU Dataset\sub3\Near_Falls\CXR_trip_trial3.xlsx,sub3,sub4,Near_Fall,ADL,0.67724127,0.2999286,0.022830188
sub3,Near_Fall,1,trip,4,1921,15.0,D:\00-FLagship Project\SFU-IMU Dataset\IMU Dataset\sub3\Near_Falls\CXR_trip_trial4.xlsx,sub3,sub4,Near_Fall,ADL,0.7095853,0.26938695,0.021027775
sub3,Near_Fall,1,trip,6,1921,15.0,D:\00-FLagship Project\SFU-IMU Dataset\IMU Dataset\sub3\Near_Falls\CXR_trip_trial6.xlsx,sub3,sub4,Near_Fall,ADL,0.65332365,0.31952217,0.027154163
sub4,ADL,0,AS,1,2561,20.0,D:\00-FLagship Project\SFU-IMU Dataset\IMU Dataset\sub4\ADLs\AXJ_AS_trial1.xlsx,sub4,sub5,ADL,ADL,0.9837114,0.016271425,1.7159868e-05
sub4,ADL,0,AS,2,2561,20.0,D:\00-FLagship Project\SFU-IMU Dataset\IMU Dataset\sub4\ADLs\AXJ_AS_trial2.xlsx,sub4,sub5,ADL,ADL,0.96402043,0.035929315,5.018222e-05
sub4,ADL,0,AS,3,2561,20.0,D:\00-FLagship Project\SFU-IMU Dataset\IMU Dataset\sub4\ADLs\AXJ_AS_trial3.xlsx,sub4,sub5,ADL,ADL,0.97755426,0.022409312,3.649489e-05
sub4,ADL,0,DS,1,2561,20.0,D:\00-FLagship Project\SFU-IMU Dataset\IMU Dataset\sub4\ADLs\AXJ_DS_trial1.xlsx,sub4,sub5,ADL,ADL,0.86985767,0.13003361,0.00010879309
sub4,ADL,0,DS,2,2561,20.0,D:\00-FLagship Project\SFU-IMU Dataset\IMU Dataset\sub4\ADLs\AXJ_DS_trial2.xlsx,sub4,sub5,ADL,Near_Fall,0.25061,0.74701303,0.0023769687
sub4,ADL,0,DS,3,2561,20.0,D:\00-FLagship Project\SFU-IMU Dataset\IMU Dataset\sub4\ADLs\AXJ_DS_trial3.xlsx,sub4,sub5,ADL,ADL,0.8707003,0.12909761,0.00020204615
sub4,ADL,0,DSL,1,1921,15.0,D:\00-FLagship Project\SFU-IMU Dataset\IMU Dataset\sub4\ADLs\AXJ_DSL_trial1.xlsx,sub4,sub5,ADL,Fall,0.0004024692,4.5588076e-06,0.99959296
sub4,ADL,0,DSL,2,1921,15.0,D:\00-FLagship Project\SFU-IMU Dataset\IMU Dataset\sub4\ADLs\AXJ_DSL_trial2.xlsx,sub4,sub5,ADL,ADL,0.9615126,2.646286e-05,0.038460962
sub4,ADL,0,DSL,3,1921,15.0,D:\00-FLagship Project\SFU-IMU Dataset\IMU Dataset\sub4\ADLs\AXJ_DSL_trial3.xlsx,sub4,sub5,ADL,Fall,0.009501694,2.0971471e-09,0.99049824
sub4,ADL,0,DSS,1,1921,15.0,D:\00-FLagship Project\SFU-IMU Dataset\IMU Dataset\sub4\ADLs\AXJ_DSS_trial1.xlsx,sub4,sub5,ADL,ADL,0.97157896,0.02840787,1.32178375e-05
sub4,ADL,0,DSS,2,1921,15.0,D:\00-FLagship Project\SFU-IMU Dataset\IMU Dataset\sub4\ADLs\AXJ_DSS_trial2.xlsx,sub4,sub5,ADL,ADL,0.8730623,0.12688218,5.546251e-05
sub4,ADL,0,DSS,4,1921,15.0,D:\00-FLagship Project\SFU-IMU Dataset\IMU Dataset\sub4\ADLs\AXJ_DSS_trial4.xlsx,sub4,sub5,ADL,Near_Fall,2.8234308e-07,0.9894834,0.010516279
sub4,ADL,0,NW,1,1921,15.0,D:\00-FLagship Project\SFU-IMU Dataset\IMU Dataset\sub4\ADLs\AXJ_NW_trial1.xlsx,sub4,sub5,ADL,ADL,0.9792966,0.020675948,2.7434773e-05
sub4,ADL,0,NW,2,1921,15.0,D:\00-FLagship Project\SFU-IMU Dataset\IMU Dataset\sub4\ADLs\AXJ_NW_trial2.xlsx,sub4,sub5,ADL,Near_Fall,0.4426597,0.5555857,0.001754558
sub4,ADL,0,NW,3,1921,15.0,D:\00-FLagship Project\SFU-IMU Dataset\IMU Dataset\sub4\ADLs\AXJ_NW_trial3.xlsx,sub4,sub5,ADL,Near_Fall,5.0881895e-06,0.9599941,0.040000822
sub4,ADL,0,POG,1,1921,15.0,D:\00-FLagship Project\SFU-IMU Dataset\IMU Dataset\sub4\ADLs\AXJ_POG_trial1.xlsx,sub4,sub5,ADL,ADL,0.92481863,0.07419696,0.0009844468
sub4,ADL,0,POG,2,1921,15.0,D:\00-FLagship Project\SFU-IMU Dataset\IMU Dataset\sub4\ADLs\AXJ_POG_trial2.xlsx,sub4,sub5,ADL,ADL,0.97161895,0.028282605,9.8477874e-05
sub4,ADL,0,POG,3,1921,15.0,D:\00-FLagship Project\SFU-IMU Dataset\IMU Dataset\sub4\ADLs\AXJ_POG_trial3.xlsx,sub4,sub5,ADL,ADL,0.9720499,0.027871888,7.8221645e-05
sub4,ADL,0,RSS,1,1921,15.0,D:\00-FLagship Project\SFU-IMU Dataset\IMU Dataset\sub4\ADLs\AXJ_RSS_trial1.xlsx,sub4,sub5,ADL,ADL,0.8624285,0.13745484,0.00011664783
sub4,ADL,0,RSS,2,1921,15.0,D:\00-FLagship Project\SFU-IMU Dataset\IMU Dataset\sub4\ADLs\AXJ_RSS_trial2.xlsx,sub4,sub5,ADL,ADL,0.9472145,0.052734323,5.1255098e-05
sub4,ADL,0,RSS,3,1921,15.0,D:\00-FLagship Project\SFU-IMU Dataset\IMU Dataset\sub4\ADLs\AXJ_RSS_trial3.xlsx,sub4,sub5,ADL,ADL,0.97177875,0.027981108,0.00024017095
sub4,ADL,0,SQ,1,1921,15.0,D:\00-FLagship Project\SFU-IMU Dataset\IMU Dataset\sub4\ADLs\AXJ_SQ_trial1.xlsx,sub4,sub5,ADL,ADL,0.99521303,0.00478426,2.679955e-06
sub4,ADL,0,SQ,2,1921,15.0,D:\00-FLagship Project\SFU-IMU Dataset\IMU Dataset\sub4\ADLs\AXJ_SQ_trial2.xlsx,sub4,sub5,ADL,ADL,0.9669736,0.032657627,0.00036879678
sub4,ADL,0,SQ,3,1921,15.0,D:\00-FLagship Project\SFU-IMU Dataset\IMU Dataset\sub4\ADLs\AXJ_SQ_trial3.xlsx,sub4,sub5,ADL,ADL,0.9460871,0.052149396,0.0017634782
sub4,Fall,2,CS,1,1921,15.0,D:\00-FLagship Project\SFU-IMU Dataset\IMU Dataset\sub4\Falls\AXJ_CS_trial1.xlsx,sub4,sub5,Fall,Fall,2.6971194e-09,6.3299553e-06,0.9999937
sub4,Fall,2,CS,2,1921,15.0,D:\00-FLagship Project\SFU-IMU Dataset\IMU Dataset\sub4\Falls\AXJ_CS_trial2.xlsx,sub4,sub5,Fall,Fall,2.3615566e-07,1.8798672e-05,0.9999809
sub4,Fall,2,CS,4,1911,15.0,D:\00-FLagship Project\SFU-IMU Dataset\IMU Dataset\sub4\Falls\AXJ_CS_trial4.xlsx,sub4,sub5,Fall,Fall,1.2497036e-07,0.0004709413,0.999529
sub4,Fall,2,HB,2,1922,15.00781,D:\00-FLagship Project\SFU-IMU Dataset\IMU Dataset\sub4\Falls\AXJ_HB_trial2.xlsx,sub4,sub5,Fall,Fall,0.0010473633,4.0738394e-07,0.99895227
sub4,Fall,2,HB,3,1921,15.0,D:\00-FLagship Project\SFU-IMU Dataset\IMU Dataset\sub4\Falls\AXJ_HB_trial3.xlsx,sub4,sub5,Fall,Fall,0.0029744895,6.348539e-08,0.99702543
sub4,Fall,2,HB,4,1921,15.0,D:\00-FLagship Project\SFU-IMU Dataset\IMU Dataset\sub4\Falls\AXJ_HB_trial4.xlsx,sub4,sub5,Fall,Fall,4.115526e-06,3.953939e-06,0.9999919
sub4,Fall,2,ITDS,1,1921,15.0,D:\00-FLagship Project\SFU-IMU Dataset\IMU Dataset\sub4\Falls\AXJ_ITDS_trial1.xlsx,sub4,sub5,Fall,Fall,0.001079756,1.015412e-07,0.9989202
sub4,Fall,2,ITDS,2,1921,15.0,D:\00-FLagship Project\SFU-IMU Dataset\IMU Dataset\sub4\Falls\AXJ_ITDS_trial2.xlsx,sub4,sub5,Fall,Fall,0.21543926,1.17495965e-07,0.7845607
sub4,Fall,2,ITDS,3,1922,15.00781,D:\00-FLagship Project\SFU-IMU Dataset\IMU Dataset\sub4\Falls\AXJ_ITDS_trial3.xlsx,sub4,sub5,Fall,Fall,0.037779685,3.2782873e-07,0.96222
sub4,Fall,2,ITRS,1,1921,15.0,D:\00-FLagship Project\SFU-IMU Dataset\IMU Dataset\sub4\Falls\AXJ_ITRS_trial1.xlsx,sub4,sub5,Fall,Fall,2.3112627e-09,2.3900068e-06,0.9999976
sub4,Fall,2,ITRS,2,1921,15.0,D:\00-FLagship Project\SFU-IMU Dataset\IMU Dataset\sub4\Falls\AXJ_ITRS_trial2.xlsx,sub4,sub5,Fall,Fall,8.058716e-05,0.00046380944,0.99945563
sub4,Fall,2,ITRS,5,1921,15.0,D:\00-FLagship Project\SFU-IMU Dataset\IMU Dataset\sub4\Falls\AXJ_ITRS_trial5.xlsx,sub4,sub5,Fall,Fall,2.9791896e-05,2.9281553e-05,0.9999409
sub4,Fall,2,LCC,1,1921,15.0,D:\00-FLagship Project\SFU-IMU Dataset\IMU Dataset\sub4\Falls\AXJ_LCC_trial1.xlsx,sub4,sub5,Fall,Fall,0.020142015,0.001085374,0.97877264
sub4,Fall,2,LCC,2,1921,15.0,D:\00-FLagship Project\SFU-IMU Dataset\IMU Dataset\sub4\Falls\AXJ_LCC_trial2.xlsx,sub4,sub5,Fall,Fall,0.00013627822,9.8574695e-09,0.99986374
sub4,Fall,2,LCC,3,1921,15.0,D:\00-FLagship Project\SFU-IMU Dataset\IMU Dataset\sub4\Falls\AXJ_LCC_trial3.xlsx,sub4,sub5,Fall,Fall,0.00030535372,5.5109916e-07,0.9996941
sub4,Fall,2,slip,1,1921,15.0,D:\00-FLagship Project\SFU-IMU Dataset\IMU Dataset\sub4\Falls\AXJ_slip_trial1.xlsx,sub4,sub5,Fall,Fall,9.8100664e-08,0.0002171233,0.99978274
sub4,Fall,2,slip,4,1921,15.0,D:\00-FLagship Project\SFU-IMU Dataset\IMU Dataset\sub4\Falls\AXJ_slip_trial4.xlsx,sub4,sub5,Fall,Fall,0.07654635,0.00011353486,0.92334014
sub4,Fall,2,slip,5,1921,15.0,D:\00-FLagship Project\SFU-IMU Dataset\IMU Dataset\sub4\Falls\AXJ_slip_trial5.xlsx,sub4,sub5,Fall,Fall,0.00023343108,0.0002570854,0.99950945
sub4,Fall,2,trip,1,1921,15.0,D:\00-FLagship Project\SFU-IMU Dataset\IMU Dataset\sub4\Falls\AXJ_trip_trial1.xlsx,sub4,sub5,Fall,Fall,1.7260081e-09,6.216134e-07,0.9999994
sub4,Fall,2,trip,3,1921,15.0,D:\00-FLagship Project\SFU-IMU Dataset\IMU Dataset\sub4\Falls\AXJ_trip_trial3.xlsx,sub4,sub5,Fall,Fall,0.0015753171,0.00011713234,0.9983076
sub4,Fall,2,trip,4,1921,15.0,D:\00-FLagship Project\SFU-IMU Dataset\IMU Dataset\sub4\Falls\AXJ_trip_trial4.xlsx,sub4,sub5,Fall,Fall,1.25249e-08,4.9854574e-08,1.0
sub4,Near_Fall,1,CS,3,1922,15.00781,D:\00-FLagship Project\SFU-IMU Dataset\IMU Dataset\sub4\Near_Falls\AXJ_CS_trial3.xlsx,sub4,sub5,Near_Fall,Near_Fall,0.0012550913,0.9620003,0.036744565
sub4,Near_Fall,1,CS,5,1922,15.00781,D:\00-FLagship Project\SFU-IMU Dataset\IMU Dataset\sub4\Near_Falls\AXJ_CS_trial5.xlsx,sub4,sub5,Near_Fall,Fall,2.4473969e-12,0.05128833,0.94871163
sub4,Near_Fall,1,CS,6,1921,15.0,D:\00-FLagship Project\SFU-IMU Dataset\IMU Dataset\sub4\Near_Falls\AXJ_CS_trial6.xlsx,sub4,sub5,Near_Fall,Fall,1.8758879e-10,0.2561655,0.74383444
sub4,Near_Fall,1,HB,1,1921,15.0,D:\00-FLagship Project\SFU-IMU Dataset\IMU Dataset\sub4\Near_Falls\AXJ_HB_trial1.xlsx,sub4,sub5,Near_Fall,Near_Fall,0.01684887,0.96580786,0.017343257
sub4,Near_Fall,1,HB,5,1921,15.0,D:\00-FLagship Project\SFU-IMU Dataset\IMU Dataset\sub4\Near_Falls\AXJ_HB_trial5.xlsx,sub4,sub5,Near_Fall,ADL,0.60730326,0.39219347,0.0005032284
sub4,Near_Fall,1,HB,6,1921,15.0,D:\00-FLagship Project\SFU-IMU Dataset\IMU Dataset\sub4\Near_Falls\AXJ_HB_trial6.xlsx,sub4,sub5,Near_Fall,Near_Fall,0.09988433,0.89751226,0.0026033872
sub4,Near_Fall,1,ITRS,3,1921,15.0,D:\00-FLagship Project\SFU-IMU Dataset\IMU Dataset\sub4\Near_Falls\AXJ_ITRS_trial3.xlsx,sub4,sub5,Near_Fall,Fall,7.674948e-05,0.37028635,0.6296369
sub4,Near_Fall,1,ITRS,4,1921,15.0,D:\00-FLagship Project\SFU-IMU Dataset\IMU Dataset\sub4\Near_Falls\AXJ_ITRS_trial4.xlsx,sub4,sub5,Near_Fall,ADL,0.5098305,0.48916054,0.0010089735
sub4,Near_Fall,1,ITRS,6,1921,15.0,D:\00-FLagship Project\SFU-IMU Dataset\IMU Dataset\sub4\Near_Falls\AXJ_ITRS_trial6.xlsx,sub4,sub5,Near_Fall,Near_Fall,4.7016463e-05,0.73765117,0.26230183
sub4,Near_Fall,1,slip,2,1921,15.0,D:\00-FLagship Project\SFU-IMU Dataset\IMU Dataset\sub4\Near_Falls\AXJ_slip_trial2.xlsx,sub4,sub5,Near_Fall,Near_Fall,0.003279947,0.99010706,0.00661292
sub4,Near_Fall,1,slip,3,1921,15.0,D:\00-FLagship Project\SFU-IMU Dataset\IMU Dataset\sub4\Near_Falls\AXJ_slip_trial3.xlsx,sub4,sub5,Near_Fall,ADL,0.93248904,0.06748947,2.1489894e-05
sub4,Near_Fall,1,slip,6,1921,15.0,D:\00-FLagship Project\SFU-IMU Dataset\IMU Dataset\sub4\Near_Falls\AXJ_slip_trial6.xlsx,sub4,sub5,Near_Fall,Near_Fall,0.00012862463,0.91329616,0.08657522
sub4,Near_Fall,1,trip,2,1921,15.0,D:\00-FLagship Project\SFU-IMU Dataset\IMU Dataset\sub4\Near_Falls\AXJ_trip_trial2.xlsx,sub4,sub5,Near_Fall,Near_Fall,1.2493406e-07,0.7149134,0.2850865
sub4,Near_Fall,1,trip,5,1921,15.0,D:\00-FLagship Project\SFU-IMU Dataset\IMU Dataset\sub4\Near_Falls\AXJ_trip_trial5.xlsx,sub4,sub5,Near_Fall,Near_Fall,0.0029771908,0.99231744,0.0047053937
sub4,Near_Fall,1,trip,6,1921,15.0,D:\00-FLagship Project\SFU-IMU Dataset\IMU Dataset\sub4\Near_Falls\AXJ_trip_trial6.xlsx,sub4,sub5,Near_Fall,Near_Fall,0.11017103,0.8870255,0.0028035007
sub5,ADL,0,AS,1,2561,20.0,D:\00-FLagship Project\SFU-IMU Dataset\IMU Dataset\sub5\ADLs\AXJ_AS_trial1.xlsx,sub5,sub6,ADL,ADL,0.9371606,0.06283859,7.75038e-07
sub5,ADL,0,AS,2,2561,20.0,D:\00-FLagship Project\SFU-IMU Dataset\IMU Dataset\sub5\ADLs\AXJ_AS_trial2.xlsx,sub5,sub6,ADL,ADL,0.99357563,0.006424385,1.9652413e-08
sub5,ADL,0,AS,3,2561,20.0,D:\00-FLagship Project\SFU-IMU Dataset\IMU Dataset\sub5\ADLs\AXJ_AS_trial3.xlsx,sub5,sub6,ADL,ADL,0.9999808,1.9233514e-05,1.4703783e-10
sub5,ADL,0,DS,1,2561,20.0,D:\00-FLagship Project\SFU-IMU Dataset\IMU Dataset\sub5\ADLs\AXJ_DS_trial1.xlsx,sub5,sub6,ADL,Near_Fall,0.19036639,0.80956054,7.311406e-05
sub5,ADL,0,DS,2,2561,20.0,D:\00-FLagship Project\SFU-IMU Dataset\IMU Dataset\sub5\ADLs\AXJ_DS_trial2.xlsx,sub5,sub6,ADL,ADL,0.9963121,0.0036875538,4.03173e-07
sub5,ADL,0,DS,3,2561,20.0,D:\00-FLagship Project\SFU-IMU Dataset\IMU Dataset\sub5\ADLs\AXJ_DS_trial3.xlsx,sub5,sub6,ADL,Near_Fall,8.40838e-05,0.99820757,0.0017083741
sub5,ADL,0,DSL,1,1921,15.0,D:\00-FLagship Project\SFU-IMU Dataset\IMU Dataset\sub5\ADLs\AXJ_DSL_trial1.xlsx,sub5,sub6,ADL,ADL,0.98260295,1.6737992e-23,0.017397039
sub5,ADL,0,DSL,2,1921,15.0,D:\00-FLagship Project\SFU-IMU Dataset\IMU Dataset\sub5\ADLs\AXJ_DSL_trial2.xlsx,sub5,sub6,ADL,Fall,0.43049148,3.4093215e-20,0.5695085
sub5,ADL,0,DSL,3,1921,15.0,D:\00-FLagship Project\SFU-IMU Dataset\IMU Dataset\sub5\ADLs\AXJ_DSL_trial3.xlsx,sub5,sub6,ADL,ADL,0.9998555,4.3036338e-19,0.00014443617
sub5,ADL,0,DSS,1,1921,15.0,D:\00-FLagship Project\SFU-IMU Dataset\IMU Dataset\sub5\ADLs\AXJ_DSS_trial1.xlsx,sub5,sub6,ADL,ADL,0.9991543,0.0008422982,3.304293e-06
sub5,ADL,0,DSS,2,1921,15.0,D:\00-FLagship Project\SFU-IMU Dataset\IMU Dataset\sub5\ADLs\AXJ_DSS_trial2.xlsx,sub5,sub6,ADL,ADL,0.99561775,0.0043685497,1.3759276e-05
sub5,ADL,0,DSS,3,1921,15.0,D:\00-FLagship Project\SFU-IMU Dataset\IMU Dataset\sub5\ADLs\AXJ_DSS_trial3.xlsx,sub5,sub6,ADL,ADL,0.9999995,4.871085e-07,5.637698e-09
sub5,ADL,0,NW,1,1921,15.0,D:\00-FLagship Project\SFU-IMU Dataset\IMU Dataset\sub5\ADLs\AXJ_NW_trial1.xlsx,sub5,sub6,ADL,ADL,0.99169195,0.008305917,2.1218848e-06
sub5,ADL,0,NW,2,1921,15.0,D:\00-FLagship Project\SFU-IMU Dataset\IMU Dataset\sub5\ADLs\AXJ_NW_trial2.xlsx,sub5,sub6,ADL,ADL,0.99707353,0.0029254812,9.98136e-07
sub5,ADL,0,NW,3,1921,15.0,D:\00-FLagship Project\SFU-IMU Dataset\IMU Dataset\sub5\ADLs\AXJ_NW_trial3.xlsx,sub5,sub6,ADL,ADL,0.93616533,0.06382951,5.0798885e-06
sub5,ADL,0,POG,1,1921,15.0,D:\00-FLagship Project\SFU-IMU Dataset\IMU Dataset\sub5\ADLs\AXJ_POG_trial1.xlsx,sub5,sub6,ADL,ADL,0.99863714,0.0013625994,2.7543038e-07
sub5,ADL,0,POG,2,1922,15.00781,D:\00-FLagship Project\SFU-IMU Dataset\IMU Dataset\sub5\ADLs\AXJ_POG_trial2.xlsx,sub5,sub6,ADL,ADL,0.9993863,0.0006135116,1.1342195e-07
sub5,ADL,0,POG,3,1921,15.0,D:\00-FLagship Project\SFU-IMU Dataset\IMU Dataset\sub5\ADLs\AXJ_POG_trial3.xlsx,sub5,sub6,ADL,ADL,0.97810477,0.021894775,5.1133725e-07
sub5,ADL,0,RSS,1,1921,15.0,D:\00-FLagship Project\SFU-IMU Dataset\IMU Dataset\sub5\ADLs\AXJ_RSS_trial1.xlsx,sub5,sub6,ADL,ADL,0.9999157,8.422399e-05,2.3234858e-08
sub5,ADL,0,RSS,2,1921,15.0,D:\00-FLagship Project\SFU-IMU Dataset\IMU Dataset\sub5\ADLs\AXJ_RSS_trial2.xlsx,sub5,sub6,ADL,ADL,0.97912496,0.02087382,1.3296465e-06
sub5,ADL,0,RSS,3,1921,15.0,D:\00-FLagship Project\SFU-IMU Dataset\IMU Dataset\sub5\ADLs\AXJ_RSS_trial3.xlsx,sub5,sub6,ADL,ADL,0.99949455,0.00050544285,2.6748925e-08
sub5,ADL,0,SQ,1,1921,15.0,D:\00-FLagship Project\SFU-IMU Dataset\IMU Dataset\sub5\ADLs\AXJ_SQ_trial1.xlsx,sub5,sub6,ADL,ADL,0.9956333,0.004302188,6.444785e-05
sub5,ADL,0,SQ,2,1921,15.0,D:\00-FLagship Project\SFU-IMU Dataset\IMU Dataset\sub5\ADLs\AXJ_SQ_trial2.xlsx,sub5,sub6,ADL,ADL,0.99685884,0.0029795524,0.00016165439
sub5,ADL,0,SQ,3,1921,15.0,D:\00-FLagship Project\SFU-IMU Dataset\IMU Dataset\sub5\ADLs\AXJ_SQ_trial3.xlsx,sub5,sub6,ADL,ADL,0.5050537,0.49355254,0.0013937165
sub5,Fall,2,HB,2,1921,15.0,D:\00-FLagship Project\SFU-IMU Dataset\IMU Dataset\sub5\Falls\AXJ_HB_trial2.xlsx,sub5,sub6,Fall,Fall,1.9221717e-19,1.4983175e-30,1.0
sub5,Fall,2,HB,3,1921,15.0,D:\00-FLagship Project\SFU-IMU Dataset\IMU Dataset\sub5\Falls\AXJ_HB_trial3.xlsx,sub5,sub6,Fall,Fall,9.6551526e-20,5.1323156e-27,1.0
sub5,Fall,2,HB,6,1921,15.0,D:\00-FLagship Project\SFU-IMU Dataset\IMU Dataset\sub5\Falls\AXJ_HB_trial6.xlsx,sub5,sub6,Fall,Fall,5.8621244e-24,1.2818187e-22,1.0
sub5,Fall,2,ITDS,1,1921,15.0,D:\00-FLagship Project\SFU-IMU Dataset\IMU Dataset\sub5\Falls\AXJ_ITDS_trial1.xlsx,sub5,sub6,Fall,Fall,1.3803311e-10,1.3647037e-20,1.0
sub5,Fall,2,ITDS,2,1921,15.0,D:\00-FLagship Project\SFU-IMU Dataset\IMU Dataset\sub5\Falls\AXJ_ITDS_trial2.xlsx,sub5,sub6,Fall,Fall,1.5102918e-17,8.7196364e-29,1.0
sub5,Fall,2,ITDS,3,1921,15.0,D:\00-FLagship Project\SFU-IMU Dataset\IMU Dataset\sub5\Falls\AXJ_ITDS_trial3.xlsx,sub5,sub6,Fall,Fall,1.08152876e-10,8.986293e-25,1.0
sub5,Fall,2,ITRS,1,1921,15.0,D:\00-FLagship Project\SFU-IMU Dataset\IMU Dataset\sub5\Falls\AXJ_ITRS_trial1.xlsx,sub5,sub6,Fall,Fall,1.2063887e-08,2.6693591e-15,1.0
sub5,Fall,2,ITRS,2,1921,15.0,D:\00-FLagship Project\SFU-IMU Dataset\IMU Dataset\sub5\Falls\AXJ_ITRS_trial2.xlsx,sub5,sub6,Fall,Fall,4.885956e-15,3.6363916e-13,1.0
sub5,Fall,2,ITRS,4,1921,15.0,D:\00-FLagship Project\SFU-IMU Dataset\IMU Dataset\sub5\Falls\AXJ_ITRS_trial4.xlsx,sub5,sub6,Fall,Fall,1.3546966e-15,6.188117e-17,1.0
sub5,Fall,2,LCC,1,1921,15.0,D:\00-FLagship Project\SFU-IMU Dataset\IMU Dataset\sub5\Falls\AXJ_LCC_trial1.xlsx,sub5,sub6,Fall,Fall,4.8646686e-12,3.2567592e-23,1.0
sub5,Fall,2,LCC,2,1921,15.0,D:\00-FLagship Project\SFU-IMU Dataset\IMU Dataset\sub5\Falls\AXJ_LCC_trial2.xlsx,sub5,sub6,Fall,Fall,1.7028735e-17,2.3070326e-27,1.0
sub5,Fall,2,LCC,3,1922,15.00781,D:\00-FLagship Project\SFU-IMU Dataset\IMU Dataset\sub5\Falls\AXJ_LCC_trial3.xlsx,sub5,sub6,Fall,Fall,2.3946389e-18,1.4687317e-23,1.0
sub5,Fall,2,trip,1,1921,15.0,D:\00-FLagship Project\SFU-IMU Dataset\IMU Dataset\sub5\Falls\AXJ_trip_trial1.xlsx,sub5,sub6,Fall,Fall,2.9441952e-12,1.6212143e-11,1.0
sub5,Fall,2,trip,3,1921,15.0,D:\00-FLagship Project\SFU-IMU Dataset\IMU Dataset\sub5\Falls\AXJ_trip_trial3.xlsx,sub5,sub6,Fall,Fall,3.402824e-15,9.824208e-18,1.0
sub5,Fall,2,trip,4,1921,15.0,D:\00-FLagship Project\SFU-IMU Dataset\IMU Dataset\sub5\Falls\AXJ_trip_trial4.xlsx,sub5,sub6,Fall,Fall,6.0550415e-24,1.6390842e-21,1.0
sub5,Fall,2,CS,1,1922,15.007819999999999,D:\00-FLagship Project\SFU-IMU Dataset\IMU Dataset\sub5\Falls\EXA_CS_trial1.xlsx,sub5,sub6,Fall,Fall,2.3370065e-19,4.1141624e-07,0.99999964
sub5,Fall,2,CS,2,1921,15.0,D:\00-FLagship Project\SFU-IMU Dataset\IMU Dataset\sub5\Falls\EXA_CS_trial2.xlsx,sub5,sub6,Fall,Fall,5.305919e-07,4.799114e-06,0.99999475
sub5,Fall,2,CS,4,1921,15.0,D:\00-FLagship Project\SFU-IMU Dataset\IMU Dataset\sub5\Falls\EXA_CS_trial4.xlsx,sub5,sub6,Fall,Fall,2.2980244e-06,2.6024733e-08,0.99999774
sub5,Fall,2,slip,1,1921,15.0,D:\00-FLagship Project\SFU-IMU Dataset\IMU Dataset\sub5\Falls\EXA_slip_trial1.xlsx,sub5,sub6,Fall,Fall,4.768625e-14,1.6646852e-15,1.0
sub5,Fall,2,slip,2,1921,15.0,D:\00-FLagship Project\SFU-IMU Dataset\IMU Dataset\sub5\Falls\EXA_slip_trial2.xlsx,sub5,sub6,Fall,Fall,1.01355996e-13,1.6973814e-16,1.0
sub5,Fall,2,slip,6,1921,15.0,D:\00-FLagship Project\SFU-IMU Dataset\IMU Dataset\sub5\Falls\EXA_slip_trial6.xlsx,sub5,sub6,Fall,Fall,2.3540177e-18,1.8803735e-14,1.0
sub5,Near_Fall,1,HB,1,1921,15.0,D:\00-FLagship Project\SFU-IMU Dataset\IMU Dataset\sub5\Near_Falls\AXJ_HB_trial1.xlsx,sub5,sub6,Near_Fall,Near_Fall,1.3580426e-08,0.97937506,0.020624975
sub5,Near_Fall,1,HB,4,1921,15.0,D:\00-FLagship Project\SFU-IMU Dataset\IMU Dataset\sub5\Near_Falls\AXJ_HB_trial4.xlsx,sub5,sub6,Near_Fall,Near_Fall,2.2046967e-10,0.93208724,0.06791281
sub5,Near_Fall,1,HB,5,1921,15.0,D:\00-FLagship Project\SFU-IMU Dataset\IMU Dataset\sub5\Near_Falls\AXJ_HB_trial5.xlsx,sub5,sub6,Near_Fall,Near_Fall,4.32081e-10,0.97783834,0.022161692
sub5,Near_Fall,1,ITRS,3,1921,15.0,D:\00-FLagship Project\SFU-IMU Dataset\IMU Dataset\sub5\Near_Falls\AXJ_ITRS_trial3.xlsx,sub5,sub6,Near_Fall,Near_Fall,7.1694914e-11,0.7157545,0.28424543
sub5,Near_Fall,1,ITRS,5,1921,15.0,D:\00-FLagship Project\SFU-IMU Dataset\IMU Dataset\sub5\Near_Falls\AXJ_ITRS_trial5.xlsx,sub5,sub6,Near_Fall,Near_Fall,1.1933838e-07,0.99264514,0.0073547256
sub5,Near_Fall,1,ITRS,6,1921,15.0,D:\00-FLagship Project\SFU-IMU Dataset\IMU Dataset\sub5\Near_Falls\AXJ_ITRS_trial6.xlsx,sub5,sub6,Near_Fall,Near_Fall,9.65006e-08,0.6857811,0.3142188
sub5,Near_Fall,1,trip,2,1921,15.0,D:\00-FLagship Project\SFU-IMU Dataset\IMU Dataset\sub5\Near_Falls\AXJ_trip_trial2.xlsx,sub5,sub6,Near_Fall,Near_Fall,2.2867212e-08,0.9965359,0.0034640734
sub5,Near_Fall,1,trip,5,1921,15.0,D:\00-FLagship Project\SFU-IMU Dataset\IMU Dataset\sub5\Near_Falls\AXJ_trip_trial5.xlsx,sub5,sub6,Near_Fall,Near_Fall,6.147307e-11,0.9764165,0.023583546
sub5,Near_Fall,1,trip,6,1921,15.0,D:\00-FLagship Project\SFU-IMU Dataset\IMU Dataset\sub5\Near_Falls\AXJ_trip_trial6.xlsx,sub5,sub6,Near_Fall,Fall,7.956506e-08,0.2324126,0.7675873
sub5,Near_Fall,1,CS,3,1921,15.0,D:\00-FLagship Project\SFU-IMU Dataset\IMU Dataset\sub5\Near_Falls\EXA_CS_trial3.xlsx,sub5,sub6,Near_Fall,Near_Fall,0.011726088,0.9882533,2.0610474e-05
sub5,Near_Fall,1,CS,5,1921,15.0,D:\00-FLagship Project\SFU-IMU Dataset\IMU Dataset\sub5\Near_Falls\EXA_CS_trial5.xlsx,sub5,sub6,Near_Fall,Near_Fall,0.015779454,0.9842114,9.086858e-06
sub5,Near_Fall,1,CS,6,1921,15.0,D:\00-FLagship Project\SFU-IMU Dataset\IMU Dataset\sub5\Near_Falls\EXA_CS_trial6.xlsx,sub5,sub6,Near_Fall,Near_Fall,3.71816e-06,0.99997854,1.7691043e-05
sub5,Near_Fall,1,slip,3,1921,15.0,D:\00-FLagship Project\SFU-IMU Dataset\IMU Dataset\sub5\Near_Falls\EXA_slip_trial3.xlsx,sub5,sub6,Near_Fall,Near_Fall,8.635123e-17,0.9930784,0.0069215335
sub5,Near_Fall,1,slip,4,1921,15.0,D:\00-FLagship Project\SFU-IMU Dataset\IMU Dataset\sub5\Near_Falls\EXA_slip_trial4.xlsx,sub5,sub6,Near_Fall,Near_Fall,5.556239e-17,0.993095,0.0069049555
sub5,Near_Fall,1,slip,5,1921,15.0,D:\00-FLagship Project\SFU-IMU Dataset\IMU Dataset\sub5\Near_Falls\EXA_slip_trial5.xlsx,sub5,sub6,Near_Fall,Near_Fall,1.4925126e-07,0.9998355,0.00016428268
sub6,ADL,0,AS,1,2561,20.0,D:\00-FLagship Project\SFU-IMU Dataset\IMU Dataset\sub6\ADLs\AXM_AS_trial1.xlsx,sub6,sub7,ADL,ADL,0.99999774,2.2891545e-06,1.4192345e-09
sub6,ADL,0,AS,2,2561,20.0,D:\00-FLagship Project\SFU-IMU Dataset\IMU Dataset\sub6\ADLs\AXM_AS_trial2.xlsx,sub6,sub7,ADL,ADL,0.99999595,4.0532636e-06,1.7107258e-09
sub6,ADL,0,AS,3,2561,20.0,D:\00-FLagship Project\SFU-IMU Dataset\IMU Dataset\sub6\ADLs\AXM_AS_trial3.xlsx,sub6,sub7,ADL,ADL,0.99999964,4.1417783e-07,1.1811939e-09
sub6,ADL,0,DS,1,2561,20.0,D:\00-FLagship Project\SFU-IMU Dataset\IMU Dataset\sub6\ADLs\AXM_DS_trial1.xlsx,sub6,sub7,ADL,ADL,0.9999819,1.8016819e-05,1.7607368e-07
sub6,ADL,0,DS,2,2561,20.0,D:\00-FLagship Project\SFU-IMU Dataset\IMU Dataset\sub6\ADLs\AXM_DS_trial2.xlsx,sub6,sub7,ADL,ADL,0.99999976,2.2123557e-07,1.62207e-08
sub6,ADL,0,DS,3,2561,20.0,D:\00-FLagship Project\SFU-IMU Dataset\IMU Dataset\sub6\ADLs\AXM_DS_trial3.xlsx,sub6,sub7,ADL,ADL,0.99998677,1.3139418e-05,1.7690044e-07
sub6,ADL,0,DSL,1,1921,15.0,D:\00-FLagship Project\SFU-IMU Dataset\IMU Dataset\sub6\ADLs\AXM_DSL_trial1.xlsx,sub6,sub7,ADL,ADL,0.62392396,0.0,0.37607604
sub6,ADL,0,DSL,2,1921,15.0,D:\00-FLagship Project\SFU-IMU Dataset\IMU Dataset\sub6\ADLs\AXM_DSL_trial2.xlsx,sub6,sub7,ADL,ADL,0.999954,0.0,4.6001893e-05
sub6,ADL,0,DSL,3,1921,15.0,D:\00-FLagship Project\SFU-IMU Dataset\IMU Dataset\sub6\ADLs\AXM_DSL_trial3.xlsx,sub6,sub7,ADL,ADL,0.9961528,0.0,0.0038472232
sub6,ADL,0,DSS,1,1921,15.0,D:\00-FLagship Project\SFU-IMU Dataset\IMU Dataset\sub6\ADLs\AXM_DSS_trial1.xlsx,sub6,sub7,ADL,ADL,0.9908263,0.0091729695,6.806583e-07
sub6,ADL,0,DSS,2,1921,15.0,D:\00-FLagship Project\SFU-IMU Dataset\IMU Dataset\sub6\ADLs\AXM_DSS_trial2.xlsx,sub6,sub7,ADL,ADL,0.99919623,0.00080341427,3.5390826e-07
sub6,ADL,0,DSS,3,1921,15.0,D:\00-FLagship Project\SFU-IMU Dataset\IMU Dataset\sub6\ADLs\AXM_DSS_trial3.xlsx,sub6,sub7,ADL,ADL,0.99908507,0.00091467536,2.082902e-07
sub6,ADL,0,NW,1,1921,15.0,D:\00-FLagship Project\SFU-IMU Dataset\IMU Dataset\sub6\ADLs\AXM_NW_trial1.xlsx,sub6,sub7,ADL,ADL,0.9998098,0.00018935294,8.5876127e-07
sub6,ADL,0,NW,2,1921,15.0,D:\00-FLagship Project\SFU-IMU Dataset\IMU Dataset\sub6\ADLs\AXM_NW_trial2.xlsx,sub6,sub7,ADL,ADL,0.99976677,0.00023267762,5.9884735e-07
sub6,ADL,0,NW,3,1921,15.0,D:\00-FLagship Project\SFU-IMU Dataset\IMU Dataset\sub6\ADLs\AXM_NW_trial3.xlsx,sub6,sub7,ADL,ADL,0.9999906,9.327279e-06,1.4134929e-07
sub6,ADL,0,POG,1,1921,15.0,D:\00-FLagship Project\SFU-IMU Dataset\IMU Dataset\sub6\ADLs\AXM_POG_trial1.xlsx,sub6,sub7,ADL,ADL,0.98678243,0.013211144,6.3323073e-06
sub6,ADL,0,POG,2,1921,15.0,D:\00-FLagship Project\SFU-IMU Dataset\IMU Dataset\sub6\ADLs\AXM_POG_trial2.xlsx,sub6,sub7,ADL,ADL,0.99183637,0.008160751,2.8727145e-06
sub6,ADL,0,POG,3,1921,15.0,D:\00-FLagship Project\SFU-IMU Dataset\IMU Dataset\sub6\ADLs\AXM_POG_trial3.xlsx,sub6,sub7,ADL,ADL,0.99694484,0.0030507878,4.45295e-06
sub6,ADL,0,RSS,1,1921,15.0,D:\00-FLagship Project\SFU-IMU Dataset\IMU Dataset\sub6\ADLs\AXM_RSS_trial1.xlsx,sub6,sub7,ADL,ADL,0.994565,0.0054330486,1.8715903e-06
sub6,ADL,0,RSS,2,1921,15.0,D:\00-FLagship Project\SFU-IMU Dataset\IMU Dataset\sub6\ADLs\AXM_RSS_trial2.xlsx,sub6,sub7,ADL,ADL,0.9992143,0.0007855273,1.7048984e-07
sub6,ADL,0,RSS,3,1921,15.0,D:\00-FLagship Project\SFU-IMU Dataset\IMU Dataset\sub6\ADLs\AXM_RSS_trial3.xlsx,sub6,sub7,ADL,ADL,0.9947296,0.0052697803,6.7770316e-07
sub6,ADL,0,SQ,1,1921,15.0,D:\00-FLagship Project\SFU-IMU Dataset\IMU Dataset\sub6\ADLs\AXM_SQ_trial1.xlsx,sub6,sub7,ADL,ADL,0.9961771,0.003799299,2.359577e-05
sub6,ADL,0,SQ,2,1921,15.0,D:\00-FLagship Project\SFU-IMU Dataset\IMU Dataset\sub6\ADLs\AXM_SQ_trial2.xlsx,sub6,sub7,ADL,ADL,0.999683,0.0002855337,3.140582e-05
sub6,ADL,0,SQ,3,1921,15.0,D:\00-FLagship Project\SFU-IMU Dataset\IMU Dataset\sub6\ADLs\AXM_SQ_trial3.xlsx,sub6,sub7,ADL,ADL,0.9967025,0.0032578344,3.9720107e-05
sub6,Fall,2,CS,1,1921,15.0,D:\00-FLagship Project\SFU-IMU Dataset\IMU Dataset\sub6\Falls\AXM_CS_trial1.xlsx,sub6,sub7,Fall,Fall,8.533237e-26,1.227175e-17,1.0
sub6,Fall,2,CS,2,1921,15.0,D:\00-FLagship Project\SFU-IMU Dataset\IMU Dataset\sub6\Falls\AXM_CS_trial2.xlsx,sub6,sub7,Fall,Fall,9.147287e-26,4.340735e-24,1.0
sub6,Fall,2,CS,4,1921,15.0,D:\00-FLagship Project\SFU-IMU Dataset\IMU Dataset\sub6\Falls\AXM_CS_trial4.xlsx,sub6,sub7,Fall,Fall,6.42982e-23,8.624204e-28,1.0
sub6,Fall,2,HB,1,1921,15.0,D:\00-FLagship Project\SFU-IMU Dataset\IMU Dataset\sub6\Falls\AXM_HB_trial1.xlsx,sub6,sub7,Fall,Fall,1.4375028e-15,4.4163268e-33,1.0
sub6,Fall,2,HB,4,1921,15.0,D:\00-FLagship Project\SFU-IMU Dataset\IMU Dataset\sub6\Falls\AXM_HB_trial4.xlsx,sub6,sub7,Fall,Fall,1.504235e-20,9.12773e-34,1.0
sub6,Fall,2,HB,5,1921,15.0,D:\00-FLagship Project\SFU-IMU Dataset\IMU Dataset\sub6\Falls\AXM_HB_trial5.xlsx,sub6,sub7,Fall,Fall,2.8325891e-15,3.7089583e-34,1.0
sub6,Fall,2,ITDS,1,1921,15.0,D:\00-FLagship Project\SFU-IMU Dataset\IMU Dataset\sub6\Falls\AXM_ITDS_trial1.xlsx,sub6,sub7,Fall,ADL,0.99144626,4.5246464e-33,0.008553707
sub6,Fall,2,ITDS,2,1921,15.0,D:\00-FLagship Project\SFU-IMU Dataset\IMU Dataset\sub6\Falls\AXM_ITDS_trial2.xlsx,sub6,sub7,Fall,Fall,0.03217641,0.0,0.96782357
sub6,Fall,2,ITDS,3,1921,15.0,D:\00-FLagship Project\SFU-IMU Dataset\IMU Dataset\sub6\Falls\AXM_ITDS_trial3.xlsx,sub6,sub7,Fall,Fall,1.3897689e-05,1.0009064e-29,0.99998605
sub6,Fall,2,ITRS,1,1921,15.0,D:\00-FLagship Project\SFU-IMU Dataset\IMU Dataset\sub6\Falls\AXM_ITRS_trial1.xlsx,sub6,sub7,Fall,Fall,3.7646387e-25,0.0,1.0
sub6,Fall,2,ITRS,3,1921,15.0,D:\00-FLagship Project\SFU-IMU Dataset\IMU Dataset\sub6\Falls\AXM_ITRS_trial3.xlsx,sub6,sub7,Fall,Fall,2.7799962e-15,1.8641698e-27,1.0
sub6,Fall,2,ITRS,4,1921,15.0,D:\00-FLagship Project\SFU-IMU Dataset\IMU Dataset\sub6\Falls\AXM_ITRS_trial4.xlsx,sub6,sub7,Fall,Fall,2.5728051e-21,1.36664e-30,1.0
sub6,Fall,2,LCC,1,1920,15.0,D:\00-FLagship Project\SFU-IMU Dataset\IMU Dataset\sub6\Falls\AXM_LCC_trial1.xlsx,sub6,sub7,Fall,Fall,2.881844e-29,0.0,1.0
sub6,Fall,2,LCC,2,1921,15.0,D:\00-FLagship Project\SFU-IMU Dataset\IMU Dataset\sub6\Falls\AXM_LCC_trial2.xlsx,sub6,sub7,Fall,Fall,1.04979596e-22,3.9734493e-31,1.0
sub6,Fall,2,LCC,3,1921,15.0,D:\00-FLagship Project\SFU-IMU Dataset\IMU Dataset\sub6\Falls\AXM_LCC_trial3.xlsx,sub6,sub7,Fall,Fall,3.4205362e-23,8.186185e-37,1.0
sub6,Fall,2,slip,1,1921,15.0,D:\00-FLagship Project\SFU-IMU Dataset\IMU Dataset\sub6\Falls\AXM_slip_trial1.xlsx,sub6,sub7,Fall,Fall,1.2339524e-11,2.3282815e-16,1.0
sub6,Fall,2,slip,2,1921,15.0,D:\00-FLagship Project\SFU-IMU Dataset\IMU Dataset\sub6\Falls\AXM_slip_trial2.xlsx,sub6,sub7,Fall,Fall,3.4952502e-06,1.6593361e-36,0.99999654
sub6,Fall,2,slip,6,1921,15.0,D:\00-FLagship Project\SFU-IMU Dataset\IMU Dataset\sub6\Falls\AXM_slip_trial6.xlsx,sub6,sub7,Fall,Fall,2.8954338e-08,1.1202878e-32,1.0
sub6,Fall,2,trip,2,1921,15.0,D:\00-FLagship Project\SFU-IMU Dataset\IMU Dataset\sub6\Falls\AXM_trip_trial2.xlsx,sub6,sub7,Fall,Fall,1.4265327e-24,9.107036e-19,1.0
sub6,Fall,2,trip,3,1921,15.0,D:\00-FLagship Project\SFU-IMU Dataset\IMU Dataset\sub6\Falls\AXM_trip_trial3.xlsx,sub6,sub7,Fall,Fall,1.9245359e-25,2.0182536e-30,1.0
sub6,Fall,2,trip,4,1921,15.0,D:\00-FLagship Project\SFU-IMU Dataset\IMU Dataset\sub6\Falls\AXM_trip_trial4.xlsx,sub6,sub7,Fall,Fall,3.297793e-21,1.3425162e-20,1.0
sub6,Near_Fall,1,CS,3,1921,15.0,D:\00-FLagship Project\SFU-IMU Dataset\IMU Dataset\sub6\Near_Falls\AXM_CS_trial3.xlsx,sub6,sub7,Near_Fall,Near_Fall,1.0767139e-07,0.9997291,0.000270734
sub6,Near_Fall,1,CS,5,1921,15.0,D:\00-FLagship Project\SFU-IMU Dataset\IMU Dataset\sub6\Near_Falls\AXM_CS_trial5.xlsx,sub6,sub7,Near_Fall,Near_Fall,1.6002047e-10,0.99467355,0.005326504
sub6,Near_Fall,1,CS,6,1921,15.0,D:\00-FLagship Project\SFU-IMU Dataset\IMU Dataset\sub6\Near_Falls\AXM_CS_trial6.xlsx,sub6,sub7,Near_Fall,Near_Fall,7.1992073e-10,0.9769951,0.023004888
sub6,Near_Fall,1,HB,2,1921,15.0,D:\00-FLagship Project\SFU-IMU Dataset\IMU Dataset\sub6\Near_Falls\AXM_HB_trial2.xlsx,sub6,sub7,Near_Fall,Near_Fall,3.8614846e-07,0.9987269,0.0012727473
sub6,Near_Fall,1,HB,3,1921,15.0,D:\00-FLagship Project\SFU-IMU Dataset\IMU Dataset\sub6\Near_Falls\AXM_HB_trial3.xlsx,sub6,sub7,Near_Fall,Near_Fall,3.3837248e-06,0.97513855,0.02485811
sub6,Near_Fall,1,HB,6,1921,15.0,D:\00-FLagship Project\SFU-IMU Dataset\IMU Dataset\sub6\Near_Falls\AXM_HB_trial6.xlsx,sub6,sub7,Near_Fall,Near_Fall,1.2776722e-05,0.9998222,0.0001650873
sub6,Near_Fall,1,ITRS,2,1921,15.0,D:\00-FLagship Project\SFU-IMU Dataset\IMU Dataset\sub6\Near_Falls\AXM_ITRS_trial2.xlsx,sub6,sub7,Near_Fall,Near_Fall,1.5275995e-06,0.9999831,1.5352092e-05
sub6,Near_Fall,1,ITRS,5,1921,15.0,D:\00-FLagship Project\SFU-IMU Dataset\IMU Dataset\sub6\Near_Falls\AXM_ITRS_trial5.xlsx,sub6,sub7,Near_Fall,Near_Fall,8.6073766e-07,0.99997234,2.6771222e-05
sub6,Near_Fall,1,ITRS,6,1921,15.0,D:\00-FLagship Project\SFU-IMU Dataset\IMU Dataset\sub6\Near_Falls\AXM_ITRS_trial6.xlsx,sub6,sub7,Near_Fall,Near_Fall,4.209079e-14,0.98617727,0.013822768
sub6,Near_Fall,1,slip,3,1921,15.0,D:\00-FLagship Project\SFU-IMU Dataset\IMU Dataset\sub6\Near_Falls\AXM_slip_trial3.xlsx,sub6,sub7,Near_Fall,Near_Fall,9.2238944e-10,0.9998995,0.000100507445
sub6,Near_Fall,1,slip,4,1921,15.0,D:\00-FLagship Project\SFU-IMU Dataset\IMU Dataset\sub6\Near_Falls\AXM_slip_trial4.xlsx,sub6,sub7,Near_Fall,Near_Fall,2.9757555e-10,0.9973515,0.0026484244
sub6,Near_Fall,1,slip,5,1921,15.0,D:\00-FLagship Project\SFU-IMU Dataset\IMU Dataset\sub6\Near_Falls\AXM_slip_trial5.xlsx,sub6,sub7,Near_Fall,Near_Fall,9.679364e-10,0.99963653,0.00036349916
sub6,Near_Fall,1,trip,1,1921,15.0,D:\00-FLagship Project\SFU-IMU Dataset\IMU Dataset\sub6\Near_Falls\AXM_trip_trial1.xlsx,sub6,sub7,Near_Fall,Near_Fall,6.0775396e-18,0.9317272,0.068272814
sub6,Near_Fall,1,trip,5,1921,15.0,D:\00-FLagship Project\SFU-IMU Dataset\IMU Dataset\sub6\Near_Falls\AXM_trip_trial5.xlsx,sub6,sub7,Near_Fall,Near_Fall,1.752187e-10,0.99930835,0.00069161627
sub6,Near_Fall,1,trip,6,1921,15.0,D:\00-FLagship Project\SFU-IMU Dataset\IMU Dataset\sub6\Near_Falls\AXM_trip_trial6.xlsx,sub6,sub7,Near_Fall,Near_Fall,2.024012e-07,0.99996996,2.982662e-05
sub7,ADL,0,AS,1,2561,20.0,D:\00-FLagship Project\SFU-IMU Dataset\IMU Dataset\sub7\ADLs\HXE_AS_trial1.xlsx,sub7,sub8,ADL,ADL,0.99740666,0.0025866407,6.6425027e-06
sub7,ADL,0,AS,2,2561,20.0,D:\00-FLagship Project\SFU-IMU Dataset\IMU Dataset\sub7\ADLs\HXE_AS_trial2.xlsx,sub7,sub8,ADL,ADL,0.987271,0.012679131,4.973275e-05
sub7,ADL,0,AS,3,2561,20.0,D:\00-FLagship Project\SFU-IMU Dataset\IMU Dataset\sub7\ADLs\HXE_AS_trial3.xlsx,sub7,sub8,ADL,ADL,0.99924797,0.0007489565,3.124352e-06
sub7,ADL,0,DS,1,2561,20.0,D:\00-FLagship Project\SFU-IMU Dataset\IMU Dataset\sub7\ADLs\HXE_DS_trial1.xlsx,sub7,sub8,ADL,ADL,0.9998536,0.00013716385,9.1804795e-06
sub7,ADL,0,DS,2,2561,20.0,D:\00-FLagship Project\SFU-IMU Dataset\IMU Dataset\sub7\ADLs\HXE_DS_trial2.xlsx,sub7,sub8,ADL,ADL,0.99994814,4.649969e-05,5.391123e-06
sub7,ADL,0,DS,3,2561,20.0,D:\00-FLagship Project\SFU-IMU Dataset\IMU Dataset\sub7\ADLs\HXE_DS_trial3.xlsx,sub7,sub8,ADL,ADL,0.9998621,0.00013090449,7.089511e-06
sub7,ADL,0,DSL,1,1921,15.0,D:\00-FLagship Project\SFU-IMU Dataset\IMU Dataset\sub7\ADLs\HXE_DSL_trial1.xlsx,sub7,sub8,ADL,ADL,0.9999976,1.0872239e-22,2.4361e-06
sub7,ADL,0,DSL,2,1921,15.0,D:\00-FLagship Project\SFU-IMU Dataset\IMU Dataset\sub7\ADLs\HXE_DSL_trial2.xlsx,sub7,sub8,ADL,ADL,0.9998392,1.368029e-19,0.00016077622
sub7,ADL,0,DSL,3,1921,15.0,D:\00-FLagship Project\SFU-IMU Dataset\IMU Dataset\sub7\ADLs\HXE_DSL_trial3.xlsx,sub7,sub8,ADL,ADL,0.99999607,1.6631819e-21,3.890369e-06
sub7,ADL,0,DSS,1,1921,15.0,D:\00-FLagship Project\SFU-IMU Dataset\IMU Dataset\sub7\ADLs\HXE_DSS_trial1.xlsx,sub7,sub8,ADL,ADL,0.999406,0.0005890523,4.9630576e-06
sub7,ADL,0,DSS,2,1921,15.0,D:\00-FLagship Project\SFU-IMU Dataset\IMU Dataset\sub7\ADLs\HXE_DSS_trial2.xlsx,sub7,sub8,ADL,ADL,0.9986979,0.0012996893,2.4215587e-06
sub7,ADL,0,DSS,3,1921,15.0,D:\00-FLagship Project\SFU-IMU Dataset\IMU Dataset\sub7\ADLs\HXE_DSS_trial3.xlsx,sub7,sub8,ADL,ADL,0.99878544,0.0012118173,2.7526187e-06
sub7,ADL,0,NW,1,1922,15.00781,D:\00-FLagship Project\SFU-IMU Dataset\IMU Dataset\sub7\ADLs\HXE_NW_trial1.xlsx,sub7,sub8,ADL,ADL,0.9963869,0.0035781588,3.49802e-05
sub7,ADL,0,NW,2,1921,15.0,D:\00-FLagship Project\SFU-IMU Dataset\IMU Dataset\sub7\ADLs\HXE_NW_trial2.xlsx,sub7,sub8,ADL,ADL,0.9969201,0.0030546463,2.5308163e-05
sub7,ADL,0,NW,3,1921,15.0,D:\00-FLagship Project\SFU-IMU Dataset\IMU Dataset\sub7\ADLs\HXE_NW_trial3.xlsx,sub7,sub8,ADL,ADL,0.9981609,0.0018229176,1.6220138e-05
sub7,ADL,0,POG,1,1921,15.0,D:\00-FLagship Project\SFU-IMU Dataset\IMU Dataset\sub7\ADLs\HXE_POG_trial1.xlsx,sub7,sub8,ADL,ADL,0.9994135,0.00057809456,8.42201e-06
sub7,ADL,0,POG,2,1921,15.0,D:\00-FLagship Project\SFU-IMU Dataset\IMU Dataset\sub7\ADLs\HXE_POG_trial2.xlsx,sub7,sub8,ADL,ADL,0.99610955,0.0038380283,5.246305e-05
sub7,ADL,0,POG,3,1921,15.0,D:\00-FLagship Project\SFU-IMU Dataset\IMU Dataset\sub7\ADLs\HXE_POG_trial3.xlsx,sub7,sub8,ADL,ADL,0.9990984,0.0008891899,1.23636055e-05
sub7,ADL,0,RSS,1,1921,15.0,D:\00-FLagship Project\SFU-IMU Dataset\IMU Dataset\sub7\ADLs\HXE_RSS_trial1.xlsx,sub7,sub8,ADL,ADL,0.9992803,0.0007122371,7.561988e-06
sub7,ADL,0,RSS,2,1921,15.0,D:\00-FLagship Project\SFU-IMU Dataset\IMU Dataset\sub7\ADLs\HXE_RSS_trial2.xlsx,sub7,sub8,ADL,ADL,0.99990535,9.3300754e-05,1.2837924e-06
sub7,ADL,0,RSS,3,1921,15.0,D:\00-FLagship Project\SFU-IMU Dataset\IMU Dataset\sub7\ADLs\HXE_RSS_trial3.xlsx,sub7,sub8,ADL,ADL,0.99989665,0.00010156648,1.8453966e-06
sub7,ADL,0,SQ,1,1921,15.0,D:\00-FLagship Project\SFU-IMU Dataset\IMU Dataset\sub7\ADLs\HXE_SQ_trial1.xlsx,sub7,sub8,ADL,ADL,0.99695957,0.0029548784,8.5584375e-05
sub7,ADL,0,SQ,2,1921,15.0,D:\00-FLagship Project\SFU-IMU Dataset\IMU Dataset\sub7\ADLs\HXE_SQ_trial2.xlsx,sub7,sub8,ADL,ADL,0.99805546,0.0019045887,3.993823e-05
sub7,ADL,0,SQ,3,1921,15.0,D:\00-FLagship Project\SFU-IMU Dataset\IMU Dataset\sub7\ADLs\HXE_SQ_trial3.xlsx,sub7,sub8,ADL,ADL,0.9962405,0.003639482,0.00012005819
sub7,Fall,2,CS,3,1921,15.0,D:\00-FLagship Project\SFU-IMU Dataset\IMU Dataset\sub7\Falls\HXE_CS_trial3.xlsx,sub7,sub8,Fall,Fall,2.1506131e-26,8.166606e-12,1.0
sub7,Fall,2,CS,4,1911,15.0,D:\00-FLagship Project\SFU-IMU Dataset\IMU Dataset\sub7\Falls\HXE_CS_trial4.xlsx,sub7,sub8,Fall,Fall,1.413474e-19,2.4652558e-05,0.9999753
sub7,Fall,2,CS,5,1921,15.0,D:\00-FLagship Project\SFU-IMU Dataset\IMU Dataset\sub7\Falls\HXE_CS_trial5.xlsx,sub7,sub8,Fall,Fall,3.3181575e-21,7.659271e-07,0.9999993
sub7,Fall,2,HB,1,1921,15.0,D:\00-FLagship Project\SFU-IMU Dataset\IMU Dataset\sub7\Falls\HXE_HB_trial1.xlsx,sub7,sub8,Fall,Fall,9.580625e-15,1.3065996e-18,1.0
sub7,Fall,2,HB,3,1922,15.007819999999999,D:\00-FLagship Project\SFU-IMU Dataset\IMU Dataset\sub7\Falls\HXE_HB_trial3.xlsx,sub7,sub8,Fall,Fall,6.879215e-16,2.2168343e-18,1.0
sub7,Fall,2,HB,4,1921,15.0,D:\00-FLagship Project\SFU-IMU Dataset\IMU Dataset\sub7\Falls\HXE_HB_trial4.xlsx,sub7,sub8,Fall,Fall,1.0834048e-15,4.4075914e-18,1.0
sub7,Fall,2,ITDS,1,1921,15.0,D:\00-FLagship Project\SFU-IMU Dataset\IMU Dataset\sub7\Falls\HXE_ITDS_trial1.xlsx,sub7,sub8,Fall,Fall,3.514133e-10,9.929791e-16,1.0
sub7,Fall,2,ITDS,2,1921,15.0,D:\00-FLagship Project\SFU-IMU Dataset\IMU Dataset\sub7\Falls\HXE_ITDS_trial2.xlsx,sub7,sub8,Fall,Fall,1.0904655e-12,8.53895e-15,1.0
sub7,Fall,2,ITDS,3,1921,15.0,D:\00-FLagship Project\SFU-IMU Dataset\IMU Dataset\sub7\Falls\HXE_ITDS_trial3.xlsx,sub7,sub8,Fall,Fall,1.6866451e-11,4.7531106e-16,1.0
sub7,Fall,2,ITRS,1,1921,15.0,D:\00-FLagship Project\SFU-IMU Dataset\IMU Dataset\sub7\Falls\HXE_ITRS_trial1.xlsx,sub7,sub8,Fall,Fall,6.228719e-22,1.5565872e-18,1.0
sub7,Fall,2,ITRS,2,1921,15.0,D:\00-FLagship Project\SFU-IMU Dataset\IMU Dataset\sub7\Falls\HXE_ITRS_trial2.xlsx,sub7,sub8,Fall,Fall,3.677648e-14,3.1183569e-15,1.0
sub7,Fall,2,ITRS,4,1921,15.0,D:\00-FLagship Project\SFU-IMU Dataset\IMU Dataset\sub7\Falls\HXE_ITRS_trial4.xlsx,sub7,sub8,Fall,Fall,5.5315544e-14,1.4012602e-15,1.0
sub7,Fall,2,LCC,1,1921,15.0,D:\00-FLagship Project\SFU-IMU Dataset\IMU Dataset\sub7\Falls\HXE_LCC_trial1.xlsx,sub7,sub8,Fall,Fall,3.9849133e-14,3.2970355e-15,1.0
sub7,Fall,2,LCC,2,1921,15.0,D:\00-FLagship Project\SFU-IMU Dataset\IMU Dataset\sub7\Falls\HXE_LCC_trial2.xlsx,sub7,sub8,Fall,Fall,5.2310586e-15,7.4933405e-16,1.0
sub7,Fall,2,LCC,3,1921,15.0,D:\00-FLagship Project\SFU-IMU Dataset\IMU Dataset\sub7\Falls\HXE_LCC_trial3.xlsx,sub7,sub8,Fall,Fall,2.3643735e-20,2.5007989e-16,1.0
sub7,Fall,2,slip,1,1921,15.0,D:\00-FLagship Project\SFU-IMU Dataset\IMU Dataset\sub7\Falls\HXE_slip_trial1.xlsx,sub7,sub8,Fall,Fall,2.4961984e-29,1.6204529e-12,1.0
sub7,Fall,2,slip,2,1921,15.0,D:\00-FLagship Project\SFU-IMU Dataset\IMU Dataset\sub7\Falls\HXE_slip_trial2.xlsx,sub7,sub8,Fall,Fall,1.0106824e-08,3.574657e-14,1.0
sub7,Fall,2,slip,3,1921,15.0,D:\00-FLagship Project\SFU-IMU Dataset\IMU Dataset\sub7\Falls\HXE_slip_trial3.xlsx,sub7,sub8,Fall,Fall,2.2959432e-20,2.2900637e-10,1.0
sub7,Fall,2,trip,1,1921,15.0,D:\00-FLagship Project\SFU-IMU Dataset\IMU Dataset\sub7\Falls\HXE_trip_trial1.xlsx,sub7,sub8,Fall,Fall,4.692985e-33,3.5665915e-11,1.0
sub7,Fall,2,trip,3,1921,15.0,D:\00-FLagship Project\SFU-IMU Dataset\IMU Dataset\sub7\Falls\HXE_trip_trial3.xlsx,sub7,sub8,Fall,Near_Fall,5.117821e-29,0.99735945,0.0026405277
sub7,Fall,2,trip,4,1921,15.0,D:\00-FLagship Project\SFU-IMU Dataset\IMU Dataset\sub7\Falls\HXE_trip_trial4.xlsx,sub7,sub8,Fall,Fall,3.2672575e-32,0.017874887,0.98212516
sub7,Near_Fall,1,CS,1,1922,15.00781,D:\00-FLagship Project\SFU-IMU Dataset\IMU Dataset\sub7\Near_Falls\HXE_CS_trial1.xlsx,sub7,sub8,Near_Fall,Near_Fall,6.766106e-12,0.96465,0.035349943
sub7,Near_Fall,1,CS,2,1921,15.0,D:\00-FLagship Project\SFU-IMU Dataset\IMU Dataset\sub7\Near_Falls\HXE_CS_trial2.xlsx,sub7,sub8,Near_Fall,ADL,0.9013715,0.098327786,0.00030076536
sub7,Near_Fall,1,CS,6,1921,15.0,D:\00-FLagship Project\SFU-IMU Dataset\IMU Dataset\sub7\Near_Falls\HXE_CS_trial6.xlsx,sub7,sub8,Near_Fall,Near_Fall,0.03330338,0.9628354,0.0038612525
sub7,Near_Fall,1,HB,2,1921,15.0,D:\00-FLagship Project\SFU-IMU Dataset\IMU Dataset\sub7\Near_Falls\HXE_HB_trial2.xlsx,sub7,sub8,Near_Fall,Near_Fall,8.737093e-05,0.99580246,0.0041101226
sub7,Near_Fall,1,HB,5,1921,15.0,D:\00-FLagship Project\SFU-IMU Dataset\IMU Dataset\sub7\Near_Falls\HXE_HB_trial5.xlsx,sub7,sub8,Near_Fall,Near_Fall,9.193688e-06,0.99339205,0.0065987124
sub7,Near_Fall,1,HB,6,1921,15.0,D:\00-FLagship Project\SFU-IMU Dataset\IMU Dataset\sub7\Near_Falls\HXE_HB_trial6.xlsx,sub7,sub8,Near_Fall,Near_Fall,1.02199365e-07,0.9909204,0.009079531
sub7,Near_Fall,1,ITRS,3,1921,15.0,D:\00-FLagship Project\SFU-IMU Dataset\IMU Dataset\sub7\Near_Falls\HXE_ITRS_trial3.xlsx,sub7,sub8,Near_Fall,Near_Fall,2.9281115e-05,0.9994178,0.0005529961
sub7,Near_Fall,1,ITRS,6,1921,15.0,D:\00-FLagship Project\SFU-IMU Dataset\IMU Dataset\sub7\Near_Falls\HXE_ITRS_trial6.xlsx,sub7,sub8,Near_Fall,Near_Fall,1.9071498e-08,0.9950088,0.0049911686
sub7,Near_Fall,1,ITRS,7,1921,15.0,D:\00-FLagship Project\SFU-IMU Dataset\IMU Dataset\sub7\Near_Falls\HXE_ITRS_trial7.xlsx,sub7,sub8,Near_Fall,Near_Fall,0.00064161845,0.9983242,0.0010341177
sub7,Near_Fall,1,slip,4,1921,15.0,D:\00-FLagship Project\SFU-IMU Dataset\IMU Dataset\sub7\Near_Falls\HXE_slip_trial4.xlsx,sub7,sub8,Near_Fall,Near_Fall,3.6971237e-08,0.95242935,0.04757065
sub7,Near_Fall,1,slip,5,1922,15.00781,D:\00-FLagship Project\SFU-IMU Dataset\IMU Dataset\sub7\Near_Falls\HXE_slip_trial5.xlsx,sub7,sub8,Near_Fall,Near_Fall,8.339353e-15,0.99544674,0.004553223
sub7,Near_Fall,1,slip,6,1921,15.0,D:\00-FLagship Project\SFU-IMU Dataset\IMU Dataset\sub7\Near_Falls\HXE_slip_trial6.xlsx,sub7,sub8,Near_Fall,Near_Fall,2.4643995e-10,0.99322766,0.0067724
sub7,Near_Fall,1,trip,2,1921,15.0,D:\00-FLagship Project\SFU-IMU Dataset\IMU Dataset\sub7\Near_Falls\HXE_trip_trial2.xlsx,sub7,sub8,Near_Fall,Near_Fall,6.634837e-13,0.99557614,0.0044238856
sub7,Near_Fall,1,trip,5,1921,15.0,D:\00-FLagship Project\SFU-IMU Dataset\IMU Dataset\sub7\Near_Falls\HXE_trip_trial5.xlsx,sub7,sub8,Near_Fall,Near_Fall,3.878852e-10,0.99661946,0.0033805072
sub7,Near_Fall,1,trip,6,1921,15.0,D:\00-FLagship Project\SFU-IMU Dataset\IMU Dataset\sub7\Near_Falls\HXE_trip_trial6.xlsx,sub7,sub8,Near_Fall,Near_Fall,2.6070462e-10,0.9958579,0.004142143
sub8,ADL,0,AS,1,2561,20.0,D:\00-FLagship Project\SFU-IMU Dataset\IMU Dataset\sub8\ADLs\RXV_AS_trial1.xlsx,sub8,sub9,ADL,ADL,0.84665877,0.14896406,0.004377164
sub8,ADL,0,AS,2,2561,20.0,D:\00-FLagship Project\SFU-IMU Dataset\IMU Dataset\sub8\ADLs\RXV_AS_trial2.xlsx,sub8,sub9,ADL,ADL,0.6438804,0.3502049,0.0059145936
sub8,ADL,0,AS,3,2562,20.00782,D:\00-FLagship Project\SFU-IMU Dataset\IMU Dataset\sub8\ADLs\RXV_AS_trial3.xlsx,sub8,sub9,ADL,ADL,0.7838519,0.21036643,0.0057815504
sub8,ADL,0,DS,1,2561,20.0,D:\00-FLagship Project\SFU-IMU Dataset\IMU Dataset\sub8\ADLs\RXV_DS_trial1.xlsx,sub8,sub9,ADL,ADL,0.7270506,0.27112165,0.0018277413
sub8,ADL,0,DS,2,2561,20.0,D:\00-FLagship Project\SFU-IMU Dataset\IMU Dataset\sub8\ADLs\RXV_DS_trial2.xlsx,sub8,sub9,ADL,Near_Fall,0.36217508,0.6373749,0.00045002002
sub8,ADL,0,DS,3,2561,20.0,D:\00-FLagship Project\SFU-IMU Dataset\IMU Dataset\sub8\ADLs\RXV_DS_trial3.xlsx,sub8,sub9,ADL,ADL,0.6970479,0.30133322,0.0016189166
sub8,ADL,0,DSL,1,1921,15.0,D:\00-FLagship Project\SFU-IMU Dataset\IMU Dataset\sub8\ADLs\RXV_DSL_trial1.xlsx,sub8,sub9,ADL,Fall,0.2493412,1.331909e-08,0.75065875
sub8,ADL,0,DSL,2,1921,15.0,D:\00-FLagship Project\SFU-IMU Dataset\IMU Dataset\sub8\ADLs\RXV_DSL_trial2.xlsx,sub8,sub9,ADL,Fall,0.05643143,1.5597402e-15,0.9435686
sub8,ADL,0,DSL,3,1921,15.0,D:\00-FLagship Project\SFU-IMU Dataset\IMU Dataset\sub8\ADLs\RXV_DSL_trial3.xlsx,sub8,sub9,ADL,ADL,0.6116976,2.2541221e-07,0.38830212
sub8,ADL,0,DSS,1,1921,15.0,D:\00-FLagship Project\SFU-IMU Dataset\IMU Dataset\sub8\ADLs\RXV_DSS_trial1.xlsx,sub8,sub9,ADL,ADL,0.8107341,0.18270752,0.006558359
sub8,ADL,0,DSS,2,1921,15.0,D:\00-FLagship Project\SFU-IMU Dataset\IMU Dataset\sub8\ADLs\RXV_DSS_trial2.xlsx,sub8,sub9,ADL,ADL,0.8184666,0.17353934,0.007994141
sub8,ADL,0,DSS,3,1921,15.0,D:\00-FLagship Project\SFU-IMU Dataset\IMU Dataset\sub8\ADLs\RXV_DSS_trial3.xlsx,sub8,sub9,ADL,ADL,0.8627933,0.1280511,0.00915552
sub8,ADL,0,NW,1,1921,15.0,D:\00-FLagship Project\SFU-IMU Dataset\IMU Dataset\sub8\ADLs\RXV_NW_trial1.xlsx,sub8,sub9,ADL,ADL,0.69976395,0.294505,0.005731123
sub8,ADL,0,NW,2,1921,15.0,D:\00-FLagship Project\SFU-IMU Dataset\IMU Dataset\sub8\ADLs\RXV_NW_trial2.xlsx,sub8,sub9,ADL,ADL,0.8102108,0.1849966,0.00479255
sub8,ADL,0,NW,3,1921,15.0,D:\00-FLagship Project\SFU-IMU Dataset\IMU Dataset\sub8\ADLs\RXV_NW_trial3.xlsx,sub8,sub9,ADL,ADL,0.8272706,0.16844885,0.0042805173
sub8,ADL,0,POG,1,1921,15.0,D:\00-FLagship Project\SFU-IMU Dataset\IMU Dataset\sub8\ADLs\RXV_POG_trial1.xlsx,sub8,sub9,ADL,ADL,0.80714417,0.18745182,0.0054040044
sub8,ADL,0,POG,2,1922,15.00781,D:\00-FLagship Project\SFU-IMU Dataset\IMU Dataset\sub8\ADLs\RXV_POG_trial2.xlsx,sub8,sub9,ADL,ADL,0.7697978,0.22653998,0.003662257
sub8,ADL,0,POG,3,1922,15.00781,D:\00-FLagship Project\SFU-IMU Dataset\IMU Dataset\sub8\ADLs\RXV_POG_trial3.xlsx,sub8,sub9,ADL,ADL,0.75391155,0.24346355,0.002624964
sub8,ADL,0,RSS,1,1921,15.0,D:\00-FLagship Project\SFU-IMU Dataset\IMU Dataset\sub8\ADLs\RXV_RSS_trial1.xlsx,sub8,sub9,ADL,ADL,0.85752034,0.13641532,0.006064311
sub8,ADL,0,RSS,2,1921,15.0,D:\00-FLagship Project\SFU-IMU Dataset\IMU Dataset\sub8\ADLs\RXV_RSS_trial2.xlsx,sub8,sub9,ADL,ADL,0.8550509,0.13840221,0.0065468554
sub8,ADL,0,RSS,3,1921,15.0,D:\00-FLagship Project\SFU-IMU Dataset\IMU Dataset\sub8\ADLs\RXV_RSS_trial3.xlsx,sub8,sub9,ADL,ADL,0.85612947,0.13742724,0.0064432314
sub8,ADL,0,SQ,1,1921,15.0,D:\00-FLagship Project\SFU-IMU Dataset\IMU Dataset\sub8\ADLs\RXV_SQ_trial1.xlsx,sub8,sub9,ADL,ADL,0.85838467,0.13596186,0.0056535183
sub8,ADL,0,SQ,2,1921,15.0,D:\00-FLagship Project\SFU-IMU Dataset\IMU Dataset\sub8\ADLs\RXV_SQ_trial2.xlsx,sub8,sub9,ADL,ADL,0.85659724,0.1384853,0.0049174014
sub8,ADL,0,SQ,3,1921,15.0,D:\00-FLagship Project\SFU-IMU Dataset\IMU Dataset\sub8\ADLs\RXV_SQ_trial3.xlsx,sub8,sub9,ADL,ADL,0.8450836,0.15042484,0.0044915406
sub8,Fall,2,CS,1,1921,15.0,D:\00-FLagship Project\SFU-IMU Dataset\IMU Dataset\sub8\Falls\RXV_CS_trial1.xlsx,sub8,sub9,Fall,Fall,0.113866284,3.039818e-07,0.88613343
sub8,Fall,2,CS,4,1921,15.0,D:\00-FLagship Project\SFU-IMU Dataset\IMU Dataset\sub8\Falls\RXV_CS_trial4.xlsx,sub8,sub9,Fall,Fall,0.4712735,1.7224541e-07,0.5287263
sub8,Fall,2,CS,6,1921,15.0,D:\00-FLagship Project\SFU-IMU Dataset\IMU Dataset\sub8\Falls\RXV_CS_trial6.xlsx,sub8,sub9,Fall,Fall,0.0004845324,2.2329607e-09,0.9995154
sub8,Fall,2,HB,2,1921,15.0,D:\00-FLagship Project\SFU-IMU Dataset\IMU Dataset\sub8\Falls\RXV_HB_trial2.xlsx,sub8,sub9,Fall,Fall,2.2011349e-05,1.1241931e-09,0.99997795
sub8,Fall,2,HB,3,1921,15.0,D:\00-FLagship Project\SFU-IMU Dataset\IMU Dataset\sub8\Falls\RXV_HB_trial3.xlsx,sub8,sub9,Fall,Fall,3.1926716e-05,3.0474198e-10,0.99996805
sub8,Fall,2,HB,5,1921,15.0,D:\00-FLagship Project\SFU-IMU Dataset\IMU Dataset\sub8\Falls\RXV_HB_trial5.xlsx,sub8,sub9,Fall,Fall,0.0001329714,1.2728067e-08,0.99986696
sub8,Fall,2,ITDS,1,1921,15.0,D:\00-FLagship Project\SFU-IMU Dataset\IMU Dataset\sub8\Falls\RXV_ITDS_trial1.xlsx,sub8,sub9,Fall,Fall,0.042468153,2.4900416e-12,0.9575318
sub8,Fall,2,ITDS,2,1921,15.0,D:\00-FLagship Project\SFU-IMU Dataset\IMU Dataset\sub8\Falls\RXV_ITDS_trial2.xlsx,sub8,sub9,Fall,Fall,0.009620214,1.0597196e-11,0.9903798
sub8,Fall,2,ITDS,3,1921,15.0,D:\00-FLagship Project\SFU-IMU Dataset\IMU Dataset\sub8\Falls\RXV_ITDS_trial3.xlsx,sub8,sub9,Fall,Fall,0.01792733,8.716039e-10,0.9820726
sub8,Fall,2,ITRS,1,1921,15.0,D:\00-FLagship Project\SFU-IMU Dataset\IMU Dataset\sub8\Falls\RXV_ITRS_trial1.xlsx,sub8,sub9,Fall,Fall,0.00016305312,6.170443e-10,0.9998369
sub8,Fall,2,ITRS,3,1922,15.007819999999999,D:\00-FLagship Project\SFU-IMU Dataset\IMU Dataset\sub8\Falls\RXV_ITRS_trial3.xlsx,sub8,sub9,Fall,Fall,0.009058919,1.5235281e-10,0.9909411
sub8,Fall,2,ITRS,4,1921,15.0,D:\00-FLagship Project\SFU-IMU Dataset\IMU Dataset\sub8\Falls\RXV_ITRS_trial4.xlsx,sub8,sub9,Fall,Fall,0.0031192508,5.629374e-09,0.99688077
sub8,Fall,2,LCC,1,1921,15.0,D:\00-FLagship Project\SFU-IMU Dataset\IMU Dataset\sub8\Falls\RXV_LCC_trial1.xlsx,sub8,sub9,Fall,Fall,0.0037728876,9.615583e-10,0.99622715
sub8,Fall,2,LCC,2,1921,15.0,D:\00-FLagship Project\SFU-IMU Dataset\IMU Dataset\sub8\Falls\RXV_LCC_trial2.xlsx,sub8,sub9,Fall,Fall,0.00042232743,1.4933313e-08,0.9995777
sub8,Fall,2,LCC,3,1921,15.0,D:\00-FLagship Project\SFU-IMU Dataset\IMU Dataset\sub8\Falls\RXV_LCC_trial3.xlsx,sub8,sub9,Fall,Fall,0.00065885537,8.3536716e-10,0.9993411
sub8,Fall,2,slip,1,1921,15.0,D:\00-FLagship Project\SFU-IMU Dataset\IMU Dataset\sub8\Falls\RXV_slip_trial1.xlsx,sub8,sub9,Fall,Near_Fall,0.0011857203,0.95797414,0.040840074
sub8,Fall,2,slip,2,1921,15.0,D:\00-FLagship Project\SFU-IMU Dataset\IMU Dataset\sub8\Falls\RXV_slip_trial2.xlsx,sub8,sub9,Fall,Fall,0.00030874123,4.2800397e-07,0.9996908
sub8,Fall,2,slip,6,1922,15.00781,D:\00-FLagship Project\SFU-IMU Dataset\IMU Dataset\sub8\Falls\RXV_slip_trial6.xlsx,sub8,sub9,Fall,Fall,0.00311126,4.6062787e-08,0.9968887
sub8,Fall,2,trip,1,1921,15.0,D:\00-FLagship Project\SFU-IMU Dataset\IMU Dataset\sub8\Falls\RXV_trip_trial1.xlsx,sub8,sub9,Fall,Near_Fall,0.04258435,0.9359858,0.021429876
sub8,Fall,2,trip,3,1921,15.0,D:\00-FLagship Project\SFU-IMU Dataset\IMU Dataset\sub8\Falls\RXV_trip_trial3.xlsx,sub8,sub9,Fall,Near_Fall,0.0077758343,0.98600984,0.0062143127
sub8,Fall,2,trip,6,1921,15.0,D:\00-FLagship Project\SFU-IMU Dataset\IMU Dataset\sub8\Falls\RXV_trip_trial6.xlsx,sub8,sub9,Fall,Fall,1.2675309e-05,0.00087534613,0.99911207
sub8,Near_Fall,1,CS,2,1921,15.0,D:\00-FLagship Project\SFU-IMU Dataset\IMU Dataset\sub8\Near_Falls\RXV_CS_trial2.xlsx,sub8,sub9,Near_Fall,Near_Fall,0.26342633,0.71488583,0.021687903
sub8,Near_Fall,1,CS,3,1921,15.0,D:\00-FLagship Project\SFU-IMU Dataset\IMU Dataset\sub8\Near_Falls\RXV_CS_trial3.xlsx,sub8,sub9,Near_Fall,Near_Fall,0.08415614,0.88361484,0.032229066
sub8,Near_Fall,1,CS,5,1921,15.0,D:\00-FLagship Project\SFU-IMU Dataset\IMU Dataset\sub8\Near_Falls\RXV_CS_trial5.xlsx,sub8,sub9,Near_Fall,Near_Fall,0.17977385,0.7616992,0.058526922
sub8,Near_Fall,1,HB,1,1921,15.0,D:\00-FLagship Project\SFU-IMU Dataset\IMU Dataset\sub8\Near_Falls\RXV_HB_trial1.xlsx,sub8,sub9,Near_Fall,Near_Fall,0.018872725,0.88695467,0.09417264
sub8,Near_Fall,1,HB,4,1921,15.0,D:\00-FLagship Project\SFU-IMU Dataset\IMU Dataset\sub8\Near_Falls\RXV_HB_trial4.xlsx,sub8,sub9,Near_Fall,Near_Fall,0.44804487,0.5134399,0.038515177
sub8,Near_Fall,1,HB,6,1921,15.0,D:\00-FLagship Project\SFU-IMU Dataset\IMU Dataset\sub8\Near_Falls\RXV_HB_trial6.xlsx,sub8,sub9,Near_Fall,Near_Fall,0.48107293,0.48636085,0.03256614
sub8,Near_Fall,1,ITRS,2,1921,15.0,D:\00-FLagship Project\SFU-IMU Dataset\IMU Dataset\sub8\Near_Falls\RXV_ITRS_trial2.xlsx,sub8,sub9,Near_Fall,Near_Fall,0.3196175,0.6526206,0.027761893
sub8,Near_Fall,1,ITRS,5,1921,15.0,D:\00-FLagship Project\SFU-IMU Dataset\IMU Dataset\sub8\Near_Falls\RXV_ITRS_trial5.xlsx,sub8,sub9,Near_Fall,Near_Fall,0.12677824,0.8573163,0.015905388
sub8,Near_Fall,1,ITRS,6,1921,15.0,D:\00-FLagship Project\SFU-IMU Dataset\IMU Dataset\sub8\Near_Falls\RXV_ITRS_trial6.xlsx,sub8,sub9,Near_Fall,Near_Fall,0.32288763,0.6679493,0.00916306
sub8,Near_Fall,1,slip,3,1921,15.0,D:\00-FLagship Project\SFU-IMU Dataset\IMU Dataset\sub8\Near_Falls\RXV_slip_trial3.xlsx,sub8,sub9,Near_Fall,Near_Fall,0.00074308965,0.9909384,0.008318508
sub8,Near_Fall,1,slip,4,1921,15.0,D:\00-FLagship Project\SFU-IMU Dataset\IMU Dataset\sub8\Near_Falls\RXV_slip_trial4.xlsx,sub8,sub9,Near_Fall,Near_Fall,0.12810801,0.86234504,0.009546913
sub8,Near_Fall,1,slip,5,1921,15.0,D:\00-FLagship Project\SFU-IMU Dataset\IMU Dataset\sub8\Near_Falls\RXV_slip_trial5.xlsx,sub8,sub9,Near_Fall,Near_Fall,0.08080682,0.8967257,0.022467444
sub8,Near_Fall,1,trip,2,1921,15.0,D:\00-FLagship Project\SFU-IMU Dataset\IMU Dataset\sub8\Near_Falls\RXV_trip_trial2.xlsx,sub8,sub9,Near_Fall,Near_Fall,0.21609229,0.7764357,0.00747203
sub8,Near_Fall,1,trip,4,1921,15.0,D:\00-FLagship Project\SFU-IMU Dataset\IMU Dataset\sub8\Near_Falls\RXV_trip_trial4.xlsx,sub8,sub9,Near_Fall,Near_Fall,0.26993653,0.726256,0.003807433
sub8,Near_Fall,1,trip,5,1921,15.0,D:\00-FLagship Project\SFU-IMU Dataset\IMU Dataset\sub8\Near_Falls\RXV_trip_trial5.xlsx,sub8,sub9,Near_Fall,Near_Fall,0.23740192,0.75719887,0.0053992183
sub9,ADL,0,AS,1,2561,20.0,D:\00-FLagship Project\SFU-IMU Dataset\IMU Dataset\sub9\ADLs\SXT_AS_trial1.xlsx,sub9,sub10,ADL,ADL,0.9998349,0.00016494052,7.240713e-08
sub9,ADL,0,AS,2,2561,20.0,D:\00-FLagship Project\SFU-IMU Dataset\IMU Dataset\sub9\ADLs\SXT_AS_trial2.xlsx,sub9,sub10,ADL,ADL,0.999603,0.00039695663,1.6015014e-07
sub9,ADL,0,AS,3,2561,20.0,D:\00-FLagship Project\SFU-IMU Dataset\IMU Dataset\sub9\ADLs\SXT_AS_trial3.xlsx,sub9,sub10,ADL,ADL,0.99861205,0.0013865042,1.4074402e-06
sub9,ADL,0,DS,1,2562,20.00781,D:\00-FLagship Project\SFU-IMU Dataset\IMU Dataset\sub9\ADLs\SXT_DS_trial1.xlsx,sub9,sub10,ADL,ADL,0.9692077,0.030640993,0.00015138368
sub9,ADL,0,DS,2,2561,20.0,D:\00-FLagship Project\SFU-IMU Dataset\IMU Dataset\sub9\ADLs\SXT_DS_trial2.xlsx,sub9,sub10,ADL,ADL,0.950404,0.049344156,0.00025187124
sub9,ADL,0,DS,3,2561,20.0,D:\00-FLagship Project\SFU-IMU Dataset\IMU Dataset\sub9\ADLs\SXT_DS_trial3.xlsx,sub9,sub10,ADL,ADL,0.5373848,0.46007293,0.0025422827
sub9,ADL,0,DSL,1,1921,15.0,D:\00-FLagship Project\SFU-IMU Dataset\IMU Dataset\sub9\ADLs\SXT_DSL_trial1.xlsx,sub9,sub10,ADL,ADL,0.9973084,8.79437e-12,0.002691626
sub9,ADL,0,DSL,2,1921,15.0,D:\00-FLagship Project\SFU-IMU Dataset\IMU Dataset\sub9\ADLs\SXT_DSL_trial2.xlsx,sub9,sub10,ADL,ADL,0.9995578,8.965262e-12,0.00044224545
sub9,ADL,0,DSL,3,1921,15.0,D:\00-FLagship Project\SFU-IMU Dataset\IMU Dataset\sub9\ADLs\SXT_DSL_trial3.xlsx,sub9,sub10,ADL,ADL,0.552623,2.3817866e-11,0.4473771
sub9,ADL,0,DSS,1,1921,15.0,D:\00-FLagship Project\SFU-IMU Dataset\IMU Dataset\sub9\ADLs\SXT_DSS_trial1.xlsx,sub9,sub10,ADL,ADL,0.9856924,0.014303787,3.762554e-06
sub9,ADL,0,DSS,2,1921,15.0,D:\00-FLagship Project\SFU-IMU Dataset\IMU Dataset\sub9\ADLs\SXT_DSS_trial2.xlsx,sub9,sub10,ADL,ADL,0.57948077,0.4194917,0.001027471
sub9,ADL,0,DSS,3,1921,15.0,D:\00-FLagship Project\SFU-IMU Dataset\IMU Dataset\sub9\ADLs\SXT_DSS_trial3.xlsx,sub9,sub10,ADL,ADL,0.9427372,0.05704364,0.00021913901
sub9,ADL,0,NW,1,1921,15.0,D:\00-FLagship Project\SFU-IMU Dataset\IMU Dataset\sub9\ADLs\SXT_NW_trial1.xlsx,sub9,sub10,ADL,Near_Fall,0.4331625,0.5665816,0.00025587736
sub9,ADL,0,NW,2,1921,15.0,D:\00-FLagship Project\SFU-IMU Dataset\IMU Dataset\sub9\ADLs\SXT_NW_trial2.xlsx,sub9,sub10,ADL,Near_Fall,0.41371912,0.58601433,0.0002664912
sub9,ADL,0,NW,3,1921,15.0,D:\00-FLagship Project\SFU-IMU Dataset\IMU Dataset\sub9\ADLs\SXT_NW_trial3.xlsx,sub9,sub10,ADL,ADL,0.5415599,0.45812845,0.00031163753
sub9,ADL,0,POG,1,1921,15.0,D:\00-FLagship Project\SFU-IMU Dataset\IMU Dataset\sub9\ADLs\SXT_POG_trial1.xlsx,sub9,sub10,ADL,ADL,0.98224777,0.01775025,1.9502365e-06
sub9,ADL,0,POG,2,1921,15.0,D:\00-FLagship Project\SFU-IMU Dataset\IMU Dataset\sub9\ADLs\SXT_POG_trial2.xlsx,sub9,sub10,ADL,ADL,0.98355055,0.016446004,3.468062e-06
sub9,ADL,0,POG,3,1921,15.0,D:\00-FLagship Project\SFU-IMU Dataset\IMU Dataset\sub9\ADLs\SXT_POG_trial3.xlsx,sub9,sub10,ADL,ADL,0.9775099,0.022485452,4.6953905e-06
sub9,ADL,0,RSS,1,1921,15.0,D:\00-FLagship Project\SFU-IMU Dataset\IMU Dataset\sub9\ADLs\SXT_RSS_trial1.xlsx,sub9,sub10,ADL,ADL,0.9881257,0.011857746,1.656312e-05
sub9,ADL,0,RSS,2,1921,15.0,D:\00-FLagship Project\SFU-IMU Dataset\IMU Dataset\sub9\ADLs\SXT_RSS_trial2.xlsx,sub9,sub10,ADL,ADL,0.98794204,0.0120402295,1.7727389e-05
sub9,ADL,0,RSS,3,1921,15.0,D:\00-FLagship Project\SFU-IMU Dataset\IMU Dataset\sub9\ADLs\SXT_RSS_trial3.xlsx,sub9,sub10,ADL,ADL,0.9849407,0.015047468,1.18667285e-05
sub9,ADL,0,SQ,1,1921,15.0,D:\00-FLagship Project\SFU-IMU Dataset\IMU Dataset\sub9\ADLs\SXT_SQ_trial1.xlsx,sub9,sub10,ADL,ADL,0.9716889,0.028266294,4.4827826e-05
sub9,ADL,0,SQ,2,1921,15.0,D:\00-FLagship Project\SFU-IMU Dataset\IMU Dataset\sub9\ADLs\SXT_SQ_trial2.xlsx,sub9,sub10,ADL,ADL,0.97717345,0.022750285,7.63051e-05
sub9,ADL,0,SQ,3,1921,15.0,D:\00-FLagship Project\SFU-IMU Dataset\IMU Dataset\sub9\ADLs\SXT_SQ_trial3.xlsx,sub9,sub10,ADL,ADL,0.9744847,0.02545076,6.4459695e-05
sub9,Fall,2,CS,1,1921,15.0,D:\00-FLagship Project\SFU-IMU Dataset\IMU Dataset\sub9\Falls\SXT_CS_trial1.xlsx,sub9,sub10,Fall,Fall,1.1002161e-19,6.4573085e-09,1.0
sub9,Fall,2,CS,2,1921,15.0,D:\00-FLagship Project\SFU-IMU Dataset\IMU Dataset\sub9\Falls\SXT_CS_trial2.xlsx,sub9,sub10,Fall,Fall,1.7644848e-17,2.6052727e-10,1.0
sub9,Fall,2,CS,4,1921,15.0,D:\00-FLagship Project\SFU-IMU Dataset\IMU Dataset\sub9\Falls\SXT_CS_trial4.xlsx,sub9,sub10,Fall,Fall,1.1508429e-24,6.6679075e-12,1.0
sub9,Fall,2,HB,2,1922,15.007819999999999,D:\00-FLagship Project\SFU-IMU Dataset\IMU Dataset\sub9\Falls\SXT_HB_trial2.xlsx,sub9,sub10,Fall,Fall,9.205676e-26,5.534499e-14,1.0
sub9,Fall,2,HB,3,1921,15.0,D:\00-FLagship Project\SFU-IMU Dataset\IMU Dataset\sub9\Falls\SXT_HB_trial3.xlsx,sub9,sub10,Fall,Fall,1.9459929e-21,8.122601e-11,1.0
sub9,Fall,2,HB,6,1921,15.0,D:\00-FLagship Project\SFU-IMU Dataset\IMU Dataset\sub9\Falls\SXT_HB_trial6.xlsx,sub9,sub10,Fall,Fall,1.6474168e-19,1.4046352e-10,1.0
sub9,Fall,2,ITDS,1,1921,15.0,D:\00-FLagship Project\SFU-IMU Dataset\IMU Dataset\sub9\Falls\SXT_ITDS_trial1.xlsx,sub9,sub10,Fall,Fall,9.716338e-09,2.3132206e-14,1.0
sub9,Fall,2,ITDS,2,1921,15.0,D:\00-FLagship Project\SFU-IMU Dataset\IMU Dataset\sub9\Falls\SXT_ITDS_trial2.xlsx,sub9,sub10,Fall,Fall,1.0021659e-29,3.6893543e-13,1.0
sub9,Fall,2,ITDS,3,1921,15.0,D:\00-FLagship Project\SFU-IMU Dataset\IMU Dataset\sub9\Falls\SXT_ITDS_trial3.xlsx,sub9,sub10,Fall,Fall,5.6800503e-10,3.856463e-08,1.0
sub9,Fall,2,ITRS,1,1921,15.0,D:\00-FLagship Project\SFU-IMU Dataset\IMU Dataset\sub9\Falls\SXT_ITRS_trial1.xlsx,sub9,sub10,Fall,Fall,3.4136196e-20,6.967963e-14,1.0
sub9,Fall,2,ITRS,2,1921,15.0,D:\00-FLagship Project\SFU-IMU Dataset\IMU Dataset\sub9\Falls\SXT_ITRS_trial2.xlsx,sub9,sub10,Fall,Fall,1.6914102e-22,3.772977e-10,1.0
sub9,Fall,2,ITRS,4,1921,15.0,D:\00-FLagship Project\SFU-IMU Dataset\IMU Dataset\sub9\Falls\SXT_ITRS_trial4.xlsx,sub9,sub10,Fall,Fall,3.64248e-09,4.4764686e-08,1.0
sub9,Fall,2,LCC,1,1921,15.0,D:\00-FLagship Project\SFU-IMU Dataset\IMU Dataset\sub9\Falls\SXT_LCC_trial1.xlsx,sub9,sub10,Fall,Fall,6.0155523e-18,4.5442176e-14,1.0
sub9,Fall,2,LCC,2,1921,15.0,D:\00-FLagship Project\SFU-IMU Dataset\IMU Dataset\sub9\Falls\SXT_LCC_trial2.xlsx,sub9,sub10,Fall,Fall,1.3016854e-16,2.015926e-11,1.0
sub9,Fall,2,LCC,3,1922,15.00781,D:\00-FLagship Project\SFU-IMU Dataset\IMU Dataset\sub9\Falls\SXT_LCC_trial3.xlsx,sub9,sub10,Fall,Fall,4.243671e-27,3.1711514e-15,1.0
sub9,Fall,2,slip,1,1921,15.0,D:\00-FLagship Project\SFU-IMU Dataset\IMU Dataset\sub9\Falls\SXT_slip_trial1.xlsx,sub9,sub10,Fall,Fall,4.8495293e-14,1.029609e-06,0.9999989
sub9,Fall,2,slip,2,1921,15.0,D:\00-FLagship Project\SFU-IMU Dataset\IMU Dataset\sub9\Falls\SXT_slip_trial2.xlsx,sub9,sub10,Fall,Fall,7.203772e-17,8.141376e-13,1.0
sub9,Fall,2,slip,4,1921,15.0,D:\00-FLagship Project\SFU-IMU Dataset\IMU Dataset\sub9\Falls\SXT_slip_trial4.xlsx,sub9,sub10,Fall,Fall,3.0465724e-16,1.508634e-13,1.0
sub9,Fall,2,trip,1,1921,15.0,D:\00-FLagship Project\SFU-IMU Dataset\IMU Dataset\sub9\Falls\SXT_trip_trial1.xlsx,sub9,sub10,Fall,Fall,4.1483342e-30,4.8438775e-10,1.0
sub9,Fall,2,trip,2,1921,15.0,D:\00-FLagship Project\SFU-IMU Dataset\IMU Dataset\sub9\Falls\SXT_trip_trial2.xlsx,sub9,sub10,Fall,Fall,8.257405e-31,1.4503728e-11,1.0
sub9,Fall,2,trip,4,1921,15.0,D:\00-FLagship Project\SFU-IMU Dataset\IMU Dataset\sub9\Falls\SXT_trip_trial4.xlsx,sub9,sub10,Fall,Fall,3.2611953e-13,2.5699123e-09,1.0
sub9,Near_Fall,1,CS,3,1921,15.0,D:\00-FLagship Project\SFU-IMU Dataset\IMU Dataset\sub9\Near_Falls\SXT_CS_trial3.xlsx,sub9,sub10,Near_Fall,Fall,2.8499257e-11,0.44536608,0.5546339
sub9,Near_Fall,1,CS,5,1921,15.0,D:\00-FLagship Project\SFU-IMU Dataset\IMU Dataset\sub9\Near_Falls\SXT_CS_trial5.xlsx,sub9,sub10,Near_Fall,Fall,4.521313e-17,0.111338735,0.88866127
sub9,Near_Fall,1,CS,6,1921,15.0,D:\00-FLagship Project\SFU-IMU Dataset\IMU Dataset\sub9\Near_Falls\SXT_CS_trial6.xlsx,sub9,sub10,Near_Fall,Fall,1.5840033e-14,0.022525959,0.97747403
sub9,Near_Fall,1,HB,1,1921,15.0,D:\00-FLagship Project\SFU-IMU Dataset\IMU Dataset\sub9\Near_Falls\SXT_HB_trial1.xlsx,sub9,sub10,Near_Fall,Fall,1.17307e-09,0.37626868,0.6237313
sub9,Near_Fall,1,HB,4,1921,15.0,D:\00-FLagship Project\SFU-IMU Dataset\IMU Dataset\sub9\Near_Falls\SXT_HB_trial4.xlsx,sub9,sub10,Near_Fall,Near_Fall,8.3612614e-14,0.56198424,0.43801573
sub9,Near_Fall,1,HB,5,1921,15.0,D:\00-FLagship Project\SFU-IMU Dataset\IMU Dataset\sub9\Near_Falls\SXT_HB_trial5.xlsx,sub9,sub10,Near_Fall,Near_Fall,3.885836e-07,0.9529881,0.04701148
sub9,Near_Fall,1,ITRS,3,1921,15.0,D:\00-FLagship Project\SFU-IMU Dataset\IMU Dataset\sub9\Near_Falls\SXT_ITRS_trial3.xlsx,sub9,sub10,Near_Fall,Near_Fall,7.921185e-06,0.94295764,0.057034414
sub9,Near_Fall,1,ITRS,5,1921,15.0,D:\00-FLagship Project\SFU-IMU Dataset\IMU Dataset\sub9\Near_Falls\SXT_ITRS_trial5.xlsx,sub9,sub10,Near_Fall,Near_Fall,9.0350693e-07,0.8485066,0.15149252
sub9,Near_Fall,1,ITRS,6,1922,15.007819999999999,D:\00-FLagship Project\SFU-IMU Dataset\IMU Dataset\sub9\Near_Falls\SXT_ITRS_trial6.xlsx,sub9,sub10,Near_Fall,Near_Fall,9.54539e-09,0.8171056,0.18289436
sub9,Near_Fall,1,slip,3,1921,15.0,D:\00-FLagship Project\SFU-IMU Dataset\IMU Dataset\sub9\Near_Falls\SXT_slip_trial3.xlsx,sub9,sub10,Near_Fall,Near_Fall,2.7408573e-19,0.9413021,0.058697805
sub9,Near_Fall,1,slip,5,1921,15.0,D:\00-FLagship Project\SFU-IMU Dataset\IMU Dataset\sub9\Near_Falls\SXT_slip_trial5.xlsx,sub9,sub10,Near_Fall,Near_Fall,1.2988408e-08,0.6860919,0.31390816
sub9,Near_Fall,1,slip,6,1921,15.0,D:\00-FLagship Project\SFU-IMU Dataset\IMU Dataset\sub9\Near_Falls\SXT_slip_trial6.xlsx,sub9,sub10,Near_Fall,Near_Fall,1.1963927e-07,0.696252,0.30374792
sub9,Near_Fall,1,trip,3,1921,15.0,D:\00-FLagship Project\SFU-IMU Dataset\IMU Dataset\sub9\Near_Falls\SXT_trip_trial3.xlsx,sub9,sub10,Near_Fall,Near_Fall,2.457875e-12,0.96458745,0.035412602
sub9,Near_Fall,1,trip,5,1921,15.0,D:\00-FLagship Project\SFU-IMU Dataset\IMU Dataset\sub9\Near_Falls\SXT_trip_trial5.xlsx,sub9,sub10,Near_Fall,Near_Fall,6.393925e-14,0.5262384,0.4737616
sub9,Near_Fall,1,trip,6,1921,15.0,D:\00-FLagship Project\SFU-IMU Dataset\IMU Dataset\sub9\Near_Falls\SXT_trip_trial6.xlsx,sub9,sub10,Near_Fall,Near_Fall,3.5608927e-10,0.9785083,0.02149162
sub10,ADL,0,AS,1,2561,20.0,D:\00-FLagship Project\SFU-IMU Dataset\IMU Dataset\sub10\ADLs\VXM_AS_trial1.xlsx,sub10,sub1,ADL,ADL,0.9770009,0.018152604,0.0048464616
sub10,ADL,0,AS,2,2561,20.0,D:\00-FLagship Project\SFU-IMU Dataset\IMU Dataset\sub10\ADLs\VXM_AS_trial2.xlsx,sub10,sub1,ADL,ADL,0.9743444,0.022667192,0.002988455
sub10,ADL,0,AS,3,2561,20.0,D:\00-FLagship Project\SFU-IMU Dataset\IMU Dataset\sub10\ADLs\VXM_AS_trial3.xlsx,sub10,sub1,ADL,ADL,0.97908,0.017667048,0.0032528702
sub10,ADL,0,DS,1,2561,20.0,D:\00-FLagship Project\SFU-IMU Dataset\IMU Dataset\sub10\ADLs\VXM_DS_trial1.xlsx,sub10,sub1,ADL,ADL,0.7859256,0.18937092,0.024703456
sub10,ADL,0,DS,2,2561,20.0,D:\00-FLagship Project\SFU-IMU Dataset\IMU Dataset\sub10\ADLs\VXM_DS_trial2.xlsx,sub10,sub1,ADL,ADL,0.8835545,0.08304417,0.03340125
sub10,ADL,0,DS,3,2561,20.0,D:\00-FLagship Project\SFU-IMU Dataset\IMU Dataset\sub10\ADLs\VXM_DS_trial3.xlsx,sub10,sub1,ADL,ADL,0.7151882,0.24958846,0.035223246
sub10,ADL,0,DSL,1,1921,15.0,D:\00-FLagship Project\SFU-IMU Dataset\IMU Dataset\sub10\ADLs\VXM_DSL_trial1.xlsx,sub10,sub1,ADL,ADL,0.83320725,2.0312131e-14,0.1667928
sub10,ADL,0,DSL,2,1921,15.0,D:\00-FLagship Project\SFU-IMU Dataset\IMU Dataset\sub10\ADLs\VXM_DSL_trial2.xlsx,sub10,sub1,ADL,ADL,0.81942147,1.4997265e-10,0.18057849
sub10,ADL,0,DSL,3,1921,15.0,D:\00-FLagship Project\SFU-IMU Dataset\IMU Dataset\sub10\ADLs\VXM_DSL_trial3.xlsx,sub10,sub1,ADL,Fall,0.05899007,1.2958801e-16,0.94101
sub10,ADL,0,DSS,1,1921,15.0,D:\00-FLagship Project\SFU-IMU Dataset\IMU Dataset\sub10\ADLs\VXM_DSS_trial1.xlsx,sub10,sub1,ADL,ADL,0.9859907,0.012797146,0.0012120717
sub10,ADL,0,DSS,2,1921,15.0,D:\00-FLagship Project\SFU-IMU Dataset\IMU Dataset\sub10\ADLs\VXM_DSS_trial2.xlsx,sub10,sub1,ADL,ADL,0.9740545,0.024187166,0.0017583809
sub10,ADL,0,DSS,3,1921,15.0,D:\00-FLagship Project\SFU-IMU Dataset\IMU Dataset\sub10\ADLs\VXM_DSS_trial3.xlsx,sub10,sub1,ADL,ADL,0.94548994,0.051212523,0.003297482
sub10,ADL,0,NW,1,1921,15.0,D:\00-FLagship Project\SFU-IMU Dataset\IMU Dataset\sub10\ADLs\VXM_NW_trial1.xlsx,sub10,sub1,ADL,ADL,0.96226394,0.0343889,0.0033471514
sub10,ADL,0,NW,2,1921,15.0,D:\00-FLagship Project\SFU-IMU Dataset\IMU Dataset\sub10\ADLs\VXM_NW_trial2.xlsx,sub10,sub1,ADL,ADL,0.96407473,0.032238692,0.003686673
sub10,ADL,0,NW,3,1921,15.0,D:\00-FLagship Project\SFU-IMU Dataset\IMU Dataset\sub10\ADLs\VXM_NW_trial3.xlsx,sub10,sub1,ADL,ADL,0.9686744,0.028904235,0.002421425
sub10,ADL,0,POG,1,1921,15.0,D:\00-FLagship Project\SFU-IMU Dataset\IMU Dataset\sub10\ADLs\VXM_POG_trial1.xlsx,sub10,sub1,ADL,ADL,0.97511476,0.022983205,0.0019020651
sub10,ADL,0,POG,2,1921,15.0,D:\00-FLagship Project\SFU-IMU Dataset\IMU Dataset\sub10\ADLs\VXM_POG_trial2.xlsx,sub10,sub1,ADL,ADL,0.9801317,0.018518314,0.0013499828
sub10,ADL,0,POG,3,1921,15.0,D:\00-FLagship Project\SFU-IMU Dataset\IMU Dataset\sub10\ADLs\VXM_POG_trial3.xlsx,sub10,sub1,ADL,ADL,0.98421997,0.014367797,0.0014122301
sub10,ADL,0,RSS,1,1921,15.0,D:\00-FLagship Project\SFU-IMU Dataset\IMU Dataset\sub10\ADLs\VXM_RSS_trial1.xlsx,sub10,sub1,ADL,ADL,0.9793362,0.018855369,0.0018083688
sub10,ADL,0,RSS,2,1921,15.0,D:\00-FLagship Project\SFU-IMU Dataset\IMU Dataset\sub10\ADLs\VXM_RSS_trial2.xlsx,sub10,sub1,ADL,ADL,0.98300076,0.014578884,0.0024204531
sub10,ADL,0,RSS,3,1921,15.0,D:\00-FLagship Project\SFU-IMU Dataset\IMU Dataset\sub10\ADLs\VXM_RSS_trial3.xlsx,sub10,sub1,ADL,ADL,0.98153955,0.016236058,0.0022244407
sub10,ADL,0,SQ,1,1921,15.0,D:\00-FLagship Project\SFU-IMU Dataset\IMU Dataset\sub10\ADLs\VXM_SQ_trial1.xlsx,sub10,sub1,ADL,ADL,0.9697963,0.025732588,0.00447121
sub10,ADL,0,SQ,2,1921,15.0,D:\00-FLagship Project\SFU-IMU Dataset\IMU Dataset\sub10\ADLs\VXM_SQ_trial2.xlsx,sub10,sub1,ADL,ADL,0.97630125,0.020377364,0.0033213648
sub10,ADL,0,SQ,3,1921,15.0,D:\00-FLagship Project\SFU-IMU Dataset\IMU Dataset\sub10\ADLs\VXM_SQ_trial3.xlsx,sub10,sub1,ADL,ADL,0.9758304,0.020610565,0.003559034
sub10,Fall,2,CS,2,1921,15.0,D:\00-FLagship Project\SFU-IMU Dataset\IMU Dataset\sub10\Falls\VXM_CS_trial2.xlsx,sub10,sub1,Fall,Fall,0.0012803203,0.050496075,0.9482236
sub10,Fall,2,CS,3,1921,15.0,D:\00-FLagship Project\SFU-IMU Dataset\IMU Dataset\sub10\Falls\VXM_CS_trial3.xlsx,sub10,sub1,Fall,Fall,0.0031875058,0.0020387755,0.9947738
sub10,Fall,2,CS,4,1921,15.0,D:\00-FLagship Project\SFU-IMU Dataset\IMU Dataset\sub10\Falls\VXM_CS_trial4.xlsx,sub10,sub1,Fall,Fall,0.00033954115,0.0018803542,0.99778
sub10,Fall,2,HB,2,1921,15.0,D:\00-FLagship Project\SFU-IMU Dataset\IMU Dataset\sub10\Falls\VXM_HB_trial2.xlsx,sub10,sub1,Fall,Fall,7.370617e-05,1.5607069e-09,0.9999263
sub10,Fall,2,HB,3,1921,15.0,D:\00-FLagship Project\SFU-IMU Dataset\IMU Dataset\sub10\Falls\VXM_HB_trial3.xlsx,sub10,sub1,Fall,Fall,0.043788996,5.7809584e-09,0.95621103
sub10,Fall,2,HB,5,1921,15.0,D:\00-FLagship Project\SFU-IMU Dataset\IMU Dataset\sub10\Falls\VXM_HB_trial5.xlsx,sub10,sub1,Fall,Fall,0.04533599,2.4769122e-09,0.95466405
sub10,Fall,2,ITDS,1,1921,15.0,D:\00-FLagship Project\SFU-IMU Dataset\IMU Dataset\sub10\Falls\VXM_ITDS_trial1.xlsx,sub10,sub1,Fall,Fall,0.41034386,4.4090703e-10,0.5896561
sub10,Fall,2,ITDS,2,1921,15.0,D:\00-FLagship Project\SFU-IMU Dataset\IMU Dataset\sub10\Falls\VXM_ITDS_trial2.xlsx,sub10,sub1,Fall,Fall,0.0007474272,1.2722934e-09,0.9992525
sub10,Fall,2,ITDS,3,1921,15.0,D:\00-FLagship Project\SFU-IMU Dataset\IMU Dataset\sub10\Falls\VXM_ITDS_trial3.xlsx,sub10,sub1,Fall,Fall,0.0068506743,4.2552561e-10,0.99314934
sub10,Fall,2,ITRS,1,1921,15.0,D:\00-FLagship Project\SFU-IMU Dataset\IMU Dataset\sub10\Falls\VXM_ITRS_trial1.xlsx,sub10,sub1,Fall,Fall,0.0078953905,1.4333564e-10,0.99210465
sub10,Fall,2,ITRS,2,1921,15.0,D:\00-FLagship Project\SFU-IMU Dataset\IMU Dataset\sub10\Falls\VXM_ITRS_trial2.xlsx,sub10,sub1,Fall,Fall,1.6005906e-05,6.7177652e-12,0.999984
sub10,Fall,2,ITRS,4,1921,15.0,D:\00-FLagship Project\SFU-IMU Dataset\IMU Dataset\sub10\Falls\VXM_ITRS_trial4.xlsx,sub10,sub1,Fall,Fall,0.005132458,1.0702725e-08,0.99486756
sub10,Fall,2,LCC,1,1921,15.0,D:\00-FLagship Project\SFU-IMU Dataset\IMU Dataset\sub10\Falls\VXM_LCC_trial1.xlsx,sub10,sub1,Fall,Fall,1.4966858e-05,6.880569e-12,0.999985
sub10,Fall,2,LCC,2,1921,15.0,D:\00-FLagship Project\SFU-IMU Dataset\IMU Dataset\sub10\Falls\VXM_LCC_trial2.xlsx,sub10,sub1,Fall,Fall,0.0067872433,5.9151898e-08,0.9932127
sub10,Fall,2,LCC,3,1921,15.0,D:\00-FLagship Project\SFU-IMU Dataset\IMU Dataset\sub10\Falls\VXM_LCC_trial3.xlsx,sub10,sub1,Fall,Fall,0.0019982564,1.2521559e-09,0.99800175
sub10,Fall,2,slip,1,1921,15.0,D:\00-FLagship Project\SFU-IMU Dataset\IMU Dataset\sub10\Falls\VXM_slip_trial1.xlsx,sub10,sub1,Fall,Fall,0.00011381817,0.0027560838,0.9971301
sub10,Fall,2,slip,2,1921,15.0,D:\00-FLagship Project\SFU-IMU Dataset\IMU Dataset\sub10\Falls\VXM_slip_trial2.xlsx,sub10,sub1,Fall,Fall,0.011399161,3.6919966e-05,0.988564
sub10,Fall,2,slip,5,1921,15.0,D:\00-FLagship Project\SFU-IMU Dataset\IMU Dataset\sub10\Falls\VXM_slip_trial5.xlsx,sub10,sub1,Fall,Fall,6.0282244e-05,0.00016792213,0.9997718
sub10,Fall,2,trip,1,1921,15.0,D:\00-FLagship Project\SFU-IMU Dataset\IMU Dataset\sub10\Falls\VXM_trip_trial1.xlsx,sub10,sub1,Fall,Fall,2.3813597e-07,0.012632342,0.9873674
sub10,Fall,2,trip,4,1921,15.0,D:\00-FLagship Project\SFU-IMU Dataset\IMU Dataset\sub10\Falls\VXM_trip_trial4.xlsx,sub10,sub1,Fall,Fall,7.847936e-05,1.7629468e-06,0.9999198
sub10,Fall,2,trip,5,1921,15.0,D:\00-FLagship Project\SFU-IMU Dataset\IMU Dataset\sub10\Falls\VXM_trip_trial5.xlsx,sub10,sub1,Fall,Fall,2.1036339e-08,8.64575e-06,0.9999913
sub10,Near_Fall,1,CS,1,1921,15.0,D:\00-FLagship Project\SFU-IMU Dataset\IMU Dataset\sub10\Near_Falls\VXM_CS_trial1.xlsx,sub10,sub1,Near_Fall,Near_Fall,0.4386956,0.54265064,0.01865372
sub10,Near_Fall,1,CS,5,1921,15.0,D:\00-FLagship Project\SFU-IMU Dataset\IMU Dataset\sub10\Near_Falls\VXM_CS_trial5.xlsx,sub10,sub1,Near_Fall,Near_Fall,0.064538896,0.9154932,0.019967996
sub10,Near_Fall,1,CS,6,1921,15.0,D:\00-FLagship Project\SFU-IMU Dataset\IMU Dataset\sub10\Near_Falls\VXM_CS_trial6.xlsx,sub10,sub1,Near_Fall,Near_Fall,0.003183438,0.9759915,0.020825054
sub10,Near_Fall,1,HB,1,1921,15.0,D:\00-FLagship Project\SFU-IMU Dataset\IMU Dataset\sub10\Near_Falls\VXM_HB_trial1.xlsx,sub10,sub1,Near_Fall,Near_Fall,0.055549473,0.91551805,0.028932488
sub10,Near_Fall,1,HB,4,1921,15.0,D:\00-FLagship Project\SFU-IMU Dataset\IMU Dataset\sub10\Near_Falls\VXM_HB_trial4.xlsx,sub10,sub1,Near_Fall,Near_Fall,0.14581665,0.8408781,0.013305201
sub10,Near_Fall,1,HB,6,1921,15.0,D:\00-FLagship Project\SFU-IMU Dataset\IMU Dataset\sub10\Near_Falls\VXM_HB_trial6.xlsx,sub10,sub1,Near_Fall,ADL,0.55908173,0.4216662,0.019252077
sub10,Near_Fall,1,ITRS,3,1921,15.0,D:\00-FLagship Project\SFU-IMU Dataset\IMU Dataset\sub10\Near_Falls\VXM_ITRS_trial3.xlsx,sub10,sub1,Near_Fall,Near_Fall,0.35740352,0.6181825,0.02441392
sub10,Near_Fall,1,ITRS,5,1921,15.0,D:\00-FLagship Project\SFU-IMU Dataset\IMU Dataset\sub10\Near_Falls\VXM_ITRS_trial5.xlsx,sub10,sub1,Near_Fall,Near_Fall,0.4244011,0.55530125,0.020297704
sub10,Near_Fall,1,ITRS,6,1921,15.0,D:\00-FLagship Project\SFU-IMU Dataset\IMU Dataset\sub10\Near_Falls\VXM_ITRS_trial6.xlsx,sub10,sub1,Near_Fall,Near_Fall,0.1763361,0.79849815,0.025165787
sub10,Near_Fall,1,slip,3,1921,15.0,D:\00-FLagship Project\SFU-IMU Dataset\IMU Dataset\sub10\Near_Falls\VXM_slip_trial3.xlsx,sub10,sub1,Near_Fall,Near_Fall,0.2848661,0.67418116,0.040952727
sub10,Near_Fall,1,slip,4,1921,15.0,D:\00-FLagship Project\SFU-IMU Dataset\IMU Dataset\sub10\Near_Falls\VXM_slip_trial4.xlsx,sub10,sub1,Near_Fall,Near_Fall,0.44155857,0.53353965,0.02490176
sub10,Near_Fall,1,slip,6,1921,15.0,D:\00-FLagship Project\SFU-IMU Dataset\IMU Dataset\sub10\Near_Falls\VXM_slip_trial6.xlsx,sub10,sub1,Near_Fall,Near_Fall,0.0005524502,0.9514933,0.047954176
sub10,Near_Fall,1,trip,2,1921,15.0,D:\00-FLagship Project\SFU-IMU Dataset\IMU Dataset\sub10\Near_Falls\VXM_trip_trial2.xlsx,sub10,sub1,Near_Fall,Near_Fall,0.08237052,0.90116346,0.016466038
sub10,Near_Fall,1,trip,3,1921,15.0,D:\00-FLagship Project\SFU-IMU Dataset\IMU Dataset\sub10\Near_Falls\VXM_trip_trial3.xlsx,sub10,sub1,Near_Fall,Near_Fall,0.36148682,0.6158873,0.022625882
sub10,Near_Fall,1,trip,6,1921,15.0,D:\00-FLagship Project\SFU-IMU Dataset\IMU Dataset\sub10\Near_Falls\VXM_trip_trial6.xlsx,sub10,sub1,Near_Fall,Near_Fall,0.0040069697,0.9671295,0.028863462
